question,response,doc,q_uid,answers,dataset,prompt_type,em_score,f1_score,is_empty,is_correct,is_partial,is_wrong
who determines the size of the supreme court,"Congress determines the size of the Supreme Court through federal statute. The U.S. Constitution (Article III) does not specify the number of justices. The Judiciary Act of 1789 initially set the size at six, and Congress has changed it several times since then (to 5, 6, 7, 9, 10, and back to 9). Since 1869, the Circuit Judges Act has set the number",Supreme Court of the United States,-8377155967940203923,"{'short_answer': 'Congress added', 'long_answer': ""Article III of the United States Constitution does not specify the number of justices. The Judiciary Act of 1789 called for the appointment of six `` judges ''. Although an 1801 act would have reduced the size of the court to five members upon its next vacancy, an 1802 act promptly negated the 1801 act, legally restoring the court 's size to six members before any such vacancy occurred. As the nation 's boundaries grew, Congress added justices to correspond with the growing number of judicial circuits: seven in 1807, nine in 1837, and ten in 1863.""}",nq,fewshot,0.0,0.36231884057971014,False,False,True,False
where is the supreme court of the united states located,"Washington, D.C., United States",Supreme Court of the United States,-1986245258191974330,"{'short_answer': 'Washington, D.C.,', 'long_answer': ""Supreme Court of the United States Established March 4, 1789 ( 228 years ago ) ( 1789 - 03 - 04 ) Country United States Location Washington, D.C., United States Coordinates 38 ° 53 ′ 26 '' N 77 ° 00 ′ 16 '' W \ufeff / \ufeff 38.89056 ° N 77.00444 ° W \ufeff / 38.89056; - 77.00444 Coordinates: 38 ° 53 ′ 26 '' N 77 ° 00 ′ 16 '' W \ufeff / \ufeff 38.89056 ° N 77.00444 ° W \ufeff / 38.89056; - 77.00444 Composition method Presidential nomination with Senate confirmation Authorized by United States Constitution Judge term length Life tenure No. of positions 9, by statute Website www.supremecourt.gov Chief Justice of the United States Currently John G. Roberts Since September 29, 2005""}",nq,fewshot,0.0,0.6666666666666666,False,False,True,False
who is the supreme court made up of,"The Supreme Court is made up of the Chief Justice of the United States and eight associate justices, totaling nine positions by statute. As of the context provided (following Neil Gorsuch's 2017 confirmation), the Court consists of six men and three women, with five justices appointed by Republican presidents and four by Democratic presidents. The justices include one African-American (Justice Thomas), one Hispanic (Justice Sotomayor), at least five Roman Catholics, three Jewish justices, and all have Ivy League backgrounds.",Supreme Court of the United States,-8295623681645206109,"{'short_answer': 'John Roberts (', 'long_answer': ""Name Birth Appointed by Senate confirmation vote Age at appointment Current age First day / Length of service Previous positions Succeeded Roberts, John John Roberts ( Chief Justice ) 000000001955 - 01 - 27 - 0000 January 27, 1955 Buffalo, New York Bush, George W. George W. Bush 78 -- 22 50 7001630000000000000 ♠ 63 000000002005 - 09 - 29 - 0000 September 29, 2005 12 years, 6 months Circuit Judge, Court of Appeals for the D.C. Circuit ( 2003 -- 2005 ); Principal Deputy Solicitor General ( 1989 -- 1993 ); Associate Counsel to the President ( 1982 -- 1986 ) William Rehnquist Kennedy, Anthony Anthony Kennedy 000000001936 - 07 - 23 - 0000 July 23, 1936 Sacramento, California Reagan, Ronald Ronald Reagan 97 -- 0 51 7001810000000000000 ♠ 81 000000001988 - 02 - 18 - 0000 February 18, 1988 30 years, 1 month Circuit Judge, Court of Appeals for the Ninth Circuit ( 1975 -- 1988 ); Private practice ( 1963 -- 1975 ) Lewis Powell Thomas, Clarence Clarence Thomas 000000001948 - 06 - 23 - 0000 June 23, 1948 Pin Point, Georgia Bush, George H.W. George H.W. Bush 52 -- 48 43 7001690000000000000 ♠ 69 000000001991 - 10 - 23 - 0000 October 23, 1991 26 years, 5 months Circuit Judge, Court of Appeals for the D.C. Circuit ( 1990 -- 1991 ); Chairman, Equal Employment Opportunity Commission ( 1982 -- 1990 ); Assistant Attorney General in Missouri under State Attorney General John Danforth ( 1974 -- 1977 ) Thurgood Marshall Ginsburg, Ruth Bader Ruth Bader Ginsburg 000000001933 - 03 - 15 - 0000 March 15, 1933 Brooklyn, New York Clinton, Bill Bill Clinton 96 -- 3 60 7001850000000000000 ♠ 85 000000001993 - 08 - 10 - 0000 August 10, 1993 24 years, 7 months Circuit Judge, Court of Appeals for the D.C. Circuit ( 1980 -- 1993 ); General Counsel, American Civil Liberties Union ( 1973 -- 1980 ) Byron White Breyer, Stephen Stephen Breyer 000000001938 - 08 - 15 - 0000 August 15, 1938 San Francisco, California 87 -- 9 55 7001790000000000000 ♠ 79 000000001994 - 08 - 03 - 0000 August 3, 1994 23 years, 8 months Chief Judge, Court of Appeals for the First Circuit ( 1990 -- 1994 ); Circuit Judge, Court of Appeals for the First Circuit ( 1980 -- 1990 ) Harry Blackmun Alito, Samuel Samuel Alito 000000001950 - 04 - 01 - 0000 April 1, 1950 Trenton, New Jersey George W. Bush 58 -- 42 55 7001680000000000000 ♠ 68 000000002006 - 01 - 31 - 0000 January 31, 2006 12 years, 2 months Circuit Judge, Court of Appeals for the Third Circuit ( 1990 -- 2006 ); U.S. Attorney for the District of New Jersey ( 1987 -- 1990 ); Deputy Assistant Attorney General ( 1985 -- 1987 ); Assistant to the Solicitor General ( 1981 -- 1985 ) Sandra Day O'Connor Sotomayor, Sonia Sonia Sotomayor 000000001954 - 06 - 25 - 0000 June 25, 1954 The Bronx, New York Obama, Barack Barack Obama 68 -- 31 55 7001630000000000000 ♠ 63 000000002009 - 08 - 08 - 0000 August 8, 2009 8 years, 7 months Circuit Judge, Court of Appeals for the Second Circuit ( 1998 -- 2009 ); District Judge, District Court for the Southern District of New York ( 1992 -- 1998 ) David Souter Kagan, Elena Elena Kagan 000000001960 - 04 - 28 - 0000 April 28, 1960 Manhattan, New York 63 -- 37 50 7001570000000000000 ♠ 57 000000002010 - 08 - 07 - 0000 August 7, 2010 7 years, 8 months Solicitor General of the United States ( 2009 -- 2010 ); Dean of Harvard Law School ( 2003 -- 2009 ); Associate White House Counsel ( 1995 -- 1999 ); Deputy Director of the Domestic Policy Council ( 1995 -- 1999 ); John Paul Stevens Gorsuch, Neil Neil Gorsuch 000000001967 - 08 - 29 - 0000 August 29, 1967 Denver, Colorado Trump, Donald Donald Trump 54 -- 45 49 7001500000000000000 ♠ 50 000000002017 - 04 - 10 - 0000 April 10, 2017 11 months and 26 days Circuit Judge, Court of Appeals for the Tenth Circuit ( 2006 -- 2017 ); Principal Deputy Associate Attorney General and Acting Associate Attorney General ( 2005 -- 2006 ); Antonin Scalia""}",nq,fewshot,0.0,0.06951026856240126,False,False,False,True
what is the highest court in the united states,The Supreme Court of the United States,Supreme Court of the United States,3785127548796555411,"{'short_answer': 'The Supreme Court of the United States (', 'long_answer': 'The Supreme Court of the United States ( sometimes colloquially referred to by the acronym SCOTUS ) is the highest federal court of the United States. Established pursuant to Article Three of the United States Constitution in 1789, it has ultimate ( and largely discretionary ) appellate jurisdiction over all federal courts and state court cases involving issues of federal law plus original jurisdiction over a small range of cases. In the legal system of the United States, the Supreme Court is generally the final interpreter of federal law including the United States Constitution, but it may act only within the context of a case in which it has jurisdiction. The Court may decide cases having political overtones but does not have power to decide nonjusticiable political questions, and its enforcement arm is in the executive rather than judicial branch of government.'}",nq,fewshot,1.0,1.0,False,True,False,False
how long has the supreme court has 9 justices,"Since 1869, when the Circuit Judges Act returned the number of justices to nine, where it has since remained.",Supreme Court of the United States,-824653642806880036,"{'short_answer': '', 'long_answer': 'In 1866, at the behest of Chief Justice Chase, Congress passed an act providing that the next three justices to retire would not be replaced, which would thin the bench to seven justices by attrition. Consequently, one seat was removed in 1866 and a second in 1867. In 1869, however, the Circuit Judges Act returned the number of justices to nine, where it has since remained.'}",nq,fewshot,0.0,0.39473684210526316,False,False,True,False
ages of the judges on the supreme court,"Based on the provided context, here are the current ages of the Supreme Court justices:

**Current Justices and Ages:**
- John Roberts (Chief Justice): 69 years old (born January 27, 1955)
- Anthony Kennedy: 87 years old (born July 23, 1936)
- Clarence Thomas: 75 years old (born June 23, 1948)
- Ruth Bader Ginsburg: 91 years old (born March 15, 1933)
- Stephen Breyer: 85 years old (born August 15, 1938)
- Samuel Alito: 74 years old (born April 1, 1950)
- Sonia Sotomayor: 69 years old (born June 25, 1",Supreme Court of the United States,2538907278819984497,"{'short_answer': '', 'long_answer': ""Name Birth Appointed by Senate confirmation vote Age at appointment Current age First day / Length of service Previous positions Succeeded John Roberts ( Chief Justice ) January 27, 1955 Buffalo, New York George W. Bush 78 -- 22 50 7004232080000000000 ♠ 63 September 29, 2005 12 years, 10 months Circuit Judge, Court of Appeals for the D.C. Circuit ( 2003 -- 2005 ); Principal Deputy Solicitor General ( 1989 -- 1993 ); Associate Counsel to the President ( 1982 -- 1986 ) William Rehnquist Clarence Thomas June 23, 1948 Pin Point, Georgia George H.W. Bush 52 -- 48 43 7004256170000000000 ♠ 70 October 23, 1991 26 years, 9 months Circuit Judge, Court of Appeals for the D.C. Circuit ( 1990 -- 1991 ); Chairman, Equal Employment Opportunity Commission ( 1982 -- 1990 ); Assistant Attorney General in Missouri under State Attorney General John Danforth ( 1974 -- 1977 ) Thurgood Marshall Ruth Bader Ginsburg March 15, 1933 Brooklyn, New York Bill Clinton 96 -- 3 60 7004311960000000000 ♠ 85 August 10, 1993 25 years Circuit Judge, Court of Appeals for the D.C. Circuit ( 1980 -- 1993 ); General Counsel, American Civil Liberties Union ( 1973 -- 1980 ) Byron White Stephen Breyer August 15, 1938 San Francisco, California 87 -- 9 55 7004292170000000000 ♠ 79 August 3, 1994 24 years Chief Judge, Court of Appeals for the First Circuit ( 1990 -- 1994 ); Circuit Judge, Court of Appeals for the First Circuit ( 1980 -- 1990 ) Harry Blackmun Samuel Alito April 1, 1950 Trenton, New Jersey George W. Bush 58 -- 42 55 7004249700000000000 ♠ 68 January 31, 2006 12 years, 6 months Circuit Judge, Court of Appeals for the Third Circuit ( 1990 -- 2006 ); U.S. Attorney for the District of New Jersey ( 1987 -- 1990 ); Deputy Assistant Attorney General ( 1985 -- 1987 ); Assistant to the Solicitor General ( 1981 -- 1985 ) Sandra Day O'Connor Sonia Sotomayor June 25, 1954 The Bronx, New York Barack Obama 68 -- 31 55 7004234240000000000 ♠ 64 August 8, 2009 9 years Circuit Judge, Court of Appeals for the Second Circuit ( 1998 -- 2009 ); District Judge, District Court for the Southern District of New York ( 1992 -- 1998 ) David Souter Elena Kagan April 28, 1960 Manhattan, New York 63 -- 37 50 7004212900000000000 ♠ 58 August 7, 2010 8 years Solicitor General of the United States ( 2009 -- 2010 ); Dean of Harvard Law School ( 2003 -- 2009 ); Associate White House Counsel ( 1995 -- 1999 ); Deputy Director of the Domestic Policy Council ( 1995 -- 1999 ) John Paul Stevens Neil Gorsuch August 29, 1967 Denver, Colorado Donald Trump 54 -- 45 49 7004186110000000000 ♠ 50 April 10, 2017 1 year, 4 months Circuit Judge, Court of Appeals for the Tenth Circuit ( 2006 -- 2017 ); Principal Deputy Associate Attorney General and Acting Associate Attorney General ( 2005 -- 2006 ) Antonin Scalia Vacant Anthony Kennedy Vacancy""}",nq,fewshot,0.0,0.19838056680161947,False,False,False,True
currently how many supreme court justices are there,The court is currently filled with nine justices.,Supreme Court of the United States,7425154493384697205,"{'short_answer': 'nine justices', 'long_answer': 'The court is currently filled with nine justices. The most recent justice to join to the court was Neil Gorsuch, who was nominated by President Donald Trump on January 31, 2017, and confirmed on April 7, 2017, by the Senate.'}",nq,fewshot,0.0,0.4444444444444445,False,False,True,False
what is a supreme court justices term of office,"Life tenure (they serve until they resign, retire, or are removed after impeachment).",Supreme Court of the United States,-548329466383357895,"{'short_answer': 'lifetime tenure', 'long_answer': ""According to federal statute, the Court normally consists of the Chief Justice of the United States and eight associate justices who are nominated by the President and confirmed by the Senate. Once appointed, justices have lifetime tenure unless they resign, retire, or are removed after impeachment ( though no justice has ever been removed ). In modern discourse, the justices are often categorized as having conservative, moderate, or liberal philosophies of law and of judicial interpretation. Each justice has one vote, and it is worth noting that while a far greater number of cases in recent history have been decided unanimously, decisions in cases of the highest profile have often come down to just one single vote, thereby exposing the justices ' ideological beliefs that track with those philosophical or political categories. The Court meets in the Supreme Court Building in Washington, D.C.""}",nq,fewshot,0.0,0.13333333333333336,False,False,False,True
what is the role of the united states supreme court,"The Supreme Court of the United States is the highest federal court in the country. Its primary roles include:

- Serving as the final interpreter of federal law and the U.S. Constitution
- Exercising ultimate (and largely discretionary) appellate jurisdiction over all federal courts and state court cases involving federal law issues
- Having original jurisdiction over a small range of cases
- Possessing the power of judicial review (established in *Marbury v. Madison*, 1803) to declare laws unconstitutional
- Operating only within the context of actual cases where it has jurisdiction
- Not deciding political questions
- Relying on the executive branch for enforcement of its rulings

The Court consists of the Chief Justice and eight associate justices (nine total by statute), who are nominated by the President and confirmed by the Senate, serving lifetime tenure.",Supreme Court of the United States,6340746173756830055,"{'short_answer': '', 'long_answer': 'The Supreme Court of the United States ( sometimes colloquially referred to by the acronym SCOTUS ) is the highest federal court of the United States. Established pursuant to Article Three of the United States Constitution in 1789, it has ultimate ( and largely discretionary ) appellate jurisdiction over all federal courts and state court cases involving issues of federal law plus original jurisdiction over a small range of cases. In the legal system of the United States, the Supreme Court is generally the final interpreter of federal law including the United States Constitution, but it may act only within the context of a case in which it has jurisdiction. The Court may decide cases having political overtones but does not have power to decide nonjusticiable political questions, and its enforcement arm is in the executive rather than judicial branch of government.'}",nq,fewshot,0.0,0.5714285714285715,False,False,True,False
when were the current supreme court justices appointed,"Based on the provided context, here are the appointment dates for the current Supreme Court justices:

**Current Justices and Their Appointment Dates:**

1. **John Roberts** (Chief Justice) - September 29, 2005 (appointed by George W. Bush)
2. **Anthony Kennedy** - February 18, 1988 (appointed by Ronald Reagan)
3. **Clarence Thomas** - October 23, 1991 (appointed by George H.W. Bush)
4. **Ruth Bader Ginsburg** - August 10, 1993 (appointed by Bill Clinton)
5. **Stephen Bre",Supreme Court of the United States,7593720238967084586,"{'short_answer': '', 'long_answer': ""Name Date of birth Appointed by Senate confirmation vote Age at appointment Current age First day / Length of service Previous positions Succeeded Roberts, John John Roberts ( Chief Justice ) 000000001955 - 01 - 27 - 0000 January 27, 1955 Buffalo, New York Bush, George W. George W. Bush 78 -- 22 50 7001620000000000000 ♠ 62 000000002005 - 09 - 29 - 0000 September 29, 2005 12 years, 1 month Circuit Judge, Court of Appeals for the D.C. Circuit ( 2003 -- 2005 ); Principal Deputy Solicitor General ( 1989 -- 1993 ); Associate Counsel to the President ( 1982 -- 1986 ) William Rehnquist Kennedy, Anthony Anthony Kennedy 000000001936 - 07 - 23 - 0000 July 23, 1936 Sacramento, California Reagan, Ronald Ronald Reagan 97 -- 0 51 7001810000000000000 ♠ 81 000000001988 - 02 - 18 - 0000 February 18, 1988 29 years, 8 months Circuit Judge, Court of Appeals for the Ninth Circuit ( 1975 -- 1988 ); Private practice ( 1963 -- 1975 ) Lewis Powell Thomas, Clarence Clarence Thomas 000000001948 - 06 - 23 - 0000 June 23, 1948 Pin Point, Georgia Bush, George H.W. George H.W. Bush 52 -- 48 43 7001690000000000000 ♠ 69 000000001991 - 10 - 23 - 0000 October 23, 1991 26 years Circuit Judge, Court of Appeals for the D.C. Circuit ( 1990 -- 1991 ); Chairman, Equal Employment Opportunity Commission ( 1982 -- 1990 ); Assistant Attorney General in Missouri under State Attorney General John Danforth ( 1974 -- 1977 ) Thurgood Marshall Ginsburg, Ruth Bader Ruth Bader Ginsburg 000000001933 - 03 - 15 - 0000 March 15, 1933 Brooklyn, New York Clinton, Bill Bill Clinton 96 -- 3 60 7001840000000000000 ♠ 84 000000001993 - 08 - 10 - 0000 August 10, 1993 24 years, 2 months Circuit Judge, Court of Appeals for the D.C. Circuit ( 1980 -- 1993 ); General Counsel, American Civil Liberties Union ( 1973 -- 1980 ) Byron White Breyer, Stephen Stephen Breyer 000000001938 - 08 - 15 - 0000 August 15, 1938 San Francisco, California 87 -- 9 55 7001790000000000000 ♠ 79 000000001994 - 08 - 03 - 0000 August 3, 1994 23 years, 2 months Chief Judge, Court of Appeals for the First Circuit ( 1990 -- 1994 ); Circuit Judge, Court of Appeals for the First Circuit ( 1980 -- 1990 ) Harry Blackmun Alito, Samuel Samuel Alito 000000001950 - 04 - 01 - 0000 April 1, 1950 Trenton, New Jersey George W. Bush 58 -- 42 55 7001670000000000000 ♠ 67 000000002006 - 01 - 31 - 0000 January 31, 2006 11 years, 8 months Circuit Judge, Court of Appeals for the Third Circuit ( 1990 -- 2006 ); U.S. Attorney for the District of New Jersey ( 1987 -- 1990 ); Deputy Assistant Attorney General ( 1985 -- 1987 ); Assistant to the Solicitor General ( 1981 -- 1985 ) Sandra Day O'Connor Sotomayor, Sonia Sonia Sotomayor 000000001954 - 06 - 25 - 0000 June 25, 1954 The Bronx, New York Obama, Barack Barack Obama 68 -- 31 55 7001630000000000000 ♠ 63 000000002009 - 08 - 08 - 0000 August 8, 2009 8 years, 2 months Circuit Judge, Court of Appeals for the Second Circuit ( 1998 -- 2009 ); District Judge, District Court for the Southern District of New York ( 1992 -- 1998 ) David Souter Kagan, Elena Elena Kagan 000000001960 - 04 - 28 - 0000 April 28, 1960 Manhattan, New York 63 -- 37 50 7001570000000000000 ♠ 57 000000002010 - 08 - 07 - 0000 August 7, 2010 7 years, 2 months Solicitor General of the United States ( 2009 -- 2010 ); Dean of Harvard Law School ( 2003 -- 2009 ); Associate White House Counsel ( 1995 -- 1999 ); Deputy Director of the Domestic Policy Council ( 1995 -- 1999 ); John Paul Stevens Gorsuch, Neil Neil Gorsuch 000000001967 - 08 - 29 - 0000 August 29, 1967 Denver, Colorado Trump, Donald Donald Trump 54 -- 45 49 7001500000000000000 ♠ 50 000000002017 - 04 - 10 - 0000 April 10, 2017 6 months and 19 days Circuit Judge, Court of Appeals for the Tenth Circuit ( 2006 -- 2017 ); Principal Deputy Associate Attorney General and Acting Associate Attorney General ( 2005 -- 2006 ); Antonin Scalia""}",nq,fewshot,0.0,0.14035087719298245,False,False,False,True
retirement age of supreme court judges in usa,"Based on the provided context, there is **no mandatory retirement age** for U.S. Supreme Court justices. The Constitution states that justices ""shall hold their offices during good behavior,"" which effectively grants them life tenure.

The context mentions that eligibility for retired status (as opposed to resignation) is ""governed by the same age and service criteria"" as other federal judges, but it does not specify what those criteria are. The examples of retired justices show they retired at various ages: John Paul Stevens at 90, Sandra Day O'Connor at 75, and David Souter at 69.

The text also notes that proposals for a mandatory retirement age have been suggested (e.g., by Richard Epstein), but these are not current law.",Supreme Court of the United States,735733759692996096,"{'short_answer': ""suggest lifetime tenure brings substantial benefits, such as impartiality and freedom from political pressure. Alexander Hamilton in Federalist 78 wrote `` nothing can contribute so much to its firmness and independence as permanency in office. ''"", 'long_answer': ""Critic Larry Sabato wrote: `` The insularity of lifetime tenure, combined with the appointments of relatively young attorneys who give long service on the bench, produces senior judges representing the views of past generations better than views of the current day. '' Sanford Levinson has been critical of justices who stayed in office despite medical deterioration based on longevity. James MacGregor Burns stated lifelong tenure has `` produced a critical time lag, with the Supreme Court institutionally almost always behind the times. '' Proposals to solve these problems include term limits for justices, as proposed by Levinson and Sabato as well as a mandatory retirement age proposed by Richard Epstein, among others. However, others suggest lifetime tenure brings substantial benefits, such as impartiality and freedom from political pressure. Alexander Hamilton in Federalist 78 wrote `` nothing can contribute so much to its firmness and independence as permanency in office. ''""}",nq,fewshot,0.0,0.22764227642276424,False,False,False,True
how many judges are there in the united states supreme court,9,Supreme Court of the United States,4543417054170639917,"{'short_answer': 'six ``', 'long_answer': ""Article III of the United States Constitution does not specify the number of justices. The Judiciary Act of 1789 called for the appointment of six `` judges ''. Although an 1801 act would have reduced the size of the court to five members upon its next vacancy, an 1802 act promptly negated the 1801 act, legally restoring the court 's size to six members before any such vacancy occurred. As the nation 's boundaries grew, Congress added justices to correspond with the growing number of judicial circuits: seven in 1807, nine in 1837, and ten in 1863.""}",nq,fewshot,0.0,0.0,False,False,False,False
how can you remove a supreme court justice,"Based on the provided context, a Supreme Court justice can be removed in the following ways:

1. **Impeachment and conviction**: The Constitution states justices ""shall hold their offices during good behavior,"" which means they serve for life unless ""impeached and convicted by Congress."" The House of Representatives impeaches, and the Senate conducts the trial and votes on conviction.

2. **Voluntary resignation**: A justice may choose to resign from the bench.

3. **Voluntary retirement**: A justice may retire (which allows them to maintain certain benefits and potentially sit on lower courts).

The context notes that only one justice (Samuel Chase in 1804) has ever been impeached by the House, but he was acquitted by the Senate. No justice has ever been removed through impeachment. Additionally, there is ""no mechanism exists for removing a justice who is permanently incapacitated by illness or injury, but unable (or unwilling) to resign.""",Supreme Court of the United States,-2961670855418829569,"{'short_answer': 'impeachment (', 'long_answer': ""According to federal statute, the Court normally consists of the Chief Justice of the United States and eight associate justices who are nominated by the President and confirmed by the Senate. Once appointed, justices have lifetime tenure unless they resign, retire, or are removed after impeachment ( though no justice has ever been removed ). In modern discourse, the justices are often categorized as having conservative, moderate, or liberal philosophies of law and of judicial interpretation. Each justice has one vote, and it is worth noting that while a far greater number of cases in recent history have been decided unanimously, decisions in cases of the highest profile have often come down to just one single vote, thereby exposing the justices ' ideological beliefs that track with those philosophical or political categories. The Court meets in the Supreme Court Building in Washington, D.C.""}",nq,fewshot,0.0,0.29007633587786263,False,False,False,True
who are the current supreme court justices 2017,"Based on the provided context, the nine Supreme Court justices in 2017 (following Neil Gorsuch's confirmation) were:

1. **John Roberts** (Chief Justice) - appointed by George W. Bush
2. **Anthony Kennedy** - appointed by Ronald Reagan
3. **Clarence Thomas** - appointed by George H.W. Bush
4. **Ruth Bader Ginsburg** - appointed by Bill Clinton
5. **Stephen Breyer** - appointed by Bill Clinton
6. **Samuel Alito** - appointed by George W. Bush
7. **Sonia Sotomayor** - appointed by Barack Obama
8. **Elena Kagan** - appointed by Barack Obama
9. **Neil Gorsuch** - appointed by Donald Trump (confirmed April 7, 2017)

The Court consisted of five justices appointed by Republican presidents (Roberts, Kennedy, Thomas, Alito, Gorsuch) and four appointed by Democratic presidents (Ginsburg, Bre",Supreme Court of the United States,-3286674585604525369,"{'short_answer': 'John Roberts (', 'long_answer': ""Name Birth Appointed by Senate confirmation vote Age at appointment Current age First day / Length of service Previous positions Succeeded Roberts, John John Roberts ( Chief Justice ) 000000001955 - 01 - 27 - 0000 January 27, 1955 Buffalo, New York Bush, George W. George W. Bush 78 -- 22 50 7004231340000000000 ♠ 63 000000002005 - 09 - 29 - 0000 September 29, 2005 12 years, 8 months Circuit Judge, Court of Appeals for the D.C. Circuit ( 2003 -- 2005 ); Principal Deputy Solicitor General ( 1989 -- 1993 ); Associate Counsel to the President ( 1982 -- 1986 ) William Rehnquist Kennedy, Anthony Anthony Kennedy 000000001936 - 07 - 23 - 0000 July 23, 1936 Sacramento, California Reagan, Ronald Ronald Reagan 97 -- 0 51 7004298960000000000 ♠ 81 000000001988 - 02 - 18 - 0000 February 18, 1988 30 years, 3 months Circuit Judge, Court of Appeals for the Ninth Circuit ( 1975 -- 1988 ); Private practice ( 1963 -- 1975 ) Lewis Powell Thomas, Clarence Clarence Thomas 000000001948 - 06 - 23 - 0000 June 23, 1948 Pin Point, Georgia Bush, George H.W. George H.W. Bush 52 -- 48 43 7004255430000000000 ♠ 69 000000001991 - 10 - 23 - 0000 October 23, 1991 26 years, 7 months Circuit Judge, Court of Appeals for the D.C. Circuit ( 1990 -- 1991 ); Chairman, Equal Employment Opportunity Commission ( 1982 -- 1990 ); Assistant Attorney General in Missouri under State Attorney General John Danforth ( 1974 -- 1977 ) Thurgood Marshall Ginsburg, Ruth Bader Ruth Bader Ginsburg 000000001933 - 03 - 15 - 0000 March 15, 1933 Brooklyn, New York Clinton, Bill Bill Clinton 96 -- 3 60 7004311220000000000 ♠ 85 000000001993 - 08 - 10 - 0000 August 10, 1993 24 years, 9 months Circuit Judge, Court of Appeals for the D.C. Circuit ( 1980 -- 1993 ); General Counsel, American Civil Liberties Union ( 1973 -- 1980 ) Byron White Breyer, Stephen Stephen Breyer 000000001938 - 08 - 15 - 0000 August 15, 1938 San Francisco, California 87 -- 9 55 7004291430000000000 ♠ 79 000000001994 - 08 - 03 - 0000 August 3, 1994 23 years, 9 months Chief Judge, Court of Appeals for the First Circuit ( 1990 -- 1994 ); Circuit Judge, Court of Appeals for the First Circuit ( 1980 -- 1990 ) Harry Blackmun Alito, Samuel Samuel Alito 000000001950 - 04 - 01 - 0000 April 1, 1950 Trenton, New Jersey George W. Bush 58 -- 42 55 7004248960000000000 ♠ 68 000000002006 - 01 - 31 - 0000 January 31, 2006 12 years, 3 months Circuit Judge, Court of Appeals for the Third Circuit ( 1990 -- 2006 ); U.S. Attorney for the District of New Jersey ( 1987 -- 1990 ); Deputy Assistant Attorney General ( 1985 -- 1987 ); Assistant to the Solicitor General ( 1981 -- 1985 ) Sandra Day O'Connor Sotomayor, Sonia Sonia Sotomayor 000000001954 - 06 - 25 - 0000 June 25, 1954 The Bronx, New York Obama, Barack Barack Obama 68 -- 31 55 7004233500000000000 ♠ 63 000000002009 - 08 - 08 - 0000 August 8, 2009 8 years, 9 months Circuit Judge, Court of Appeals for the Second Circuit ( 1998 -- 2009 ); District Judge, District Court for the Southern District of New York ( 1992 -- 1998 ) David Souter Kagan, Elena Elena Kagan 000000001960 - 04 - 28 - 0000 April 28, 1960 Manhattan, New York 63 -- 37 50 7004212160000000000 ♠ 58 000000002010 - 08 - 07 - 0000 August 7, 2010 7 years, 9 months Solicitor General of the United States ( 2009 -- 2010 ); Dean of Harvard Law School ( 2003 -- 2009 ); Associate White House Counsel ( 1995 -- 1999 ); Deputy Director of the Domestic Policy Council ( 1995 -- 1999 ); John Paul Stevens Gorsuch, Neil Neil Gorsuch 000000001967 - 08 - 29 - 0000 August 29, 1967 Denver, Colorado Trump, Donald Donald Trump 54 -- 45 49 7004185370000000000 ♠ 50 000000002017 - 04 - 10 - 0000 April 10, 2017 1 year, 1 month Circuit Judge, Court of Appeals for the Tenth Circuit ( 2006 -- 2017 ); Principal Deputy Associate Attorney General and Acting Associate Attorney General ( 2005 -- 2006 ); Antonin Scalia""}",nq,fewshot,0.0,0.19730941704035873,False,False,False,True
who is the actual president of the supreme court of justice,"Based on the provided context, the Supreme Court of the United States does not have a ""president."" The head of the Court is the **Chief Justice of the United States**, currently **John G. Roberts**, who has held the position since September 29, 2005.",Supreme Court of the United States,-7286551317454758217,"{'short_answer': 'John G. Roberts', 'long_answer': ""Supreme Court of the United States Established March 4, 1789 ( 228 years ago ) ( 1789 - 03 - 04 ) Country United States Location Washington, D.C., United States Coordinates 38 ° 53 ′ 26 '' N 77 ° 00 ′ 16 '' W \ufeff / \ufeff 38.89056 ° N 77.00444 ° W \ufeff / 38.89056; - 77.00444 Coordinates: 38 ° 53 ′ 26 '' N 77 ° 00 ′ 16 '' W \ufeff / \ufeff 38.89056 ° N 77.00444 ° W \ufeff / 38.89056; - 77.00444 Composition method Presidential nomination with Senate confirmation Authorized by United States Constitution Judge term length Life tenure No. of positions 9, by statute Website www.supremecourt.gov Chief Justice of the United States Currently John G. Roberts Since September 29, 2005""}",nq,fewshot,0.0,0.26573426573426573,False,False,False,True
how many supreme court judges are there in usa,9 (one Chief Justice and eight associate justices),Supreme Court of the United States,7798718635369108427,"{'short_answer': '', 'long_answer': ""According to federal statute, the Court normally consists of the Chief Justice of the United States and eight associate justices who are nominated by the President and confirmed by the Senate. Once appointed, justices have lifetime tenure unless they resign, retire, or are removed after impeachment. In modern discourse, the justices are often categorized as having conservative, moderate, or liberal philosophies of law and of judicial interpretation. Each justice has one vote, and while a far greater number of cases in recent history have been decided unanimously, decisions in cases of the highest profile have often come down to just one single vote, thereby exposing the justices ' ideological beliefs that track with those philosophical or political categories. The Court meets in the Supreme Court Building in Washington, D.C.""}",nq,fewshot,0.0,0.112,False,False,False,True
what is the makeup of the supreme court,"The Supreme Court consists of **9 justices** (1 Chief Justice and 8 associate justices), as set by federal statute. Justices are nominated by the President and confirmed by the Senate, and they serve for life tenure unless they resign, retire, or are impeached.

As of the 2017 composition described in the text (following Neil Gorsuch's confirmation):
- **5 justices appointed by Republican presidents** (Chief Justice Roberts, Thomas, Alito, Gorsuch, and Kennedy)
- **4 justices appointed by Democratic presidents** (Ginsburg, Breyer, Sotomayor, Kagan)

Ideologically, the Court is often described as having a **conservative wing** (Roberts, Thomas, Alito), a **liberal wing** (Ginsburg, Breyer, Sotomayor, Kagan), and **Justice Kennedy** as a conservative who occasionally voted with liberals, often serving as the swing vote.",Supreme Court of the United States,4271086757818628997,"{'short_answer': '', 'long_answer': ""Name Birth Appointed by Senate confirmation vote Age at appointment Current age First day / Length of service Previous positions Succeeded Roberts, John John Roberts ( Chief Justice ) 000000001955 - 01 - 27 - 0000 January 27, 1955 Buffalo, New York Bush, George W. George W. Bush 78 -- 22 50 7001630000000000000 ♠ 63 000000002005 - 09 - 29 - 0000 September 29, 2005 12 years, 4 months Circuit Judge, Court of Appeals for the D.C. Circuit ( 2003 -- 2005 ); Principal Deputy Solicitor General ( 1989 -- 1993 ); Associate Counsel to the President ( 1982 -- 1986 ) William Rehnquist Kennedy, Anthony Anthony Kennedy 000000001936 - 07 - 23 - 0000 July 23, 1936 Sacramento, California Reagan, Ronald Ronald Reagan 97 -- 0 51 7001810000000000000 ♠ 81 000000001988 - 02 - 18 - 0000 February 18, 1988 30 years Circuit Judge, Court of Appeals for the Ninth Circuit ( 1975 -- 1988 ); Private practice ( 1963 -- 1975 ) Lewis Powell Thomas, Clarence Clarence Thomas 000000001948 - 06 - 23 - 0000 June 23, 1948 Pin Point, Georgia Bush, George H.W. George H.W. Bush 52 -- 48 43 7001690000000000000 ♠ 69 000000001991 - 10 - 23 - 0000 October 23, 1991 26 years, 3 months Circuit Judge, Court of Appeals for the D.C. Circuit ( 1990 -- 1991 ); Chairman, Equal Employment Opportunity Commission ( 1982 -- 1990 ); Assistant Attorney General in Missouri under State Attorney General John Danforth ( 1974 -- 1977 ) Thurgood Marshall Ginsburg, Ruth Bader Ruth Bader Ginsburg 000000001933 - 03 - 15 - 0000 March 15, 1933 Brooklyn, New York Clinton, Bill Bill Clinton 96 -- 3 60 7001840000000000000 ♠ 84 000000001993 - 08 - 10 - 0000 August 10, 1993 24 years, 6 months Circuit Judge, Court of Appeals for the D.C. Circuit ( 1980 -- 1993 ); General Counsel, American Civil Liberties Union ( 1973 -- 1980 ) Byron White Breyer, Stephen Stephen Breyer 000000001938 - 08 - 15 - 0000 August 15, 1938 San Francisco, California 87 -- 9 55 7001790000000000000 ♠ 79 000000001994 - 08 - 03 - 0000 August 3, 1994 23 years, 6 months Chief Judge, Court of Appeals for the First Circuit ( 1990 -- 1994 ); Circuit Judge, Court of Appeals for the First Circuit ( 1980 -- 1990 ) Harry Blackmun Alito, Samuel Samuel Alito 000000001950 - 04 - 01 - 0000 April 1, 1950 Trenton, New Jersey George W. Bush 58 -- 42 55 7001670000000000000 ♠ 67 000000002006 - 01 - 31 - 0000 January 31, 2006 12 years Circuit Judge, Court of Appeals for the Third Circuit ( 1990 -- 2006 ); U.S. Attorney for the District of New Jersey ( 1987 -- 1990 ); Deputy Assistant Attorney General ( 1985 -- 1987 ); Assistant to the Solicitor General ( 1981 -- 1985 ) Sandra Day O'Connor Sotomayor, Sonia Sonia Sotomayor 000000001954 - 06 - 25 - 0000 June 25, 1954 The Bronx, New York Obama, Barack Barack Obama 68 -- 31 55 7001630000000000000 ♠ 63 000000002009 - 08 - 08 - 0000 August 8, 2009 8 years, 6 months Circuit Judge, Court of Appeals for the Second Circuit ( 1998 -- 2009 ); District Judge, District Court for the Southern District of New York ( 1992 -- 1998 ) David Souter Kagan, Elena Elena Kagan 000000001960 - 04 - 28 - 0000 April 28, 1960 Manhattan, New York 63 -- 37 50 7001570000000000000 ♠ 57 000000002010 - 08 - 07 - 0000 August 7, 2010 7 years, 6 months Solicitor General of the United States ( 2009 -- 2010 ); Dean of Harvard Law School ( 2003 -- 2009 ); Associate White House Counsel ( 1995 -- 1999 ); Deputy Director of the Domestic Policy Council ( 1995 -- 1999 ); John Paul Stevens Gorsuch, Neil Neil Gorsuch 000000001967 - 08 - 29 - 0000 August 29, 1967 Denver, Colorado Trump, Donald Donald Trump 54 -- 45 49 7001500000000000000 ♠ 50 000000002017 - 04 - 10 - 0000 April 10, 2017 10 months and 10 days Circuit Judge, Court of Appeals for the Tenth Circuit ( 2006 -- 2017 ); Principal Deputy Associate Attorney General and Acting Associate Attorney General ( 2005 -- 2006 ); Antonin Scalia""}",nq,fewshot,0.0,0.12349397590361447,False,False,False,True
who is the youngest judge currently sitting on the u.s. supreme court,Neil Gorsuch (age 56),Supreme Court of the United States,4306251832362961541,"{'short_answer': 'Neil Gorsuch August', 'long_answer': ""Justice / Birthdate and place Appointed by SCV Age at Start date / Length of service Previous position Succeeded Start Present John Roberts January 27, 1955 Buffalo, New York G.W. Bush 78 -- 22 50 7004232870000000000 ♠ 63 September 29, 2005 7003477900000000000 ♠ 13 years, 31 days Circuit Judge, Court of Appeals for the D.C. Circuit ( 2003 -- 2005 ) Rehnquist Clarence Thomas June 23, 1948 Pin Point, Georgia G.H.W. Bush 52 -- 48 43 7004256960000000000 ♠ 70 October 23, 1991 7003986900000000000 ♠ 27 years, 7 days Circuit Judge, Court of Appeals for the D.C. Circuit ( 1990 -- 1991 ) Marshall Ruth Bader Ginsburg March 15, 1933 Brooklyn, New York Clinton 96 -- 3 60 7004312750000000000 ♠ 85 August 10, 1993 7003921200000000000 ♠ 25 years, 81 days Circuit Judge, Court of Appeals for the D.C. Circuit ( 1980 -- 1993 ) White Stephen Breyer August 15, 1938 San Francisco, California Clinton 87 -- 9 55 7004292960000000000 ♠ 80 August 3, 1994 7003885400000000000 ♠ 24 years, 88 days Chief Judge, Court of Appeals for the First Circuit ( 1990 -- 1994 ) Blackmun Samuel Alito April 1, 1950 Trenton, New Jersey G.W. Bush 58 -- 42 55 7004250490000000000 ♠ 68 January 31, 2006 7003465500000000000 ♠ 12 years, 272 days Circuit Judge, Court of Appeals for the Third Circuit ( 1990 -- 2006 ) O'Connor Sonia Sotomayor June 25, 1954 The Bronx, New York Obama 68 -- 31 55 7004235030000000000 ♠ 64 August 8, 2009 7003337000000000000 ♠ 9 years, 83 days Circuit Judge, Court of Appeals for the Second Circuit ( 1998 -- 2009 ) Souter Elena Kagan April 28, 1960 Manhattan, New York Obama 63 -- 37 50 7004213690000000000 ♠ 58 August 7, 2010 7003300800000000000 ♠ 8 years, 86 days Solicitor General of the United States ( 2009 -- 2010 ) Stevens Neil Gorsuch August 29, 1967 Denver, Colorado Trump 54 -- 45 49 7004186900000000000 ♠ 51 April 10, 2017 7002568000000000000 ♠ 1 year, 203 days Circuit Judge, Court of Appeals for the Tenth Circuit ( 2006 -- 2017 ) Scalia Brett Kavanaugh February 12, 1965 Washington, D.C. Trump 50 -- 48 53 7004196180000000000 ♠ 53 October 6, 2018 7001240000000000000 ♠ 24 days Circuit Judge, Court of Appeals for the D.C. Circuit ( 2006 -- 2018 ) Kennedy Source:""}",nq,fewshot,0.0,0.5714285714285715,False,False,True,False
when did the us supreme court have 9 justices,"The US Supreme Court has had nine justices since 1869, when the Circuit Judges Act set the number at nine, where it has remained since. The Court also previously had nine justices from 1837 to 1863 before it was temporarily increased to ten.",Supreme Court of the United States,1025571073910974662,"{'short_answer': '1869,', 'long_answer': 'In 1866, at the behest of Chief Justice Chase, Congress passed an act providing that the next three justices to retire would not be replaced, which would thin the bench to seven justices by attrition. Consequently, one seat was removed in 1866 and a second in 1867. In 1869, however, the Circuit Judges Act returned the number of justices to nine, where it has since remained.'}",nq,fewshot,0.0,0.34693877551020413,False,False,True,False
how many judges currently serve on the supreme court,"The Supreme Court currently has nine justices. The context explicitly states ""The court is currently filled with nine justices"" and ""Among the nine justices, there is one African-American (Justice Thomas) and one Hispanic (Justice Sotomayor)."" It also notes the Court consists of six men and three women justices, totaling nine.",Supreme Court of the United States,2525993732159637135,"{'short_answer': 'nine Justices', 'long_answer': 'The court is currently filled with nine Justices. The most recent justice to join to the court was Neil Gorsuch, who was nominated by President Donald Trump on January 31, 2017, and confirmed on April 7, 2017, by the U.S. Senate.'}",nq,fewshot,0.0,0.24390243902439024,False,False,False,True
how old are each of the supreme court justices,"Based on the provided context, here are the current Supreme Court justices and their ages:

**Current Just",Supreme Court of the United States,2606671969689594205,"{'short_answer': '', 'long_answer': ""Name Date of birth Appointed by Senate confirmation vote Age at appointment Current age First day / Length of service Previous positions Succeeded Roberts, John John Roberts ( Chief Justice ) 000000001955 - 01 - 27 - 0000 January 27, 1955 Buffalo, New York Bush, George W. George W. Bush 78 -- 22 50 7001620000000000000 ♠ 62 000000002005 - 09 - 29 - 0000 September 29, 2005 11 years, 11 months Circuit Judge, Court of Appeals for the D.C. Circuit ( 2003 -- 2005 ); Principal Deputy Solicitor General ( 1989 -- 1993 ); Associate Counsel to the President ( 1982 -- 1986 ) William Rehnquist Kennedy, Anthony Anthony Kennedy 000000001936 - 07 - 23 - 0000 July 23, 1936 Sacramento, California Reagan, Ronald Ronald Reagan 97 -- 0 51 7001810000000000000 ♠ 81 000000001988 - 02 - 18 - 0000 February 18, 1988 29 years, 7 months Circuit Judge, Court of Appeals for the Ninth Circuit ( 1975 -- 1988 ); Private practice ( 1963 -- 1975 ) Lewis Powell Thomas, Clarence Clarence Thomas 000000001948 - 06 - 23 - 0000 June 23, 1948 Pin Point, Georgia Bush, George H.W. George H.W. Bush 52 -- 48 43 7001690000000000000 ♠ 69 000000001991 - 10 - 23 - 0000 October 23, 1991 25 years, 10 months Circuit Judge, Court of Appeals for the D.C. Circuit ( 1990 -- 1991 ); Chairman, Equal Employment Opportunity Commission ( 1982 -- 1990 ); Assistant Attorney General in Missouri under State Attorney General John Danforth ( 1974 -- 1977 ) Thurgood Marshall Ginsburg, Ruth Bader Ruth Bader Ginsburg 000000001933 - 03 - 15 - 0000 March 15, 1933 Brooklyn, New York Clinton, Bill Bill Clinton 96 -- 3 60 7001840000000000000 ♠ 84 000000001993 - 08 - 10 - 0000 August 10, 1993 24 years, 1 month Circuit Judge, Court of Appeals for the D.C. Circuit ( 1980 -- 1993 ); General Counsel, American Civil Liberties Union ( 1973 -- 1980 ) Breyer, Stephen Stephen Breyer 000000001938 - 08 - 15 - 0000 August 15, 1938 San Francisco, California 87 -- 9 55 7001790000000000000 ♠ 79 000000001994 - 08 - 03 - 0000 August 3, 1994 23 years, 1 month Chief Judge, Court of Appeals for the First Circuit ( 1990 -- 1994 ); Circuit Judge, Court of Appeals for the First Circuit ( 1980 -- 1990 ) Harry Blackmun Alito, Samuel Samuel Alito 000000001950 - 04 - 01 - 0000 April 1, 1950 Trenton, New Jersey George W. Bush 58 -- 42 55 7001670000000000000 ♠ 67 000000002006 - 01 - 31 - 0000 January 31, 2006 11 years, 7 months Circuit Judge, Court of Appeals for the Third Circuit ( 1990 -- 2006 ); U.S. Attorney for the District of New Jersey ( 1987 -- 1990 ); Deputy Assistant Attorney General ( 1985 -- 1987 ); Assistant to the Solicitor General ( 1981 -- 1985 ) Sandra Day O'Connor Sotomayor, Sonia Sonia Sotomayor 000000001954 - 06 - 25 - 0000 June 25, 1954 The Bronx, New York Obama, Barack Barack Obama 68 -- 31 55 7001630000000000000 ♠ 63 000000002009 - 08 - 08 - 0000 August 8, 2009 8 years, 1 month Circuit Judge, Court of Appeals for the Second Circuit ( 1998 -- 2009 ); District Judge, District Court for the Southern District of New York ( 1992 -- 1998 ) David Souter Kagan, Elena Elena Kagan 000000001960 - 04 - 28 - 0000 April 28, 1960 Manhattan, New York 63 -- 37 50 7001570000000000000 ♠ 57 000000002010 - 08 - 07 - 0000 August 7, 2010 7 years, 1 month Solicitor General of the United States ( 2009 -- 2010 ); Dean of Harvard Law School ( 2003 -- 2009 ); Associate White House Counsel ( 1995 -- 1999 ); Deputy Director of the Domestic Policy Council ( 1995 -- 1999 ); John Paul Stevens Gorsuch, Neil Neil Gorsuch 000000001967 - 08 - 29 - 0000 August 29, 1967 Denver, Colorado Trump, Donald Donald Trump 54 -- 45 49 7001500000000000000 ♠ 50 000000002017 - 04 - 10 - 0000 April 10, 2017 163 days Circuit Judge, Court of Appeals for the Tenth Circuit ( 2006 -- 2017 ); Principal Deputy Associate Attorney General and Acting Associate Attorney General ( 2005 -- 2006 ); Antonin Scalia""}",nq,fewshot,0.0,0.01048951048951049,False,False,False,True
what is the term for the supreme court,Life tenure (during good behavior),Supreme Court of the United States,1920975387925916537,"{'short_answer': '', 'long_answer': ""A term of the Supreme Court commences on the first Monday of each October, and continues until June or early July of the following year. Each term consists of alternating periods of around two weeks known as `` sittings '' and `` recesses. '' Justices hear cases and deliver rulings during sittings; they discuss cases and write opinions during recesses.""}",nq,fewshot,0.0,0.03508771929824562,False,False,False,True
when can the supreme court justices be removed,"Supreme Court justices serve during ""good behavior,"" which means they hold their offices for life unless they are impeached and convicted by Congress, resign, or retire. The Constitution provides no mechanism for removing a justice who is permanently incapacitated by illness or injury but is unable or unwilling to resign. Only one justice (Samuel Chase in 1804) has ever been impeached by the House, but he was acquitted by the Senate.",Supreme Court of the United States,2698192755634040121,"{'short_answer': 'after impeachment (', 'long_answer': ""According to federal statute, the Court normally consists of the Chief Justice of the United States and eight associate justices who are nominated by the President and confirmed by the Senate. Once appointed, justices have lifetime tenure unless they resign, retire, or are removed after impeachment ( though no justice has ever been removed ). In modern discourse, the justices are often categorized as having conservative, moderate, or liberal philosophies of law and of judicial interpretation. Each justice has one vote, and it is worth noting while a far greater number of cases in recent history have been decided unanimously, decisions in cases of the highest profile have come down to just one single vote, thereby exposing the justices ' ideological beliefs that track with those philosophical or political categories. The Court meets in the Supreme Court Building in Washington, D.C.""}",nq,fewshot,0.0,0.2680412371134021,False,False,False,True
what is the name of the highest most important court in the us,The Supreme Court of the United States,Supreme Court of the United States,-7376862590321764755,"{'short_answer': 'Supreme Court of the United States is', 'long_answer': 'The Supreme Court of the United States is the highest federal court of the United States. Established pursuant to Article Three of the United States Constitution in 1789, it has ultimate ( and largely discretionary ) appellate jurisdiction over all federal courts and state court cases involving issues of federal law plus original jurisdiction over a small range of cases. In the legal system of the United States, the Supreme Court is generally the final interpreter of federal law including the United States Constitution, but it may act only within the context of a case in which it has jurisdiction. The Court may decide cases having political overtones but does not have power to decide nonjusticiable political questions, and its enforcement arm is in the executive rather than judicial branch of government.'}",nq,fewshot,0.0,0.9090909090909091,False,True,False,False
when was the courts size fixed at nine justices,"1869, when the Circuit Judges Act returned the number of justices to nine, where it has since remained.",Supreme Court of the United States,-2072028062443731968,"{'short_answer': '1869,', 'long_answer': 'In 1866, at the behest of Chief Justice Chase, Congress passed an act providing that the next three justices to retire would not be replaced, which would thin the bench to seven justices by attrition. Consequently, one seat was removed in 1866 and a second in 1867. In 1869, however, the Circuit Judges Act returned the number of justices to nine, where it has since remained.'}",nq,fewshot,0.0,0.39999999999999997,False,False,True,False
is there a constitutional limit on the number of supreme court justices,"No, Article III of the United States Constitution does not specify the number of justices. The size of the Court is set by statute (currently nine by the Circuit Judges Act of 1869).",Supreme Court of the United States,-2724342520407536212,"{'short_answer': '', 'long_answer': ""Article III of the United States Constitution does not specify the number of justices. The Judiciary Act of 1789 called for the appointment of six `` judges. '' Although an 1801 act would have reduced the size of the court to five members upon its next vacancy, an 1802 act promptly negated the 1801 act, legally restoring the court 's size to six members before any such vacancy occurred. As the nation 's boundaries grew, Congress added justices to correspond with the growing number of judicial circuits: seven in 1807, nine in 1837, and ten in 1863.""}",nq,fewshot,0.0,0.34234234234234234,False,False,True,False
what are the qualifications for being a us supreme court justice,"According to the provided context, ""Because the Constitution sets no qualifications for service as a justice, a president may nominate anyone to serve, subject to Senate confirmation."" There are no formal constitutional qualifications required to be a US Supreme Court justice.",Supreme Court of the United States,4163474915705102559,"{'short_answer': 'the Constitution sets no qualifications for', 'long_answer': ""The U.S. Constitution states that the President `` shall nominate, and by and with the Advice and Consent of the Senate, shall appoint Judges of the Supreme Court. '' Most presidents nominate candidates who broadly share their ideological views, although a justice 's decisions may end up being contrary to a president 's expectations. Because the Constitution sets no qualifications for service as a justice, a president may nominate anyone to serve, subject to Senate confirmation.""}",nq,fewshot,0.0,0.4800000000000001,False,False,True,False
how many supreme court justice's are there,9,Supreme Court of the United States,3497881884726350261,"{'short_answer': '9,', 'long_answer': ""Supreme Court of the United States Established March 4, 1789 ( 228 years ago ) ( 1789 - 03 - 04 ) Country United States Location Washington, D.C., United States Coordinates 38 ° 53 ′ 26 '' N 77 ° 00 ′ 16 '' W \ufeff / \ufeff 38.89056 ° N 77.00444 ° W \ufeff / 38.89056; - 77.00444 Coordinates: 38 ° 53 ′ 26 '' N 77 ° 00 ′ 16 '' W \ufeff / \ufeff 38.89056 ° N 77.00444 ° W \ufeff / 38.89056; - 77.00444 Composition method Presidential nomination with Senate confirmation Authorized by United States Constitution Judge term length Life tenure No. of positions 9, by statute Website www.supremecourt.gov Chief Justice of the United States Currently John G. Roberts Since September 29, 2005""}",nq,fewshot,1.0,1.0,False,True,False,False
what is the supreme court of the united states,"The Supreme Court of the United States is the highest federal court in the United States. Established in 1789 pursuant to Article Three of the U.S. Constitution, it has ultimate appellate jurisdiction over all federal courts and state court cases involving federal law, plus original jurisdiction over a limited range of cases. It serves as the final interpreter of federal law and the Constitution. The Court consists of the Chief Justice and eight associate justices (nine total), who are nominated by the President and confirmed by the Senate, and hold lifetime tenure.",Supreme Court of the United States,1477913436766731405,"{'short_answer': 'the highest federal court of the United States.', 'long_answer': 'The Supreme Court of the United States ( sometimes colloquially referred to by the acronym SCOTUS ) is the highest federal court of the United States. Established pursuant to Article Three of the United States Constitution in 1789, it has ultimate ( and largely discretionary ) appellate jurisdiction over all federal courts and state court cases, involving issues of federal law plus original jurisdiction over a small range of cases. In the legal system of the United States, the Supreme Court is generally the final interpreter of federal law including the United States Constitution, but it may act only within the context of a case in which it has jurisdiction. The Court may decide cases having political overtones, but does not have power to decide nonjusticiable political questions, and its enforcement arm is in the executive rather than judicial branch of government.'}",nq,fewshot,0.0,0.5544554455445544,False,False,True,False
how long do supreme court justices hold their jobs,"Supreme Court justices hold their offices for life (""during good behavior""), unless they are impeached and convicted by Congress, resign, or retire.",Supreme Court of the United States,-2639600741664337298,"{'short_answer': 'lifetime tenure unless they resign, retire, or are removed after impeachment ( though no justice has ever been removed ).', 'long_answer': ""According to federal statute, the Court normally consists of the Chief Justice of the United States and eight associate justices who are nominated by the President and confirmed by the Senate. Once appointed, justices have lifetime tenure unless they resign, retire, or are removed after impeachment ( though no justice has ever been removed ). In modern discourse, the justices are often categorized as having conservative, moderate, or liberal philosophies of law and of judicial interpretation. Each justice has one vote, and it is worth noting while a far greater number of cases in recent history have been decided unanimously, decisions in cases of the highest profile have come down to just one single vote, thereby exposing the justices ' ideological beliefs that track with those philosophical or political categories. The Court meets in the Supreme Court Building in Washington, D.C.""}",nq,fewshot,0.0,0.3,False,False,False,True
list of current supreme court justices and their ages,"Based on the provided context, here are the current Supreme Court justices and their ages (as of the time this data was compiled):

**Current Justices and Ages:**
1. **John Roberts** (Chief Justice) - Age 69 (born January 27, 1955)
2. **Anthony Kennedy** - Age 87 (born July 23",Supreme Court of the United States,2451661517328217275,"{'short_answer': '', 'long_answer': ""Name Birth Appointed by Senate confirmation vote Age at appointment Current age First day / Length of service Previous positions Succeeded John Roberts ( Chief Justice ) January 27, 1955 Buffalo, New York George W. Bush 78 -- 22 50 7004232080000000000 ♠ 63 September 29, 2005 12 years, 10 months Circuit Judge, Court of Appeals for the D.C. Circuit ( 2003 -- 2005 ); Principal Deputy Solicitor General ( 1989 -- 1993 ); Associate Counsel to the President ( 1982 -- 1986 ) William Rehnquist Clarence Thomas June 23, 1948 Pin Point, Georgia George H.W. Bush 52 -- 48 43 7004256170000000000 ♠ 70 October 23, 1991 26 years, 9 months Circuit Judge, Court of Appeals for the D.C. Circuit ( 1990 -- 1991 ); Chairman, Equal Employment Opportunity Commission ( 1982 -- 1990 ); Assistant Attorney General in Missouri under State Attorney General John Danforth ( 1974 -- 1977 ) Thurgood Marshall Ruth Bader Ginsburg March 15, 1933 Brooklyn, New York Bill Clinton 96 -- 3 60 7004311960000000000 ♠ 85 August 10, 1993 25 years Circuit Judge, Court of Appeals for the D.C. Circuit ( 1980 -- 1993 ); General Counsel, American Civil Liberties Union ( 1973 -- 1980 ) Byron White Stephen Breyer August 15, 1938 San Francisco, California 87 -- 9 55 7004292170000000000 ♠ 79 August 3, 1994 24 years Chief Judge, Court of Appeals for the First Circuit ( 1990 -- 1994 ); Circuit Judge, Court of Appeals for the First Circuit ( 1980 -- 1990 ) Harry Blackmun Samuel Alito April 1, 1950 Trenton, New Jersey George W. Bush 58 -- 42 55 7004249700000000000 ♠ 68 January 31, 2006 12 years, 6 months Circuit Judge, Court of Appeals for the Third Circuit ( 1990 -- 2006 ); U.S. Attorney for the District of New Jersey ( 1987 -- 1990 ); Deputy Assistant Attorney General ( 1985 -- 1987 ); Assistant to the Solicitor General ( 1981 -- 1985 ) Sandra Day O'Connor Sonia Sotomayor June 25, 1954 The Bronx, New York Barack Obama 68 -- 31 55 7004234240000000000 ♠ 64 August 8, 2009 9 years Circuit Judge, Court of Appeals for the Second Circuit ( 1998 -- 2009 ); District Judge, District Court for the Southern District of New York ( 1992 -- 1998 ) David Souter Elena Kagan April 28, 1960 Manhattan, New York 63 -- 37 50 7004212900000000000 ♠ 58 August 7, 2010 8 years Solicitor General of the United States ( 2009 -- 2010 ); Dean of Harvard Law School ( 2003 -- 2009 ); Associate White House Counsel ( 1995 -- 1999 ); Deputy Director of the Domestic Policy Council ( 1995 -- 1999 ) John Paul Stevens Neil Gorsuch August 29, 1967 Denver, Colorado Donald Trump 54 -- 45 49 7004186110000000000 ♠ 50 April 10, 2017 1 year, 4 months Circuit Judge, Court of Appeals for the Tenth Circuit ( 2006 -- 2017 ); Principal Deputy Associate Attorney General and Acting Associate Attorney General ( 2005 -- 2006 ) Antonin Scalia Vacant Anthony Kennedy Vacancy""}",nq,fewshot,0.0,0.07912087912087913,False,False,False,True
can a member of the supreme court be removed,"Yes, a Supreme Court justice can be removed through impeachment by the House of Representatives and conviction by the Senate, though no justice has ever been removed this way. Justices hold office ""during good behavior,"" which effectively means life tenure unless they resign, retire, or are impeached and convicted. Only one justice (Samuel Chase in 1804) has been impeached by the House, but he was acquitted by the Senate.",Supreme Court of the United States,2414953926000691150,"{'short_answer': '', 'long_answer': ""According to federal statute, the Court normally consists of the Chief Justice of the United States and eight associate justices who are nominated by the President and confirmed by the Senate. Once appointed, justices have lifetime tenure unless they resign, retire, or are removed after impeachment ( though no justice has ever been removed ). In modern discourse, the justices are often categorized as having conservative, moderate, or liberal philosophies of law and of judicial interpretation. Each justice has one vote, and it is worth noting while a far greater number of cases in recent history have been decided unanimously, decisions in cases of the highest profile have come down to just one single vote, thereby exposing the justices ' ideological beliefs that track with those philosophical or political categories. The Court meets in the Supreme Court Building in Washington, D.C.""}",nq,fewshot,0.0,0.32460732984293195,False,False,True,False
how long is a term in office for a supreme court justice,"Life tenure (they serve until they resign, retire, or are removed through impeachment).",Supreme Court of the United States,1455193810716383078,"{'short_answer': 'Life tenure', 'long_answer': ""Supreme Court of the United States Established March 4, 1789; 229 years ago ( 1789 - 03 - 04 ) Country United States Location Washington, D.C., U.S. Coordinates 38 ° 53 ′ 26 '' N 77 ° 00 ′ 16 '' W \ufeff / \ufeff 38.89056 ° N 77.00444 ° W \ufeff / 38.89056; - 77.00444 Coordinates: 38 ° 53 ′ 26 '' N 77 ° 00 ′ 16 '' W \ufeff / \ufeff 38.89056 ° N 77.00444 ° W \ufeff / 38.89056; - 77.00444 Composition method Presidential nomination with Senate confirmation Authorized by United States Constitution Judge term length Life tenure No. of positions 9 by statute Website SupremeCourt.gov Chief Justice of the United States Currently John Roberts Since September 29, 2005; 12 years ago ( 2005 - 09 - 29 )""}",nq,fewshot,0.0,0.2666666666666667,False,False,False,True
who appointed the justices of the supreme court,"Based on the context provided, the current U.S. Supreme Court justices were appointed by the following presidents:

**Appointed by Republican presidents (5):**
- **John Roberts** (Chief Justice) - appointed by George W. Bush
- **Anthony Kennedy** - appointed by Ronald Reagan
- **Clarence Thomas** - appointed by George H.W. Bush
- **Samuel Alito** - appointed by George W. Bush
- **Neil Gorsuch** - appointed by Donald Trump

**Appointed by Democratic presidents (4):**
- **Ruth Bader Ginsburg** - appointed by Bill Clinton
- **Stephen Breyer** - appointed by Bill Clinton
- **Sonia Sotomayor** - appointed by Barack Obama
- **Elena Kagan** - appointed by Barack Obama

The text notes: ""Following the confirmation of Neil Gorsuch in 2017, the Court consists of five justices appointed by Republican presidents and four appointed by Democratic presidents.""",Supreme Court of the United States,-4093939767332236344,"{'short_answer': '', 'long_answer': ""Name Birth Appointed by Senate confirmation vote Age at appointment Current age First day / Length of service Previous positions Succeeded John Roberts ( Chief Justice ) January 27, 1955 Buffalo, New York George W. Bush 78 -- 22 50 7004232250000000000 ♠ 63 September 29, 2005 12 years, 11 months Circuit Judge, Court of Appeals for the D.C. Circuit ( 2003 -- 2005 ); Principal Deputy Solicitor General ( 1989 -- 1993 ); Associate Counsel to the President ( 1982 -- 1986 ) William Rehnquist Clarence Thomas June 23, 1948 Pin Point, Georgia George H.W. Bush 52 -- 48 43 7004256340000000000 ♠ 70 October 23, 1991 26 years, 10 months Circuit Judge, Court of Appeals for the D.C. Circuit ( 1990 -- 1991 ); Chairman, Equal Employment Opportunity Commission ( 1982 -- 1990 ); Assistant Attorney General in Missouri under State Attorney General John Danforth ( 1974 -- 1977 ) Thurgood Marshall Ruth Bader Ginsburg March 15, 1933 Brooklyn, New York Bill Clinton 96 -- 3 60 7004312130000000000 ♠ 85 August 10, 1993 25 years Circuit Judge, Court of Appeals for the D.C. Circuit ( 1980 -- 1993 ); General Counsel, American Civil Liberties Union ( 1973 -- 1980 ) Byron White Stephen Breyer August 15, 1938 San Francisco, California Bill Clinton 87 -- 9 55 7004292340000000000 ♠ 80 August 3, 1994 24 years Chief Judge, Court of Appeals for the First Circuit ( 1990 -- 1994 ); Circuit Judge, Court of Appeals for the First Circuit ( 1980 -- 1990 ) Harry Blackmun Samuel Alito April 1, 1950 Trenton, New Jersey George W. Bush 58 -- 42 55 7004249870000000000 ♠ 68 January 31, 2006 12 years, 6 months Circuit Judge, Court of Appeals for the Third Circuit ( 1990 -- 2006 ); U.S. Attorney for the District of New Jersey ( 1987 -- 1990 ); Deputy Assistant Attorney General ( 1985 -- 1987 ); Assistant to the Solicitor General ( 1981 -- 1985 ) Sandra Day O'Connor Sonia Sotomayor June 25, 1954 The Bronx, New York Barack Obama 68 -- 31 55 7004234410000000000 ♠ 64 August 8, 2009 9 years Circuit Judge, Court of Appeals for the Second Circuit ( 1998 -- 2009 ); District Judge, District Court for the Southern District of New York ( 1992 -- 1998 ) David Souter Elena Kagan April 28, 1960 Manhattan, New York Barack Obama 63 -- 37 50 7004213070000000000 ♠ 58 August 7, 2010 8 years Solicitor General of the United States ( 2009 -- 2010 ); Dean of Harvard Law School ( 2003 -- 2009 ); Associate White House Counsel ( 1995 -- 1999 ); Deputy Director of the Domestic Policy Council ( 1995 -- 1999 ) John Paul Stevens Neil Gorsuch August 29, 1967 Denver, Colorado Donald Trump 54 -- 45 49 7004186280000000000 ♠ 51 April 10, 2017 1 year, 4 months Circuit Judge, Court of Appeals for the Tenth Circuit ( 2006 -- 2017 ); Principal Deputy Associate Attorney General and Acting Associate Attorney General ( 2005 -- 2006 ) Antonin Scalia Vacant Anthony Kennedy Vacancy""}",nq,fewshot,0.0,0.20229007633587784,False,False,False,True
what kind of jurisdiction the supreme court has,"The Supreme Court has two types of jurisdiction:

1. **Original jurisdiction** - over a small range of cases, primarily disputes between two or more states (e.g., United States v. Texas, Virginia v. Tennessee, New Jersey v. Delaware, Kansas v. Colorado",Supreme Court of the United States,-2439044835977709890,"{'short_answer': '', 'long_answer': 'The Supreme Court of the United States is the highest federal court of the United States. Established pursuant to Article Three of the United States Constitution in 1789, it has ultimate ( and largely discretionary ) appellate jurisdiction over all federal courts and state court cases involving issues of federal law plus original jurisdiction over a small range of cases. In the legal system of the United States, the Supreme Court is generally the final interpreter of federal law including the United States Constitution, but it may act only within the context of a case, in which it has jurisdiction. The Court does not have power to decide political questions, and its enforcement arm is in the executive rather than judicial branch of government.'}",nq,fewshot,0.0,0.20833333333333334,False,False,False,True
what is the term of office for the supreme court,"Life tenure (during good behavior). Justices serve until they resign, retire, or are removed through impeachment.",Supreme Court of the United States,-4145891748945967818,"{'short_answer': 'Life tenure', 'long_answer': ""Supreme Court of the United States Established March 4, 1789 ( 228 years ago ) ( 1789 - 03 - 04 ) Country United States Location Washington, D.C., United States Coordinates 38 ° 53 ′ 26 '' N 77 ° 00 ′ 16 '' W \ufeff / \ufeff 38.89056 ° N 77.00444 ° W \ufeff / 38.89056; - 77.00444 Coordinates: 38 ° 53 ′ 26 '' N 77 ° 00 ′ 16 '' W \ufeff / \ufeff 38.89056 ° N 77.00444 ° W \ufeff / 38.89056; - 77.00444 Composition method Presidential nomination with Senate confirmation Authorized by United States Constitution Judge term length Life tenure No. of positions 9, by statute Website www.supremecourt.gov Chief Justice of the United States Currently John Roberts Since September 29, 2005""}",nq,fewshot,0.0,0.2222222222222222,False,False,False,True
who has the power to remove a supreme court justice,"Congress has the power to remove a Supreme Court justice through impeachment. The House of Representatives impeaches (brings charges), and the Senate conducts the trial and must convict for removal. As stated in the context: ""justices may serve for the remainder of their lives, unless they are impeached and convicted by Congress, resign, or retire."" Only one justice (Samuel Chase) has ever been impeached by the House, but he was acquitted by the Senate. No justice has ever been removed through this process.",Supreme Court of the United States,163992179042629324,"{'short_answer': 'Congress,', 'long_answer': ""The Constitution provides that justices `` shall hold their offices during good behavior '' ( unless appointed during a Senate recess ). The term `` good behavior '' is understood to mean justices may serve for the remainder of their lives, unless they are impeached and convicted by Congress, resign, or retire. Only one justice has been impeached by the House of Representatives ( Samuel Chase, March 1804 ), but he was acquitted in the Senate ( March 1805 ). Moves to impeach sitting justices have occurred more recently ( for example, William O. Douglas was the subject of hearings twice, in 1953 and again in 1970; and Abe Fortas resigned while hearings were being organized in 1969 ), but they did not reach a vote in the House. No mechanism exists for removing a justice who is permanently incapacitated by illness or injury, but unable ( or unwilling ) to resign.""}",nq,fewshot,0.0,0.4554455445544554,False,False,True,False
what is the maximum number of supreme court justices allowed,"The U.S. Constitution does not specify a maximum number of Supreme Court justices. Article III leaves the size of the Court to Congress, which sets the number by statute. Currently, federal statute provides for **nine justices** (one Chief Justice and eight associate justices), a number that has remained unchanged since 1",Supreme Court of the United States,1610567325806532817,"{'short_answer': '', 'long_answer': ""Article III of the United States Constitution does not specify the number of justices. The Judiciary Act of 1789 called for the appointment of six `` judges ''. Although an 1801 act would have reduced the size of the court to five members upon its next vacancy, an 1802 act promptly negated the 1801 act, legally restoring the court 's size to six members before any such vacancy occurred. As the nation 's boundaries grew, Congress added justices to correspond with the growing number of judicial circuits: seven in 1807, nine in 1837, and ten in 1863.""}",nq,fewshot,0.0,0.3125,False,False,True,False
who decides the size and number of federal courts,"Congress decides the size and number of federal courts. The Constitution establishes the Supreme Court but does not specify the number of justices—Article III leaves that to Congress. The Judiciary Act of 1789 initially set the Court at six justices, and Congress has changed the size multiple times since (e.g., seven in 1807, nine in 1837, ten in 1863, back to nine in 1869). Additionally, the text states: ""The Supreme Court was the only court specifically established by the Constitution while all other federal courts were created by Congress."" The current size of nine justices is set by federal statute.",Supreme Court of the United States,1112304613959778600,"{'short_answer': 'Supreme Court of the United States is', 'long_answer': 'The Supreme Court of the United States is the highest federal court of the United States. Established pursuant to Article Three of the United States Constitution in 1789, it has ultimate ( and largely discretionary ) appellate jurisdiction over all federal courts and state court cases involving issues of federal law plus original jurisdiction over a small range of cases. In the legal system of the United States, the Supreme Court is generally the final interpreter of federal law including the United States Constitution, but it may act only within the context of a case, in which it has jurisdiction. The Court does not have power to decide political questions, and its enforcement arm is in the executive rather than judicial branch of government.'}",nq,fewshot,0.0,0.358974358974359,False,False,True,False
who appointed the current justices of the supreme court,"Based on the context provided, the current Supreme Court justices and their appointing presidents are:

1. **John Roberts** (Chief Justice) - appointed by **George W. Bush**
2. **Anthony Kennedy** - appointed by **Ronald Reagan**
3. **Clarence Thomas** - appointed by **George H.W. Bush**
4. **Ruth Bader Ginsburg** - appointed by **Bill Clinton**
5. **Stephen Breyer** - appointed by **Bill Clinton**
6. **Samuel Alito** - appointed by **George W. Bush**
7. **Sonia Sotomayor** - appointed by **Barack Obama**
8. **Elena Kagan** - appointed by **Barack Obama**
9. **Neil Gorsuch** - appointed by **Donald Trump**

The context notes that following Gorsuch's confirmation in 2017, the Court consisted of five justices appointed by Republican presidents (Roberts, Kennedy, Thomas, Alito, Gorsuch) and four appointed by Democratic presidents (Ginsburg, Breyer, Sotomayor, Kagan).",Supreme Court of the United States,8790951508500658794,"{'short_answer': 'George W. Bush', 'long_answer': ""Name Birth Appointed by Senate confirmation vote Age at appointment Current age First day / Length of service Previous positions Succeeded John Roberts ( Chief Justice ) January 27, 1955 Buffalo, New York George W. Bush 78 -- 22 50 7004232250000000000 ♠ 63 September 29, 2005 12 years, 11 months Circuit Judge, Court of Appeals for the D.C. Circuit ( 2003 -- 2005 ); Principal Deputy Solicitor General ( 1989 -- 1993 ); Associate Counsel to the President ( 1982 -- 1986 ) William Rehnquist Clarence Thomas June 23, 1948 Pin Point, Georgia George H.W. Bush 52 -- 48 43 7004256340000000000 ♠ 70 October 23, 1991 26 years, 10 months Circuit Judge, Court of Appeals for the D.C. Circuit ( 1990 -- 1991 ); Chairman, Equal Employment Opportunity Commission ( 1982 -- 1990 ); Assistant Attorney General in Missouri under State Attorney General John Danforth ( 1974 -- 1977 ) Thurgood Marshall Ruth Bader Ginsburg March 15, 1933 Brooklyn, New York Bill Clinton 96 -- 3 60 7004312130000000000 ♠ 85 August 10, 1993 25 years Circuit Judge, Court of Appeals for the D.C. Circuit ( 1980 -- 1993 ); General Counsel, American Civil Liberties Union ( 1973 -- 1980 ) Byron White Stephen Breyer August 15, 1938 San Francisco, California Bill Clinton 87 -- 9 55 7004292340000000000 ♠ 80 August 3, 1994 24 years Chief Judge, Court of Appeals for the First Circuit ( 1990 -- 1994 ); Circuit Judge, Court of Appeals for the First Circuit ( 1980 -- 1990 ) Harry Blackmun Samuel Alito April 1, 1950 Trenton, New Jersey George W. Bush 58 -- 42 55 7004249870000000000 ♠ 68 January 31, 2006 12 years, 6 months Circuit Judge, Court of Appeals for the Third Circuit ( 1990 -- 2006 ); U.S. Attorney for the District of New Jersey ( 1987 -- 1990 ); Deputy Assistant Attorney General ( 1985 -- 1987 ); Assistant to the Solicitor General ( 1981 -- 1985 ) Sandra Day O'Connor Sonia Sotomayor June 25, 1954 The Bronx, New York Barack Obama 68 -- 31 55 7004234410000000000 ♠ 64 August 8, 2009 9 years Circuit Judge, Court of Appeals for the Second Circuit ( 1998 -- 2009 ); District Judge, District Court for the Southern District of New York ( 1992 -- 1998 ) David Souter Elena Kagan April 28, 1960 Manhattan, New York Barack Obama 63 -- 37 50 7004213070000000000 ♠ 58 August 7, 2010 8 years Solicitor General of the United States ( 2009 -- 2010 ); Dean of Harvard Law School ( 2003 -- 2009 ); Associate White House Counsel ( 1995 -- 1999 ); Deputy Director of the Domestic Policy Council ( 1995 -- 1999 ) John Paul Stevens Neil Gorsuch August 29, 1967 Denver, Colorado Donald Trump 54 -- 45 49 7004186280000000000 ♠ 51 April 10, 2017 1 year, 4 months Circuit Judge, Court of Appeals for the Tenth Circuit ( 2006 -- 2017 ); Principal Deputy Associate Attorney General and Acting Associate Attorney General ( 2005 -- 2006 ) Antonin Scalia Vacant Anthony Kennedy Vacancy""}",nq,fewshot,0.0,0.21509433962264152,False,False,False,True
how many supreme court justices were there originally,"The original Supreme Court had six justices. The Judiciary Act of 1789 called for the appointment of six ""judges,"" and the Court first convened on February 2, 1790, with six positions (though only five were initially filled).",Supreme Court of the United States,8207159288020095204,"{'short_answer': 'six initial', 'long_answer': ""The Court first convened on February 2, 1790, with six judges where only five of its six initial positions were filled. According to historian Fergus Bordewich, in its first session: `` ( T ) he Supreme Court convened for the first time at the Royal Exchange Building on Broad Street, a few steps from Federal Hall. Symbolically, the moment was pregnant with promise for the republic, this birth of a new national institution whose future power, admittedly, still existed only in the eyes and minds of just a few visionary Americans. Impressively bewigged and swathed in their robes of office, Chief Justice John Jay and three associate justices -- William Cushing of Massachusetts, James Wilson of Pennsylvania, and John Blair of Virginia -- sat augustly before a throng of spectators and waited for something to happen. Nothing did. They had no cases to consider. After a week of inactivity, they adjourned until September, and everyone went home. ''""}",nq,fewshot,0.0,0.27586206896551724,False,False,False,True
where is the united states supreme court located,"Washington, D.C., United States",Supreme Court of the United States,-8476741213124230747,"{'short_answer': 'the Supreme Court Building in Washington, D.C.', 'long_answer': ""According to federal statute, the Court normally consists of the Chief Justice of the United States and eight associate justices who are nominated by the President and confirmed by the Senate. Once appointed, justices have lifetime tenure unless they resign, retire, or are removed after impeachment ( though no justice has ever been removed ). In modern discourse, the justices are often categorized as having conservative, moderate, or liberal philosophies of law and of judicial interpretation. Each justice has one vote, and it is worth noting while a far greater number of cases in recent history have been decided unanimously, decisions in cases of the highest profile have come down to just one single vote, thereby exposing the justices ' ideological beliefs that track with those philosophical or political categories. The Court meets in the Supreme Court Building in Washington, D.C.""}",nq,fewshot,0.0,0.4,False,False,True,False
the number of justices serving on the supreme court is determined by,The number of justices serving on the Supreme Court is determined by Congress through legislation. Article III of the U.S. Constitution does not specify the,Supreme Court of the United States,-4733085843277341798,"{'short_answer': '', 'long_answer': ""Article III of the United States Constitution does not specify the number of justices. The Judiciary Act of 1789 called for the appointment of six `` judges ''. Although an 1801 act would have reduced the size of the court to five members upon its next vacancy, an 1802 act promptly negated the 1801 act, legally restoring the court 's size to six members before any such vacancy occurred. As the nation 's boundaries grew, Congress added justices to correspond with the growing number of judicial circuits: seven in 1807, nine in 1837, and ten in 1863.""}",nq,fewshot,0.0,0.23076923076923075,False,False,False,True
when did the supreme court get nine justices,,Supreme Court of the United States,3789661245903804501,"{'short_answer': '1869,', 'long_answer': 'In 1866, at the behest of Chief Justice Chase, Congress passed an act providing that the next three justices to retire would not be replaced, which would thin the bench to seven justices by attrition. Consequently, one seat was removed in 1866 and a second in 1867. In 1869, however, the Circuit Judges Act returned the number of justices to nine, where it has since remained.'}",nq,fewshot,0.0,0.0,True,False,False,False
what is the term for supreme court judges,Life tenure (or lifetime tenure),Supreme Court of the United States,-2333242006980505823,"{'short_answer': 'lifetime tenure unless', 'long_answer': ""According to federal statute, the Court normally consists of the Chief Justice of the United States and eight associate justices who are nominated by the President and confirmed by the Senate. Once appointed, justices have lifetime tenure unless they resign, retire, or are removed after impeachment ( though no justice has ever been removed ). In modern discourse, the justices are often categorized as having conservative, moderate, or liberal philosophies of law and of judicial interpretation. Each justice has one vote, and it is worth noting that while a far greater number of cases in recent history have been decided unanimously, decisions in cases of the highest profile have often come down to just one single vote, thereby exposing the justices ' ideological beliefs that track with those philosophical or political categories. The Court meets in the Supreme Court Building in Washington, D.C.""}",nq,fewshot,0.0,0.5,False,False,True,False
how many members does the us supreme court have,"The US Supreme Court has 9 members (1 Chief Justice and 8 Associate Justices), as set by federal statute since 1869.",Supreme Court of the United States,609213267714876351,"{'short_answer': 'nine justices', 'long_answer': 'The court is currently filled with nine justices. The most recent justice to join to the court was Neil Gorsuch, who was nominated by President Donald Trump on January 31, 2017, and confirmed on April 7, 2017, by the Senate.'}",nq,fewshot,0.0,0.17857142857142858,False,False,False,True
much of the authority of the us supreme court is based on its power to,declare laws unconstitutional (judicial review),Supreme Court of the United States,-988869416948042968,"{'short_answer': 'ultimate ( and largely discretionary ) appellate jurisdiction over all federal courts and state court cases involving issues of federal law plus original jurisdiction over a small range of cases.', 'long_answer': 'The Supreme Court of the United States is the highest federal court of the United States. Established pursuant to Article Three of the United States Constitution in 1789, it has ultimate ( and largely discretionary ) appellate jurisdiction over all federal courts and state court cases involving issues of federal law plus original jurisdiction over a small range of cases. In the legal system of the United States, the Supreme Court is generally the final interpreter of federal law including the United States Constitution, but it may act only within the context of a case, in which it has jurisdiction. The Court does not have power to decide political questions, and its enforcement arm is in the executive rather than judicial branch of government.'}",nq,fewshot,0.0,0.017857142857142856,False,False,False,True
what's the highest court in the us,The Supreme Court of the United States is the highest federal court of the United States.,Supreme Court of the United States,-3037250393512971235,"{'short_answer': 'The Supreme Court of the United States is', 'long_answer': 'The Supreme Court of the United States is the highest federal court of the United States. Established pursuant to Article Three of the United States Constitution in 1789, it has ultimate ( and largely discretionary ) appellate jurisdiction over all federal courts and state court cases involving issues of federal law plus original jurisdiction over a small range of cases. In the legal system of the United States, the Supreme Court is generally the final interpreter of federal law including the United States Constitution, but it may act only within the context of a case, in which it has jurisdiction. The Court does not have power to decide political questions, and its enforcement arm is in the executive rather than judicial branch of government.'}",nq,fewshot,0.0,0.6666666666666666,False,False,True,False
how many members are there of the supreme court,9,Supreme Court of the United States,7514836964275799080,"{'short_answer': 'nine Justices', 'long_answer': 'The court is currently filled with nine Justices. The most recent justice to join to the court was Neil Gorsuch, who was nominated by President Donald Trump on January 31, 2017, and confirmed on April 7, 2017, by the U.S. Senate.'}",nq,fewshot,0.0,0.0,False,False,False,False
how old are the u.s. supreme court justices,"Based on the provided context, here are the current ages of the U.S. Supreme Court justices:

**Current Justices and Their Ages:**
- **John Roberts** (Chief Justice): 69 years old (born January 27, 1955)
- **Anthony Kennedy**: 87 years old (born July 23, 1936)
- **Clarence Thomas**: 75 years old (born June",Supreme Court of the United States,7781842997827267551,"{'short_answer': '', 'long_answer': ""Name Birth Appointed by Senate confirmation vote Age at appointment Current age First day / Length of service Previous positions Succeeded John Roberts ( Chief Justice ) January 27, 1955 Buffalo, New York George W. Bush 78 -- 22 50 7004232080000000000 ♠ 63 September 29, 2005 12 years, 10 months Circuit Judge, Court of Appeals for the D.C. Circuit ( 2003 -- 2005 ); Principal Deputy Solicitor General ( 1989 -- 1993 ); Associate Counsel to the President ( 1982 -- 1986 ) William Rehnquist Clarence Thomas June 23, 1948 Pin Point, Georgia George H.W. Bush 52 -- 48 43 7004256170000000000 ♠ 70 October 23, 1991 26 years, 9 months Circuit Judge, Court of Appeals for the D.C. Circuit ( 1990 -- 1991 ); Chairman, Equal Employment Opportunity Commission ( 1982 -- 1990 ); Assistant Attorney General in Missouri under State Attorney General John Danforth ( 1974 -- 1977 ) Thurgood Marshall Ruth Bader Ginsburg March 15, 1933 Brooklyn, New York Bill Clinton 96 -- 3 60 7004311960000000000 ♠ 85 August 10, 1993 25 years Circuit Judge, Court of Appeals for the D.C. Circuit ( 1980 -- 1993 ); General Counsel, American Civil Liberties Union ( 1973 -- 1980 ) Byron White Stephen Breyer August 15, 1938 San Francisco, California 87 -- 9 55 7004292170000000000 ♠ 79 August 3, 1994 24 years Chief Judge, Court of Appeals for the First Circuit ( 1990 -- 1994 ); Circuit Judge, Court of Appeals for the First Circuit ( 1980 -- 1990 ) Harry Blackmun Samuel Alito April 1, 1950 Trenton, New Jersey George W. Bush 58 -- 42 55 7004249700000000000 ♠ 68 January 31, 2006 12 years, 6 months Circuit Judge, Court of Appeals for the Third Circuit ( 1990 -- 2006 ); U.S. Attorney for the District of New Jersey ( 1987 -- 1990 ); Deputy Assistant Attorney General ( 1985 -- 1987 ); Assistant to the Solicitor General ( 1981 -- 1985 ) Sandra Day O'Connor Sonia Sotomayor June 25, 1954 The Bronx, New York Barack Obama 68 -- 31 55 7004234240000000000 ♠ 64 August 8, 2009 9 years Circuit Judge, Court of Appeals for the Second Circuit ( 1998 -- 2009 ); District Judge, District Court for the Southern District of New York ( 1992 -- 1998 ) David Souter Elena Kagan April 28, 1960 Manhattan, New York 63 -- 37 50 7004212900000000000 ♠ 58 August 7, 2010 8 years Solicitor General of the United States ( 2009 -- 2010 ); Dean of Harvard Law School ( 2003 -- 2009 ); Associate White House Counsel ( 1995 -- 1999 ); Deputy Director of the Domestic Policy Council ( 1995 -- 1999 ) John Paul Stevens Neil Gorsuch August 29, 1967 Denver, Colorado Donald Trump 54 -- 45 49 7004186110000000000 ♠ 50 April 10, 2017 1 year, 4 months Circuit Judge, Court of Appeals for the Tenth Circuit ( 2006 -- 2017 ); Principal Deputy Associate Attorney General and Acting Associate Attorney General ( 2005 -- 2006 ) Antonin Scalia Vacant Anthony Kennedy Vacancy""}",nq,fewshot,0.0,0.09628008752735229,False,False,False,True
how many us supreme court justices are there,9,Supreme Court of the United States,-4028808201354199914,"{'short_answer': '9,', 'long_answer': ""Supreme Court of the United States Established June 21, 1788; 229 years ago ( 1788 - 06 - 21 ) Country United States Location Washington, D.C., United States Coordinates 38 ° 53 ′ 26 '' N 77 ° 00 ′ 16 '' W \ufeff / \ufeff 38.89056 ° N 77.00444 ° W \ufeff / 38.89056; - 77.00444 Coordinates: 38 ° 53 ′ 26 '' N 77 ° 00 ′ 16 '' W \ufeff / \ufeff 38.89056 ° N 77.00444 ° W \ufeff / 38.89056; - 77.00444 Composition method Presidential nomination with Senate confirmation Authorized by United States Constitution Judge term length Life tenure No. of positions 9, by statute Website www.supremecourt.gov Chief Justice of the United States Currently John G. Roberts Since September 29, 2005""}",nq,fewshot,1.0,1.0,False,True,False,False
what is the length of term of office for a supreme court justice,"Life tenure (justices serve until they resign, retire, or are removed through impeachment)",Supreme Court of the United States,-5069407596860940950,"{'short_answer': 'lifetime tenure unless', 'long_answer': ""According to federal statute, the Court normally consists of the Chief Justice of the United States and eight associate justices who are nominated by the President and confirmed by the Senate. Once appointed, justices have lifetime tenure unless they resign, retire, or are removed after impeachment ( though no justice has ever been removed ). In modern discourse, the justices are often categorized as having conservative, moderate, or liberal philosophies of law and of judicial interpretation. Each justice has one vote, and it is worth noting that while a far greater number of cases in recent history have been decided unanimously, decisions in cases of the highest profile have often come down to just one single vote, thereby exposing the justices ' ideological beliefs that track with those philosophical or political categories. The Court meets in the Supreme Court Building in Washington, D.C.""}",nq,fewshot,0.0,0.1267605633802817,False,False,False,True
where do a majority of supreme court cases come from,"Almost all Supreme Court cases come to the Court on appeal (appellate jurisdiction). The Court rarely exercises original jurisdiction, which in practice is limited to disputes between two or more states. The Court's appellate jurisdiction consists primarily of appeals from federal courts of appeals and from the highest state courts.",Supreme Court of the United States,-8398551791510887037,"{'short_answer': 'by way of petitions for writs of certiorari,', 'long_answer': ""Nearly all cases come before the court by way of petitions for writs of certiorari, commonly referred to as `` cert ''. The Court may review any case in the federal courts of appeals `` by writ of certiorari granted upon the petition of any party to any civil or criminal case. '' Court may only review `` final judgments rendered by the highest court of a state in which a decision could be had '' if those judgments involve a question of federal statutory or constitutional law. The party that appealed to the Court is the petitioner and the non-mover is the respondent. All case names before the Court are styled petitioner v. respondent, regardless of which party initiated the lawsuit in the trial court. For example, criminal prosecutions are brought in the name of the state and against an individual, as in State of Arizona v. Ernesto Miranda. If the defendant is convicted, and his conviction then is affirmed on appeal in the state supreme court, when he petitions for cert the name of the case becomes Miranda v. Arizona.""}",nq,fewshot,0.0,0.23115577889447234,False,False,False,True
what is the age of supreme court justices,"The average age of Supreme Court justices is 67 years and 4 months. Individual justices' ages vary, with current justices ranging from their 50s to 80s (based on the data provided in the context).",Supreme Court of the United States,6861377689727785410,"{'short_answer': '62', 'long_answer': ""Name Date of birth Appointed by Senate confirmation vote Age at appointment Current age First day / Length of service Previous positions Succeeded Roberts, John John Roberts ( Chief Justice ) 000000001955 - 01 - 27 - 0000 January 27, 1955 Buffalo, New York Bush, George W. George W. Bush 78 -- 22 50 7001620000000000000 ♠ 62 000000002005 - 09 - 29 - 0000 September 29, 2005 12 years Circuit Judge, Court of Appeals for the D.C. Circuit ( 2003 -- 2005 ); Principal Deputy Solicitor General ( 1989 -- 1993 ); Associate Counsel to the President ( 1982 -- 1986 ) William Rehnquist Kennedy, Anthony Anthony Kennedy 000000001936 - 07 - 23 - 0000 July 23, 1936 Sacramento, California Reagan, Ronald Ronald Reagan 97 -- 0 51 7001810000000000000 ♠ 81 000000001988 - 02 - 18 - 0000 February 18, 1988 29 years, 8 months Circuit Judge, Court of Appeals for the Ninth Circuit ( 1975 -- 1988 ); Private practice ( 1963 -- 1975 ) Lewis Powell Thomas, Clarence Clarence Thomas 000000001948 - 06 - 23 - 0000 June 23, 1948 Pin Point, Georgia Bush, George H.W. George H.W. Bush 52 -- 48 43 7001690000000000000 ♠ 69 000000001991 - 10 - 23 - 0000 October 23, 1991 26 years Circuit Judge, Court of Appeals for the D.C. Circuit ( 1990 -- 1991 ); Chairman, Equal Employment Opportunity Commission ( 1982 -- 1990 ); Assistant Attorney General in Missouri under State Attorney General John Danforth ( 1974 -- 1977 ) Thurgood Marshall Ginsburg, Ruth Bader Ruth Bader Ginsburg 000000001933 - 03 - 15 - 0000 March 15, 1933 Brooklyn, New York Clinton, Bill Bill Clinton 96 -- 3 60 7001840000000000000 ♠ 84 000000001993 - 08 - 10 - 0000 August 10, 1993 24 years, 2 months Circuit Judge, Court of Appeals for the D.C. Circuit ( 1980 -- 1993 ); General Counsel, American Civil Liberties Union ( 1973 -- 1980 ) Byron White Breyer, Stephen Stephen Breyer 000000001938 - 08 - 15 - 0000 August 15, 1938 San Francisco, California 87 -- 9 55 7001790000000000000 ♠ 79 000000001994 - 08 - 03 - 0000 August 3, 1994 23 years, 2 months Chief Judge, Court of Appeals for the First Circuit ( 1990 -- 1994 ); Circuit Judge, Court of Appeals for the First Circuit ( 1980 -- 1990 ) Harry Blackmun Alito, Samuel Samuel Alito 000000001950 - 04 - 01 - 0000 April 1, 1950 Trenton, New Jersey George W. Bush 58 -- 42 55 7001670000000000000 ♠ 67 000000002006 - 01 - 31 - 0000 January 31, 2006 11 years, 8 months Circuit Judge, Court of Appeals for the Third Circuit ( 1990 -- 2006 ); U.S. Attorney for the District of New Jersey ( 1987 -- 1990 ); Deputy Assistant Attorney General ( 1985 -- 1987 ); Assistant to the Solicitor General ( 1981 -- 1985 ) Sandra Day O'Connor Sotomayor, Sonia Sonia Sotomayor 000000001954 - 06 - 25 - 0000 June 25, 1954 The Bronx, New York Obama, Barack Barack Obama 68 -- 31 55 7001630000000000000 ♠ 63 000000002009 - 08 - 08 - 0000 August 8, 2009 8 years, 2 months Circuit Judge, Court of Appeals for the Second Circuit ( 1998 -- 2009 ); District Judge, District Court for the Southern District of New York ( 1992 -- 1998 ) David Souter Kagan, Elena Elena Kagan 000000001960 - 04 - 28 - 0000 April 28, 1960 Manhattan, New York 63 -- 37 50 7001570000000000000 ♠ 57 000000002010 - 08 - 07 - 0000 August 7, 2010 7 years, 2 months Solicitor General of the United States ( 2009 -- 2010 ); Dean of Harvard Law School ( 2003 -- 2009 ); Associate White House Counsel ( 1995 -- 1999 ); Deputy Director of the Domestic Policy Council ( 1995 -- 1999 ); John Paul Stevens Gorsuch, Neil Neil Gorsuch 000000001967 - 08 - 29 - 0000 August 29, 1967 Denver, Colorado Trump, Donald Donald Trump 54 -- 45 49 7001500000000000000 ♠ 50 000000002017 - 04 - 10 - 0000 April 10, 2017 6 months and 15 days Circuit Judge, Court of Appeals for the Tenth Circuit ( 2006 -- 2017 ); Principal Deputy Associate Attorney General and Acting Associate Attorney General ( 2005 -- 2006 ); Antonin Scalia""}",nq,fewshot,0.0,0.03395585738539898,False,False,False,True
there are currently how many sitting members on the us supreme court,9,Supreme Court of the United States,-7706478460071646122,"{'short_answer': '9 by', 'long_answer': ""Supreme Court of the United States Established March 4, 1789; 229 years ago ( 1789 - 03 - 04 ) Country United States Location Washington, D.C., U.S. Coordinates 38 ° 53 ′ 26 '' N 77 ° 00 ′ 16 '' W \ufeff / \ufeff 38.89056 ° N 77.00444 ° W \ufeff / 38.89056; - 77.00444 Coordinates: 38 ° 53 ′ 26 '' N 77 ° 00 ′ 16 '' W \ufeff / \ufeff 38.89056 ° N 77.00444 ° W \ufeff / 38.89056; - 77.00444 Composition method Presidential nomination with Senate confirmation Authorized by United States Constitution Judge term length Life tenure No. of positions 9 by statute Website www.supremecourt.gov Chief Justice of the United States Currently John Roberts Since September 29, 2005; 12 years ago ( 2005 - 09 - 29 )""}",nq,fewshot,0.0,0.6666666666666666,False,False,True,False
supreme court justice are appointed for a term of,"Life tenure (they serve during ""good behavior"" unless they resign, retire, or are removed after impeachment).",Supreme Court of the United States,-326818077463658630,"{'short_answer': 'Life tenure', 'long_answer': ""Supreme Court of the United States Established March 4, 1789; 229 years ago ( 1789 - 03 - 04 ) Country United States Location Washington, D.C., U.S. Coordinates 38 ° 53 ′ 26 '' N 77 ° 00 ′ 16 '' W \ufeff / \ufeff 38.89056 ° N 77.00444 ° W \ufeff / 38.89056; - 77.00444 Coordinates: 38 ° 53 ′ 26 '' N 77 ° 00 ′ 16 '' W \ufeff / \ufeff 38.89056 ° N 77.00444 ° W \ufeff / 38.89056; - 77.00444 Composition method Presidential nomination with Senate confirmation Authorized by United States Constitution Judge term length Life tenure No. of positions 9 by statute Website www.supremecourt.gov Chief Justice of the United States Currently John Roberts Since September 29, 2005; 12 years ago ( 2005 - 09 - 29 )""}",nq,fewshot,0.0,0.2222222222222222,False,False,False,True
who determines the number of justices on supreme court,"Congress determines the number of justices on the Supreme Court through federal statute. The U.S. Constitution (Article III) does not specify the number of justices, leaving it to Congress to set the size of the Court. The Judiciary Act of 1789 initially set it at six, and Congress has changed the number several times since then. Since 1869, the number has been fixed at nine (one Chief Justice and eight associate justices) by statute.",Supreme Court of the United States,-1814207563657500361,"{'short_answer': '', 'long_answer': ""Article III of the United States Constitution does not specify the number of justices. The Judiciary Act of 1789 called for the appointment of six `` judges ''. Although an 1801 act would have reduced the size of the court to five members upon its next vacancy, an 1802 act promptly negated the 1801 act, legally restoring the court 's size to six members before any such vacancy occurred. As the nation 's boundaries grew, Congress added justices to correspond with the growing number of judicial circuits: seven in 1807, nine in 1837, and ten in 1863.""}",nq,fewshot,0.0,0.35135135135135137,False,False,True,False
who won the first stage of the 2018 tour de france,Fernando Gaviria (COL),2018 Tour de France,-8394929068646973254,"{'short_answer': 'Fernando Gaviria of Quick - Step Floors,', 'long_answer': ""The opening stage was won by Fernando Gaviria of Quick - Step Floors, who became the Tour 's first rider to wear the general classification leader 's yellow jersey. Peter Sagan ( Bora -- Hansgrohe ) then took the race lead the following stage. BMC Racing Team won stage three 's team time trial, putting their rider Greg Van Avermaet in yellow. He held the jersey for eight days until the second high mountain stage, where stage winner Thomas took the lead. He held it for the rest of the race to become the first Welshman to win the overall race. As a result, Team Sky -- and additionally British riders -- won six of the previous seven Tours dating back to 2012.""}",nq,fewshot,0.0,0.4444444444444444,False,False,True,False
what is the grand prize for the tour de france,"€500,000",2018 Tour de France,3140972739012711701,"{'short_answer': '€ 500,000,', 'long_answer': ""A total of € 2,287,750 was awarded in cash prizes in the race. The overall winner of the general classification received € 500,000, with the second and third placed riders getting € 200,000 and € 100,000 respectively. All finishers in the top 160 were awarded money. The holders of the classifications would benefit on each stage they led; the final winners of the points and mountains would be given € 25,000, while the best young rider and most combative rider would get € 20,000. The team classification winners was given € 50,000. € 11,000 was given to the winners of each stage of the race, with smaller amounts given to places 2 -- 20. There were also two special awards each with a prize of € 5000. The Souvenir Henri Desgrange, given to first rider to pass the summit of the highest climb in the Tour, the Col du Portet on stage seventeen, and the Souvenir Jacques Goddet, given to the first rider to pass Goddet 's memorial at the summit of the Col du Tourmalet in stage nineteen. Nairo Quintana won the Henri Desgrange and Julian Alaphilippe won the Jacques Goddet.""}",nq,fewshot,0.0,0.0,False,False,False,False
what are the dates for the tour de france 2018,"Based on the context provided, the 2018 Tour de France took place from **July 7 to July 29, 2018**. The race started with Stage 1 on July 7 (Noirmoutier-en-l'Île to Fontenay-le-Comte) and concluded with Stage 21 on July 29 (when Geraint Thomas won the overall classification).",2018 Tour de France,-713612749072568800,"{'short_answer': '7 -- 29 July', 'long_answer': ""2018 Tour de France 2018 UCI World Tour, race 25 of 37 Route of the 2018 Tour de France Race details Dates 7 -- 29 July Stages 21 Distance 3,351 km ( 2,082 mi ) Winning time 83h 17 ' 13 '' Results Winner Geraint Thomas ( GBR ) ( Team Sky ) Second Tom Dumoulin ( NED ) ( Team Sunweb ) Third Chris Froome ( GBR ) ( Team Sky ) Points Peter Sagan ( SVK ) ( Bora -- Hansgrohe ) Mountains Julian Alaphilippe ( FRA ) ( Quick - Step Floors ) Youth Pierre Latour ( FRA ) ( AG2R La Mondiale ) Combativity Dan Martin ( IRL ) ( UAE Team Emirates ) Team Movistar Team ← 2017 2019 →""}",nq,fewshot,0.0,0.183206106870229,False,False,False,True
where does the tour de france start 2018,"Noirmoutier-en-l'Île (on the island of Noirmoutier, via the Passage du Gois)",2018 Tour de France,329176110017141587,"{'short_answer': 'Vendée department, in the region of Pays de la Loire.', 'long_answer': ""The 2018 Tour de France will be the 105th edition of the Tour de France, one of cycling 's three Grand Tours. The start of the 2018 Tour ( known as the Grand Départ ) will be in the Vendée department, in the region of Pays de la Loire. The departments in the Pays de la Loire region hosted the Tour de France 's cyclists on its very first edition back 1903. Since this time, the cities and towns of the Pays de la Loire region have welcomed the Grand Départ of the Tour de France nine times, five of which have set out from the Vendée.""}",nq,fewshot,0.0,0.1111111111111111,False,False,False,True
where is the first stage of the tour de france,"The first stage of the 2018 Tour de France ran from **Noirmoutier-en-l'Île to Fontenay-le-Comte** on 7 July, covering 201 km (125 mi) as a flat stage. It was won by Fernando Gaviria, who also wore the first yellow jersey as leader of the general classification.",2018 Tour de France,-7126877452951153761,"{'short_answer': ""Noirmoutier - en - l'Île,"", 'long_answer': ""The 2018 Tour de France was the 105th edition of the Tour de France, one of cycling 's three Grand Tours. The 3,351 km ( 2,082 mi ) race started from Noirmoutier - en - l'Île, in the Vendée department, on 7 July and concluded with the Champs - Élysées stage in Paris, on 29 July. A total of 176 riders across 22 teams were participating in the 21 - stage race. The Tour was the shortest of the millennium and was the fifth time a tour had set out from Vendée. The race was won for the first time by Geraint Thomas of Team Sky. Tom Dumoulin ( Team Sunweb ) placed second, with Thomas ' teammate and four - time Tour champion Chris Froome coming third.""}",nq,fewshot,0.0,0.2517482517482518,False,False,False,True
where did le tour de france start 2018,"Noirmoutier-en-l'Île (on the island of Noirmoutier, via the Passage du Gois)",2018 Tour de France,6736627038987537998,"{'short_answer': ""Noirmoutier - en - l'Île,"", 'long_answer': ""The 2018 Tour de France was the 105th edition of the Tour de France, one of cycling 's three Grand Tours. The 3,351 km ( 2,082 mi ) race started from Noirmoutier - en - l'Île, in the Vendée department, on 7 July and concluded with the Champs - Élysées stage in Paris, on 29 July. A total of 176 riders across 22 teams were participating in the 21 - stage race. The Tour was the shortest of the millennium and was the fifth time a tour had set out from Vendée. The race was won for the first time by Geraint Thomas of Team Sky. Tom Dumoulin ( Team Sunweb ) placed second, with Thomas ' teammate and four - time Tour champion Chris Froome coming third.""}",nq,fewshot,0.0,0.16666666666666666,False,False,False,True
where is the tour de france starting this year,"Based on the provided context about the 2018 Tour de France, the race started on **Passage du Gois**.",2018 Tour de France,7061938366566979302,"{'short_answer': ""from Noirmoutier - en - l'Île, in the Vendée department,"", 'long_answer': ""The 2018 Tour de France was the 105th edition of the Tour de France, one of cycling 's three Grand Tours. The 3,351 km ( 2,082 mi ) race started from Noirmoutier - en - l'Île, in the Vendée department, on 7 July and concluded with the Champs - Élysées stage in Paris, on 29 July. A total of 176 riders across 22 teams were participating in the 21 - stage race. The Tour was the shortest of the millennium and was the fifth time a tour had set out from Vendée. The race was won for the first time by Geraint Thomas of Team Sky. Tom Dumoulin ( Team Sunweb ) placed second, with Thomas ' teammate and four - time Tour champion Chris Froome coming third.""}",nq,fewshot,0.0,0.13559322033898305,False,False,False,True
when does the tour de france finish 2018,,2018 Tour de France,-8861936358522502442,"{'short_answer': 'on 29 July.', 'long_answer': ""The 2018 Tour de France was the 105th edition of the Tour de France, one of cycling 's three Grand Tours. The 3,351 km ( 2,082 mi ) race started from Noirmoutier - en - l'Île, in the Vendée department, on 7 July and concluded with the Champs - Élysées stage in Paris, on 29 July. A total of 176 riders across 22 teams were participating in the 21 - stage race. The Tour was the shortest of the millennium and was the fifth time a tour had set out from Vendée. The race was won for the first time by Geraint Thomas of Team Sky. Tom Dumoulin ( Team Sunweb ) placed second, with Thomas ' teammate and four - time Tour champion Chris Froome coming third.""}",nq,fewshot,0.0,0.0,True,False,False,False
how many riders per team in the tour de france 2018,8 riders per team (teams were reduced from nine to eight riders for the 2018 edition),2018 Tour de France,7074262590789713570,"{'short_answer': '8,', 'long_answer': ""New rules by the cycling 's governing body, the Union Cycliste Internationale ( UCI ) reduced the number of riders per team for Grand Tours from 9 to 8, resulting in a start list total of 176, instead of the usual 198. Of these, 35 competed in their first Tour de France. The total number of riders that finished the race was 145. The riders came from 30 countries. Seven countries had more than 10 riders in the race: France ( 35 ), Belgium ( 19 ), the Netherlands ( 13 ), Italy ( 13 ), Australia ( 11 ), Germany ( 11 ) and Spain ( 11 ). The average age of riders in the race was 29.37 years, ranging from the 21 - year - old Egan Bernal ( Team Sky ) to the 40 - year - old Franco Pellizotti ( Bahrain -- Merida ). Groupama -- FDJ had the youngest average age while Bahrain -- Merida had the oldest.""}",nq,fewshot,0.0,0.13333333333333333,False,False,False,True
when will tour de france teams be announced,"Based on the provided context about the 2018 Tour de France, the teams were announced as follows:

- **Wildcard teams**: Announced on **6 January 2018** by the Amaury Sport Organisation (ASO)
- **Team presentation",2018 Tour de France,-5514927031084251120,"{'short_answer': '6 January 2018,', 'long_answer': ""The 18 UCI WorldTeams were automatically invited to the race. On 6 January 2018, organisers of the Tour, the Amaury Sport Organisation ( ASO ), announced the four second - tier UCI Professional Continental teams that received a wildcard invitation to participate in the event. The four teams were Cofidis, Direct Énergie, Fortuneo -- Samsic, from France and Belgium 's Wanty -- Groupe Gobert, all of which have participated in the race before. This meant that new French team Vital Concept, with their team leader, sprinter Bryan Coquard, missed out on the race. Christian Prudhomme wished the team the best in their inaugural season. The presentation of the teams -- where the members of each team 's roster are introduced in front of the media and local dignitaries -- took place on Place Napoleon ( fr ) in the town of La Roche - sur - Yon on 5 July, two days before the opening stage.""}",nq,fewshot,0.0,0.23225806451612904,False,False,False,True
who came second in tour de france 2018,,2018 Tour de France,4373755116203252946,"{'short_answer': 'Tom Dumoulin (', 'long_answer': ""2018 Tour de France 2018 UCI World Tour, race 25 of 37 Route of the 2018 Tour de France Race details Dates 7 -- 29 July Stages 21 Distance 3,351 km ( 2,082 mi ) Winning time 83h 17 ' 13 '' Results Winner Geraint Thomas ( GBR ) ( Team Sky ) Second Tom Dumoulin ( NED ) ( Team Sunweb ) Third Chris Froome ( GBR ) ( Team Sky ) Points Peter Sagan ( SVK ) ( Bora -- Hansgrohe ) Mountains Julian Alaphilippe ( FRA ) ( Quick - Step Floors ) Youth Pierre Latour ( FRA ) ( AG2R La Mondiale ) Combativity Dan Martin ( IRL ) ( UAE Team Emirates ) Team Movistar Team ← 2017 2019 →""}",nq,fewshot,0.0,0.0,True,False,False,False
where did le tour de france start this year,Noirmoutier-en-l'Île (on the Passage du Gois),2018 Tour de France,-7438581239387654701,"{'short_answer': ""Noirmoutier - en - l'Île, in the Vendée department,"", 'long_answer': ""The 2018 Tour de France was the 105th edition of the Tour de France, one of cycling 's three Grand Tours. The 3,351 km ( 2,082 mi ) race started from Noirmoutier - en - l'Île, in the Vendée department, on 7 July and concluded with the Champs - Élysées stage in Paris, on 29 July. A total of 176 riders across 22 teams were participating in the 21 - stage race. The Tour was the shortest of the millennium and was the fifth time a tour had set out from Vendée. The race was won for the first time by Geraint Thomas of Team Sky. Tom Dumoulin ( Team Sunweb ) placed second, with Thomas ' teammate and four - time Tour champion Chris Froome coming third.""}",nq,fewshot,0.0,0.018518518518518517,False,False,False,True
when does the 2018 tour de france start,"The 2018 Tour de France started on 7 July 2018, with Stage 1 from Noirmoutier-en-l'Île to Fontenay-le-Comte.",2018 Tour de France,708037729197446651,"{'short_answer': '7 July and', 'long_answer': ""The 2018 Tour de France was the 105th edition of the Tour de France, one of cycling 's three Grand Tours. The 3,351 km ( 2,082 mi ) race started from Noirmoutier - en - l'Île, in the Vendée department, on 7 July and concluded with the Champs - Élysées stage in Paris, on 29 July. A total of 176 riders across 22 teams were participating in the 21 - stage race. The Tour was the shortest of the millennium and was the fifth time a tour had set out from Vendée. The race was won for the first time by Geraint Thomas of Team Sky. Tom Dumoulin ( Team Sunweb ) placed second, with Thomas ' teammate and four - time Tour champion Chris Froome coming third.""}",nq,fewshot,0.0,0.21052631578947367,False,False,False,True
what episode of black mirror was hannah john kamen in,"Hannah John-Kamen appeared in two episodes of Black Mirror:
1. **""Fifteen Million Merits""** (2011) - as Selma
2. **""Playtest""** (2016) - as Sonja",Hannah John-Kamen,-6718102858366318183,"{'short_answer': ""Episode `` Fifteen Million Merits ''"", 'long_answer': ""Year Title Role Notes 2011 Misfits Carly Episode # 3.6 Black Mirror Selma Episode `` Fifteen Million Merits '' 2012 Whitechapel Roxy 2 episodes The Syndicate Young Shop Assistant Episode # 1.2 The Midnight Beast Pizza Girls Episode: `` Someone Called Sam '' The Hour Rosa Maria Ramírez 4 episodes 2014 Death in Paradise Yasmin Blake Series 3; Episode 6 Happy Valley Justine 2015 Cucumber Violet The Ark Nahlab Television film Banana Violet 2015 -- present Killjoys Dutch / Aneela Main role 2016 The Tunnel: Sabotage Rosa Persaud Game of Thrones Ornela Episodes: `` Oathbreaker '', `` Book of the Stranger '' Black Mirror Sonja Episode: `` Playtest ''""}",nq,fewshot,0.0,0.2545454545454545,False,False,False,True
where is oklahoma located in the united states,Oklahoma is a state in the South Central region of the United States.,Oklahoma,3340122335577060793,"{'short_answer': 'in the Great Plains near the geographical center of the 48 contiguous states.', 'long_answer': 'Oklahoma is the 20th - largest state in the United States, covering an area of 69,898 square miles ( 181,030 km ), with 68,667 square miles ( 177,850 km ) of land and 1,281 square miles ( 3,320 km ) of water. It lies partly in the Great Plains near the geographical center of the 48 contiguous states. It is bounded on the east by Arkansas and Missouri, on the north by Kansas, on the northwest by Colorado, on the far west by New Mexico, and on the south and near - west by Texas. Much of its border with Texas lies along the Southern Oklahoma Aulacogen, a failed continental rift. The geologic figure defines the placement of the Red River.'}",nq,fewshot,0.0,0.3,False,False,False,True
what part of the country is oklahoma considered,"Oklahoma is considered part of the **South Central region** of the United States, and is also described as being in the **Southern United States**.",Oklahoma,-4372236156247664542,"{'short_answer': 'a state in the South Central', 'long_answer': ""Oklahoma ( / ˌoʊkləˈhoʊmə / ( listen ); Pawnee: Uukuhuúwa, Cayuga: Gahnawiyoˀgeh ) is a state in the South Central region of the United States. It is the 20th-most extensive and the 28th-most populous of the 50 United States. The state 's name is derived from the Choctaw words okla and humma, meaning `` red people. '' It is also known informally by its nickname, `` The Sooner State, '' in reference to the non-Native settlers who staked their claims on land before the official opening date and the Indian Appropriations Act of 1889, which dramatically increased European - American settlement in the Indian Territory. Oklahoma Territory and Indian Territory were merged and Indian was dropped from the name. On November 16, 1907, Oklahoma became the 46th state to enter the union. Its residents are known as Oklahomans, or informally as Okies, and its capital and largest city is Oklahoma City.""}",nq,fewshot,0.0,0.24,False,False,False,True
how many states share a border with oklahoma,,Oklahoma,3749925031204735637,"{'short_answer': '', 'long_answer': 'Oklahoma is the 20th - largest state in the United States, covering an area of 69,898 square miles ( 181,035 km ), with 68,667 square miles ( 177,847 km ) of land and 1,281 square miles ( 3,188 km ) of water. It lies partly in the Great Plains near the geographical center of the 48 contiguous states. It is bounded on the east by Arkansas and Missouri, on the north by Kansas, on the northwest by Colorado, on the far west by New Mexico, and on the south and near - west by Texas. Much of its border with Texas lies along the Southern Oklahoma Aulacogen, a failed continental rift. The geologic figure defines the placement of the Red River.'}",nq,fewshot,0.0,0.0,True,False,False,False
where is oklahoma located on the map of the united states,"Oklahoma is located in the South Central region of the United States. It is bounded on the east by Arkansas and Missouri, on the north by Kansas, on the northwest by Colorado, on the far west by New Mexico, and on the south and near-west by Texas. It lies partly in the Great Plains near the geographical center of the 48 contiguous states and is one of six states on the Frontier Strip.",Oklahoma,-8736122236866420014,"{'short_answer': '', 'long_answer': 'Oklahoma is the 20th - largest state in the United States, covering an area of 69,898 square miles ( 181,030 km ), with 68,667 square miles ( 177,850 km ) of land and 1,281 square miles ( 3,320 km ) of water. It lies partly in the Great Plains near the geographical center of the 48 contiguous states. It is bounded on the east by Arkansas and Missouri, on the north by Kansas, on the northwest by Colorado, on the far west by New Mexico, and on the south and near - west by Texas. Much of its border with Texas lies along the Southern Oklahoma Aulacogen, a failed continental rift. The geologic figure defines the placement of the Red River.'}",nq,fewshot,0.0,0.6289308176100628,False,False,True,False
when did oklahoma become a state what does the word oklahoma mean,"Oklahoma became a state on November 16, 1907, when it was admitted as the 46th state to enter the union.

The word ""Oklahoma"" comes from the Choctaw words ""okla"" and ""humma,"" meaning ""red people.""",Oklahoma,-3485714005907152096,"{'short_answer': '', 'long_answer': ""Oklahoma ( / ˌoʊkləˈhoʊmə / ( listen ); Pawnee: Uukuhuúwa, Cayuga: Gahnawiyoˀgeh ) is a state in the South Central region of the United States. It is the 20th-most extensive and the 28th-most populous of the 50 United States. The state 's name is derived from the Choctaw words okla and humma, meaning `` red people ''. It is also known informally by its nickname, `` The Sooner State '', in reference to the non-Native settlers who staked their claims on land before the official opening date of lands in the western Oklahoma Territory or before the Indian Appropriations Act of 1889, which dramatically increased European - American settlement in the eastern Indian Territory. Oklahoma Territory and Indian Territory were merged into the State of Oklahoma when it became the 46th state to enter the union on November 16, 1907. Its residents are known as Oklahomans, or informally as Okies, and its capital and largest city is Oklahoma City.""}",nq,fewshot,0.0,0.3125,False,False,True,False
when did oklahoma become part of the united states,"November 16, 1907",Oklahoma,-6235538092288743840,"{'short_answer': 'November 16, 1907 (', 'long_answer': 'Admission to Union November 16, 1907 ( 46th )'}",nq,fewshot,1.0,1.0,False,True,False,False
when did oklahoma become a state in the us,"November 16, 1907 (46th state)",Oklahoma,6534456092518679771,"{'short_answer': '', 'long_answer': ""Oklahoma ( / ˌoʊkləˈhoʊmə / ( listen ); Pawnee: Uukuhuúwa, Cayuga: Gahnawiyoˀgeh ) is a state in the South Central region of the United States. It is the 20th-most extensive and the 28th-most populous of the fifty United States. The state 's name is derived from the Choctaw words okla and humma, meaning `` red people ''. It is also known informally by its nickname, `` The Sooner State '', in reference to the non-Native settlers who staked their claims on land before the official opening date of lands in the western Oklahoma Territory or before the Indian Appropriations Act of 1889, which dramatically increased European - American settlement in the eastern Indian Territory. Oklahoma Territory and Indian Territory were merged into the State of Oklahoma when it became the 46th state to enter the union on November 16, 1907. Its residents are known as Oklahomans, and its capital and largest city is Oklahoma City.""}",nq,fewshot,0.0,0.07575757575757576,False,False,False,True
