question_id,sprint,dataset,doc_name,source_model,difficulty,question,ground_truth,failure_type,score,is_sprint4_hard_case,notes
S2_Q001,2,music_structured,music_dataset,Gemini 3.1 Pro Extended,medium,Which artist has the highest popularity score and how many albums have they released?,The Ortegas 1.0 10 albums,,4/4 formats passed,NO,Sprint2 individual: PASS; batch: 4/4 passed
S2_Q002,2,music_structured,music_dataset,Gemini 3.1 Pro Extended,medium,What is the average track duration in minutes across all tracks?,4.74 minutes,,4/4 formats passed,NO,Sprint2 individual: PASS; batch: 4/4 passed
S2_Q003,2,music_structured,music_dataset,Gemini 3.1 Pro Extended,medium,Which music genre has the most artists and how many?,Hip-Hop 42 artists,,4/4 formats passed,NO,Sprint2 individual: PASS; batch: 4/4 passed
S2_Q004,2,music_structured,music_dataset,Gemini 3.1 Pro Extended,medium,What percentage of artists are currently active?,84.69%,,4/4 formats passed,NO,Sprint2 individual: PASS; batch: 4/4 passed
S2_Q005,2,music_structured,music_dataset,Gemini 3.1 Pro Extended,medium,How many tracks have explicit content?,6 tracks,,4/4 formats passed,NO,Sprint2 individual: PASS; batch: 4/4 passed
S2_Q006,2,music_structured,music_dataset,Gemini 3.1 Pro Extended,medium,Which record label has signed the most artists?,Gray-Mayo Entertainment 10,One of 4 tied,4/4 formats passed,NO,Sprint2 individual: PASS; batch: 4/4 passed
S2_Q007,2,music_structured,music_dataset,Gemini 3.1 Pro Extended,hard,What is the average number of tracks per album for each genre?,Jazz 2.0,Calculation Error,1/4 formats passed,YES,Sprint2 individual: 3/4_FAIL; batch: 0/4 passed
S2_Q008,2,music_structured,music_dataset,Gemini 3.1 Pro Extended,hard,Which artists have won at least one award and how many awards have they won in total?,6 artists Ortegas=12,Missing Records,1/4 formats passed,YES,Sprint2 individual: 3/4_FAIL; batch: 0/4 passed
S2_Q009,2,music_structured,music_dataset,Gemini 3.1 Pro Extended,hard,"What is the distribution of album types (Single, EP, Album) by record label type (Major, Independent)?",10 combinations,,4/4 formats passed,NO,Sprint2 individual: PASS; batch: 4/4 passed
S2_Q010,2,music_structured,music_dataset,Gemini 3.1 Pro Extended,hard,Which tracks have the highest energy and danceability scores combined?,Top 5 tracks,Only 3 of 5,4/4 formats passed,NO,Sprint2 individual: PASS; batch: 3/4 passed
S2_Q011,2,music_structured,music_dataset,Gemini 3.1 Pro Extended,hard,What is the average popularity score for artists from each country?,139 countries,Full list provided,4/4 formats passed,NO,Sprint2 individual: PASS; batch: 4/4 passed
S2_Q012,2,music_structured,music_dataset,Gemini 3.1 Pro Extended,hard,Which artists have tracks in multiple albums and how many albums do they have?,3 artists,FIXED! Was 18 in batch,4/4 formats passed,NO,Sprint2 individual: PASS; batch: 0/4 passed
S2_Q013,2,music_structured,music_dataset,Gemini 3.1 Pro Extended,hard,What is the average speechiness score for explicit vs non-explicit tracks?,Explicit 0.103 Non 0.161,FIXED! Was swapped in batch,4/4 formats passed,NO,Sprint2 individual: PASS; batch: 2/4 passed
S2_Q014,2,music_structured,music_dataset,Gemini 3.1 Pro Extended,extremely hard,"Calculate the ""musical diversity score"" for each artist based on the variance of their track features (energy, danceability, valence). Which artist has the highest diversity?",David Davis 0.126,Correct artist,4/4 formats passed,NO,Sprint2 individual: PASS; batch: 4/4 passed
S2_Q015,2,music_structured,music_dataset,Gemini 3.1 Pro Extended,extremely hard,"Identify ""overperforming"" artists: those whose award count is disproportionately high relative to their album count and popularity score.",Ortegas 12.00 awards/album,Formula Error,0/4 formats passed,YES,Sprint2 individual: ALL_FAIL; batch: 0/4 passed
S2_Q016,2,music_structured,music_dataset,Gemini 3.1 Pro Extended,extremely hard,"Create a ""track mood profile"" by categorizing tracks based on valence and energy into quadrants (Happy/High Energy, Happy/Low Energy, Sad/High Energy, Sad/Low Energy). What is the distribution?",4 quadrants,,4/4 formats passed,NO,Sprint2 individual: PASS; batch: 4/4 passed
S2_Q017,2,music_structured,music_dataset,Gemini 3.1 Pro Extended,extremely hard,"Calculate the ""genre dominance score"" for each genre based on artist count, album count, and average popularity. Which genre is most dominant?",Rock 0.9127,Different calculation,3/4 formats passed,NO,Sprint2 individual: 1/4_FAIL; batch: 3/4 passed
S2_Q018,2,music_structured,music_dataset,Gemini 3.1 Pro Extended,extremely hard,"Identify ""prolific years"" for the music industry by counting albums released per year and calculating the year-over-year growth rate.",2011 400% 2008 300% 2000 200%,No YoY data given,3/4 formats passed,NO,Sprint2 individual: 1/4_FAIL; batch: 4/4 passed
S2_Q019,2,music_structured,music_dataset,Gemini 3.1 Pro Extended,extremely hard,"Calculate the ""acoustic-electronic spectrum"" for each genre by averaging acousticness and instrumentalness. Which genres are most acoustic vs electronic?",Full spectrum 10 genres,FIXED! Was partial in batch,4/4 formats passed,NO,Sprint2 individual: PASS; batch: 2/4 passed
S2_Q020,2,music_structured,music_dataset,Gemini 3.1 Pro Extended,extremely hard,"Identify ""hidden gem"" tracks: high audio quality features (low speechiness, high instrumentalness) from less popular artists (popularity < 0.5) that have not been heavily streamed.",NO RESULTS,Wrong Criteria,0/4 formats passed,YES,Sprint2 individual: ALL_FAIL; batch: 4/4 passed
S3_FETATAB_19050,3,fetatab,Jennifer Jones,Nemotron-3-Ultra-550B,hard,In which film did Jennifer Jones star in 1995 and in which consequent film did she take on a role in 1956? ,"Jennifer Jones starred in Good Morning, Miss Dove in 1955, followed by a role in The Man in the Gray Flannel Suit.",empty_response,max_f1=0.182; avg_f1=0.067,YES,phases_tested=5; q_uid=19050
S3_FETATAB_19148,3,fetatab,List of French monarchs,Nemotron-3-Ultra-550B,medium,"What year did Philip I the Amorous become King of the Franks, what year did that run end, and what number king was he?","Philip I the Amorous, was King of the Franks from 1060 to 1108, the fourth from the House of Capet.",empty_response,max_f1=0.474; avg_f1=0.207,YES,phases_tested=5; q_uid=19148
S3_FINHYBRID_ADI/2009/page_49.pdf-1,3,finhybrid,ADI_2009,Nemotron-3-Ultra-550B,hard,what is the the interest expense in 2009?,380 | 3.8,complete_failure,max_f1=0.000; avg_f1=0.000,YES,phases_tested=9; q_uid=ADI/2009/page_49.pdf-1
S3_FINHYBRID_ADI/2009/page_59.pdf-2,3,finhybrid,ADI_2009,Nemotron-3-Ultra-550B,hard,what is the expected growth rate in amortization expense in 2010?,-27.0% | -0.26689,empty_response,max_f1=0.000; avg_f1=0.000,YES,phases_tested=9; q_uid=ADI/2009/page_59.pdf-2
S3_FINHYBRID_ADI/2009/page_60.pdf-2,3,finhybrid,ADI_2009,Nemotron-3-Ultra-550B,hard,what is the net difference between in amounts used to as hedging instruments?,247 | 247.0,empty_response,max_f1=0.000; avg_f1=0.000,YES,phases_tested=9; q_uid=ADI/2009/page_60.pdf-2
S3_FINHYBRID_ADI/2009/page_59.pdf-1,3,finhybrid,ADI_2009,Nemotron-3-Ultra-550B,hard,what is the growth rate in amortization expense in 2009?,-20.4% | -0.2043,complete_failure,max_f1=0.000; avg_f1=0.000,YES,phases_tested=9; q_uid=ADI/2009/page_59.pdf-1
S3_FINHYBRID_ADI/2009/page_90.pdf-2,3,finhybrid,ADI_2009,Nemotron-3-Ultra-550B,hard,what is the net change in the balance of total amounts of uncertain tax positions from 2007 to 2009?,8272 | 8272.0,empty_response,max_f1=0.000; avg_f1=0.000,YES,phases_tested=9; q_uid=ADI/2009/page_90.pdf-2
S3_FINHYBRID_ADI/2009/page_90.pdf-1,3,finhybrid,ADI_2009,Nemotron-3-Ultra-550B,hard,what is the percentage increase in interest expanse and penalties in 2009?,30.8% | 0.30769,empty_response,max_f1=0.000; avg_f1=0.000,YES,phases_tested=9; q_uid=ADI/2009/page_90.pdf-1
S3_FINHYBRID_ADI/2009/page_49.pdf-2,3,finhybrid,ADI_2009,Nemotron-3-Ultra-550B,hard,"what is the lobor rate as of october 31 , 2009?",29.0% | 0.0029,complete_failure,max_f1=0.000; avg_f1=0.000,YES,phases_tested=9; q_uid=ADI/2009/page_49.pdf-2
S3_FINHYBRID_ADI/2009/page_90.pdf-3,3,finhybrid,ADI_2009,Nemotron-3-Ultra-550B,hard,what percentage did the balance increase from 2007 to 2009?,83.6% | 0.83648,empty_response,max_f1=0.000; avg_f1=0.000,YES,phases_tested=9; q_uid=ADI/2009/page_90.pdf-3
S3_FINHYBRID_ADI/2009/page_90.pdf-4,3,finhybrid,ADI_2009,Nemotron-3-Ultra-550B,hard,what would be the balance if the company suffered the potential total tax liability of the 2006 and 2007 irs examination?,$ 17966 million | 17966.0,empty_response,max_f1=0.000; avg_f1=0.000,YES,phases_tested=9; q_uid=ADI/2009/page_90.pdf-4
S3_FINHYBRID_ABMD/2012/page_75.pdf-1,3,finhybrid,ABMD_2012,Nemotron-3-Ultra-550B,hard,"during the 2012 year , did the equity awards in which the prescribed performance milestones were achieved exceed the equity award compensation expense for equity granted during the year?",yes,empty_response,max_f1=0.000; avg_f1=0.000,YES,phases_tested=9; q_uid=ABMD/2012/page_75.pdf-1
S3_FINHYBRID_ABMD/2012/page_75.pdf-2,3,finhybrid,ABMD_2012,Nemotron-3-Ultra-550B,hard,"for equity awards where the performance criteria has been met in 2012 , what is the average compensation expense per year over which the cost will be expensed?",1719526 | 1714285.71429,empty_response,max_f1=0.000; avg_f1=0.000,YES,phases_tested=9; q_uid=ABMD/2012/page_75.pdf-2
S3_FINHYBRID_ABMD/2012/page_75.pdf-3,3,finhybrid,ABMD_2012,Nemotron-3-Ultra-550B,hard,"what is the net change in the number of shares for restricted stock and restricted stock units during fiscal year ended march 31 , 2012?",464 | 464.0,complete_failure,max_f1=0.000; avg_f1=0.000,YES,phases_tested=9; q_uid=ABMD/2012/page_75.pdf-3
S3_FINHYBRID_ABMD/2012/page_75.pdf-4,3,finhybrid,ABMD_2012,Nemotron-3-Ultra-550B,hard,"what is the total value of vested shares during the fiscal year ended march 31 , 2012 , in millions?",1.46 | 1.45792,complete_failure,max_f1=0.000; avg_f1=0.000,YES,phases_tested=9; q_uid=ABMD/2012/page_75.pdf-4
S3_FINHYBRID_ABMD/2012/page_41.pdf-2,3,finhybrid,ABMD_2012,Nemotron-3-Ultra-550B,hard,did abiomed outperform the nasdaq medical equipment index?,yes | yes,complete_failure,max_f1=0.000; avg_f1=0.000,YES,phases_tested=9; q_uid=ABMD/2012/page_41.pdf-2
S3_FINHYBRID_ABMD/2012/page_41.pdf-1,3,finhybrid,ABMD_2012,Nemotron-3-Ultra-550B,hard,did abiomed outperform the nasdaq composite index?,yes | yes,empty_response,max_f1=0.000; avg_f1=0.000,YES,phases_tested=9; q_uid=ABMD/2012/page_41.pdf-1
S3_FINHYBRID_ABMD/2012/page_79.pdf-1,3,finhybrid,ABMD_2012,Nemotron-3-Ultra-550B,hard,"what was total rent expense for fiscal years 2010 to 2012 , in millions?",6.6 | 6.5,complete_failure,max_f1=0.000; avg_f1=0.000,YES,phases_tested=9; q_uid=ABMD/2012/page_79.pdf-1
S3_FINHYBRID_ABMD/2012/page_79.pdf-2,3,finhybrid,ABMD_2012,Nemotron-3-Ultra-550B,hard,how much of total future minimum lease payments are due currently?,35% | 2845.5,empty_response,max_f1=0.000; avg_f1=0.000,YES,phases_tested=9; q_uid=ABMD/2012/page_79.pdf-2
S3_FINHYBRID_ABMD/2012/page_79.pdf-3,3,finhybrid,ABMD_2012,Nemotron-3-Ultra-550B,hard,"what is the percentage increase in base rent for danvers , massachusetts facility from the period 2008-2010 to 2010 - 2014?",60.9% | 0.60875,complete_failure,max_f1=0.000; avg_f1=0.000,YES,phases_tested=9; q_uid=ABMD/2012/page_79.pdf-3
S3_FINHYBRID_ABMD/2012/page_79.pdf-4,3,finhybrid,ABMD_2012,Nemotron-3-Ultra-550B,hard,"what is the percentage increase in base rent for danvers , massachusetts facility from the period 2010-2014 to 2014-2016?",2.6% | 0.02564,complete_failure,max_f1=0.000; avg_f1=0.000,YES,phases_tested=9; q_uid=ABMD/2012/page_79.pdf-4
S3_FINHYBRID_ABMD/2012/page_41.pdf-3,3,finhybrid,ABMD_2012,Nemotron-3-Ultra-550B,hard,what is the roi of an investment in abiomed inc from march 2007 to march 2010?,-24.5% | -0.2445,empty_response,max_f1=0.000; avg_f1=0.000,YES,phases_tested=9; q_uid=ABMD/2012/page_41.pdf-3
S3_FINHYBRID_ABMD/2012/page_41.pdf-4,3,finhybrid,ABMD_2012,Nemotron-3-Ultra-550B,hard,what is the roi of an investment in nasdaq composite index from march 2007 to march 2010?,-1.0% | -0.0098,empty_response,max_f1=0.000; avg_f1=0.000,YES,phases_tested=9; q_uid=ABMD/2012/page_41.pdf-4
S3_FINHYBRID_GS/2016/page_79.pdf-3,3,finhybrid,GS_2016,Nemotron-3-Ultra-550B,hard,what percentage of total long-term assets under supervision are comprised of fixed income in 2015?,57% | 0.57484,complete_failure,max_f1=0.000; avg_f1=0.000,YES,phases_tested=9; q_uid=GS/2016/page_79.pdf-3
S3_FINHYBRID_GS/2016/page_79.pdf-1,3,finhybrid,GS_2016,Nemotron-3-Ultra-550B,hard,what percentage of total long-term assets under supervision are comprised of fixed income in 2016?,59% | 0.588,complete_failure,max_f1=0.000; avg_f1=0.000,YES,phases_tested=9; q_uid=GS/2016/page_79.pdf-1
S3_FINHYBRID_GS/2016/page_161.pdf-1,3,finhybrid,GS_2016,Nemotron-3-Ultra-550B,hard,what percentage of total loans receivable gross in 2016 were loans backed by commercial real estate?,9% | 0.09488,empty_response,max_f1=0.000; avg_f1=0.000,YES,phases_tested=9; q_uid=GS/2016/page_161.pdf-1
S3_FINHYBRID_GS/2016/page_183.pdf-3,3,finhybrid,GS_2016,Nemotron-3-Ultra-550B,hard,what percentage of future minimum rental payments are due in 2018?,15% | 0.14529,complete_failure,max_f1=0.000; avg_f1=0.000,YES,phases_tested=9; q_uid=GS/2016/page_183.pdf-3
S3_FINHYBRID_GS/2016/page_186.pdf-2,3,finhybrid,GS_2016,Nemotron-3-Ultra-550B,hard,"in millions , for 2016 , 2015 , and 2014 what was the total amount of common share repurchases?",90.1 | 90.5,empty_response,max_f1=0.000; avg_f1=0.000,YES,phases_tested=9; q_uid=GS/2016/page_186.pdf-2
S3_FINHYBRID_GS/2016/page_79.pdf-4,3,finhybrid,GS_2016,Nemotron-3-Ultra-550B,hard,of the total aus net inflows/ ( outflows ) for 2014 were fixed income asset inflows in connection with our acquisition of deutsche asset & wealth management 2019s stable value business greater than the liquidity products inflows in connection with our acquisition of rbs asset management 2019s money market funds?,yes | yes,complete_failure,max_f1=0.000; avg_f1=0.000,YES,phases_tested=9; q_uid=GS/2016/page_79.pdf-4
S3_FINHYBRID_GS/2016/page_79.pdf-2,3,finhybrid,GS_2016,Nemotron-3-Ultra-550B,hard,"in billions , for 2016 , 2015 , and 2014 , what are total alternative investments?",439 | 439.0,complete_failure,max_f1=0.000; avg_f1=0.000,YES,phases_tested=9; q_uid=GS/2016/page_79.pdf-2
S3_FINHYBRID_GS/2016/page_186.pdf-1,3,finhybrid,GS_2016,Nemotron-3-Ultra-550B,hard,what was the difference in millions between the total cost of common shares repurchases from 2015 to 2016?,1874 | 1874.0,empty_response,max_f1=0.000; avg_f1=0.000,YES,phases_tested=9; q_uid=GS/2016/page_186.pdf-1
S3_FINHYBRID_GS/2016/page_183.pdf-4,3,finhybrid,GS_2016,Nemotron-3-Ultra-550B,hard,what percentage of future minimum rental payments are due in 2017?,15% | 0.14941,complete_failure,max_f1=0.000; avg_f1=0.000,YES,phases_tested=9; q_uid=GS/2016/page_183.pdf-4
S3_FINHYBRID_GS/2016/page_183.pdf-1,3,finhybrid,GS_2016,Nemotron-3-Ultra-550B,hard,what were total investment commitments in billions for 2016 and 2015 related to commitments to invest in funds managed by the firm?,4.96 | 4.96,complete_failure,max_f1=0.000; avg_f1=0.000,YES,phases_tested=9; q_uid=GS/2016/page_183.pdf-1
S3_FINHYBRID_GS/2016/page_186.pdf-3,3,finhybrid,GS_2016,Nemotron-3-Ultra-550B,hard,what was the difference in millions between the total cost of common shares repurchases from 2015 to 2016?,-1274 | -1274.0,empty_response,max_f1=0.000; avg_f1=0.000,YES,phases_tested=9; q_uid=GS/2016/page_186.pdf-3
S3_FINHYBRID_GS/2016/page_186.pdf-4,3,finhybrid,GS_2016,Nemotron-3-Ultra-550B,hard,"what was total shareholders 2019 equity common equity dividends declared per common share in 2016 , 2015 and 2014?",7.40 | 7.4,empty_response,max_f1=0.000; avg_f1=0.000,YES,phases_tested=9; q_uid=GS/2016/page_186.pdf-4
S3_FINHYBRID_GS/2016/page_81.pdf-2,3,finhybrid,GS_2016,Nemotron-3-Ultra-550B,hard,what is the debt-to-total asset ratio in 2015?,2.7% | 0.02695,empty_response,max_f1=0.000; avg_f1=0.000,YES,phases_tested=9; q_uid=GS/2016/page_81.pdf-2
S3_FINHYBRID_GS/2016/page_161.pdf-3,3,finhybrid,GS_2016,Nemotron-3-Ultra-550B,hard,"for december 2016 and december 2015 , what was total fair value of loans receivable in billions?",94.99 | 94.99,complete_failure,max_f1=0.000; avg_f1=0.000,YES,phases_tested=9; q_uid=GS/2016/page_161.pdf-3
S3_FINHYBRID_GS/2016/page_183.pdf-2,3,finhybrid,GS_2016,Nemotron-3-Ultra-550B,hard,"what was total rent charged to operating expense in millions for 2016 , 2015 and 2014?",802 | 802.0,empty_response,max_f1=0.000; avg_f1=0.000,YES,phases_tested=9; q_uid=GS/2016/page_183.pdf-2
S3_FINHYBRID_GS/2016/page_81.pdf-1,3,finhybrid,GS_2016,Nemotron-3-Ultra-550B,hard,what is the debt-to-total asset ratio in 2016?,2.5% | 0.0252,empty_response,max_f1=0.000; avg_f1=0.000,YES,phases_tested=9; q_uid=GS/2016/page_81.pdf-1
S3_FINHYBRID_GS/2016/page_161.pdf-2,3,finhybrid,GS_2016,Nemotron-3-Ultra-550B,hard,what percentage of total loans receivable gross in 2015 were loans backed by commercial real estate?,12% | 0.11503,empty_response,max_f1=0.000; avg_f1=0.000,YES,phases_tested=9; q_uid=GS/2016/page_161.pdf-2
S3_FINHYBRID_GS/2016/page_77.pdf-4,3,finhybrid,GS_2016,Nemotron-3-Ultra-550B,hard,what percentage of total net revenue investing & lending segment is due to equity securities in 2015?,70% | 0.69555,complete_failure,max_f1=0.000; avg_f1=0.000,YES,phases_tested=9; q_uid=GS/2016/page_77.pdf-4
S3_FINHYBRID_GS/2016/page_70.pdf-1,3,finhybrid,GS_2016,Nemotron-3-Ultra-550B,hard,what is the net change in the number of staff in 2016?,-2400 | -2400.0,complete_failure,max_f1=0.000; avg_f1=0.000,YES,phases_tested=9; q_uid=GS/2016/page_70.pdf-1
S3_FINHYBRID_GS/2016/page_70.pdf-2,3,finhybrid,GS_2016,Nemotron-3-Ultra-550B,hard,what is the net change in the number of staff in 2015?,2800 | 2800.0,complete_failure,max_f1=0.000; avg_f1=0.000,YES,phases_tested=9; q_uid=GS/2016/page_70.pdf-2
S3_FINHYBRID_GS/2016/page_77.pdf-1,3,finhybrid,GS_2016,Nemotron-3-Ultra-550B,hard,what percentage of total net revenue investing & lending segment is due to equity securities in 2016?,63% | 0.63064,complete_failure,max_f1=0.000; avg_f1=0.000,YES,phases_tested=9; q_uid=GS/2016/page_77.pdf-1
S3_FINHYBRID_GS/2016/page_77.pdf-2,3,finhybrid,GS_2016,Nemotron-3-Ultra-550B,hard,"in millions for 2016 2015 , and 2014 , what are total equity securities?",10933 | 10933.0,complete_failure,max_f1=0.000; avg_f1=0.000,YES,phases_tested=9; q_uid=GS/2016/page_77.pdf-2
S3_FINHYBRID_GS/2016/page_77.pdf-3,3,finhybrid,GS_2016,Nemotron-3-Ultra-550B,hard,operating expenses were what multiple of pre-tax earnings in 2015?,11.52 | 11.52066,complete_failure,max_f1=0.000; avg_f1=0.000,YES,phases_tested=9; q_uid=GS/2016/page_77.pdf-3
S3_FINHYBRID_JKHY/2015/page_20.pdf-2,3,finhybrid,JKHY_2015,Nemotron-3-Ultra-550B,hard,what was the percentage change in the 5 year annual performance of the peer group stock from 2010 to 2011,8.3% | 0.08276,complete_failure,max_f1=0.000; avg_f1=0.000,YES,phases_tested=9; q_uid=JKHY/2015/page_20.pdf-2
S3_FINHYBRID_JKHY/2015/page_20.pdf-3,3,finhybrid,JKHY_2015,Nemotron-3-Ultra-550B,hard,"in 2010 , what was the cumulative total return of the s&p 500?",30.69 | 30.69,complete_failure,max_f1=0.000; avg_f1=0.000,YES,phases_tested=9; q_uid=JKHY/2015/page_20.pdf-3
S3_FINHYBRID_JKHY/2015/page_20.pdf-1,3,finhybrid,JKHY_2015,Nemotron-3-Ultra-550B,hard,"for the 2010 , what was the cumulative total return on jkhy?",27.44 | 27.44,complete_failure,max_f1=0.000; avg_f1=0.000,YES,phases_tested=9; q_uid=JKHY/2015/page_20.pdf-1
S3_NQTEXT_4373755116203252946,3,nqtext,2018 Tour de France,Nemotron-3-Ultra-550B,hard,who came second in tour de france 2018,"Tom Dumoulin ( | 2018 Tour de France 2018 UCI World Tour, race 25 of 37 Route of the 2018 Tour de France Race details Dates 7 -- 29 July Stages 21 Distance 3,351 km ( 2,082 mi ) Winning time 83h 17 ' 13 '' Results Winner Geraint Thomas ( GBR ) ( Team Sky ) Second Tom Dumoulin ( NED ) ( Team Sunweb ) Third Chris Froome ( GBR ) ( Team Sky ) Points Peter Sagan ( SVK ) ( Bora -- Hansgrohe ) Mountains Julian Alaphilippe ( FRA ) ( Quick - Step Floors ) Youth Pierre Latour ( FRA ) ( AG2R La Mondiale ) Combativity Dan Martin ( IRL ) ( UAE Team Emirates ) Team Movistar Team ← 2017 2019 →",empty_response,max_f1=0.000; avg_f1=0.000,YES,phases_tested=4; q_uid=4373755116203252946
S3_NQTEXT_3749925031204735637,3,nqtext,Oklahoma,Nemotron-3-Ultra-550B,hard,how many states share a border with oklahoma,"Oklahoma is the 20th - largest state in the United States, covering an area of 69,898 square miles ( 181,035 km ), with 68,667 square miles ( 177,847 km ) of land and 1,281 square miles ( 3,188 km ) of water. It lies partly in the Great Plains near the geographical center of the 48 contiguous states. It is bounded on the east by Arkansas and Missouri, on the north by Kansas, on the northwest by Colorado, on the far west by New Mexico, and on the south and near - west by Texas. Much of its border with Texas lies along the Southern Oklahoma Aulacogen, a failed continental rift. The geologic figure defines the placement of the Red River.",empty_response,max_f1=0.000; avg_f1=0.000,YES,phases_tested=4; q_uid=3749925031204735637
S3_NQTEXT_6861377689727785410,3,nqtext,Supreme Court of the United States,Nemotron-3-Ultra-550B,hard,what is the age of supreme court justices,"62 | Name Date of birth Appointed by Senate confirmation vote Age at appointment Current age First day / Length of service Previous positions Succeeded Roberts, John John Roberts ( Chief Justice ) 000000001955 - 01 - 27 - 0000 January 27, 1955 Buffalo, New York Bush, George W. George W. Bush 78 -- 22 50 7001620000000000000 ♠ 62 000000002005 - 09 - 29 - 0000 September 29, 2005 12 years Circuit Judge, Court of Appeals for the D.C. Circuit ( 2003 -- 2005 ); Principal Deputy Solicitor General ( 1989 -- 1993 ); Associate Counsel to the President ( 1982 -- 1986 ) William Rehnquist Kennedy, Anthony Anthony Kennedy 000000001936 - 07 - 23 - 0000 July 23, 1936 Sacramento, California Reagan, Ronald Ronald Reagan 97 -- 0 51 7001810000000000000 ♠ 81 000000001988 - 02 - 18 - 0000 February 18, 1988 29 years, 8 months Circuit Judge, Court of Appeals for the Ninth Circuit ( 1975 -- 1988 ); Private practice ( 1963 -- 1975 ) Lewis Powell Thomas, Clarence Clarence Thomas 000000001948 - 06 - 23 - 0000 June 23, 1948 Pin Point, Georgia Bush, George H.W. George H.W. Bush 52 -- 48 43 7001690000000000000 ♠ 69 000000001991 - 10 - 23 - 0000 October 23, 1991 26 years Circuit Judge, Court of Appeals for the D.C. Circuit ( 1990 -- 1991 ); Chairman, Equal Employment Opportunity Commission ( 1982 -- 1990 ); Assistant Attorney General in Missouri under State Attorney General John Danforth ( 1974 -- 1977 ) Thurgood Marshall Ginsburg, Ruth Bader Ruth Bader Ginsburg 000000001933 - 03 - 15 - 0000 March 15, 1933 Brooklyn, New York Clinton, Bill Bill Clinton 96 -- 3 60 7001840000000000000 ♠ 84 000000001993 - 08 - 10 - 0000 August 10, 1993 24 years, 2 months Circuit Judge, Court of Appeals for the D.C. Circuit ( 1980 -- 1993 ); General Counsel, American Civil Liberties Union ( 1973 -- 1980 ) Byron White Breyer, Stephen Stephen Breyer 000000001938 - 08 - 15 - 0000 August 15, 1938 San Francisco, California 87 -- 9 55 7001790000000000000 ♠ 79 000000001994 - 08 - 03 - 0000 August 3, 1994 23 years, 2 months Chief Judge, Court of Appeals for the First Circuit ( 1990 -- 1994 ); Circuit Judge, Court of Appeals for the First Circuit ( 1980 -- 1990 ) Harry Blackmun Alito, Samuel Samuel Alito 000000001950 - 04 - 01 - 0000 April 1, 1950 Trenton, New Jersey George W. Bush 58 -- 42 55 7001670000000000000 ♠ 67 000000002006 - 01 - 31 - 0000 January 31, 2006 11 years, 8 months Circuit Judge, Court of Appeals for the Third Circuit ( 1990 -- 2006 ); U.S. Attorney for the District of New Jersey ( 1987 -- 1990 ); Deputy Assistant Attorney General ( 1985 -- 1987 ); Assistant to the Solicitor General ( 1981 -- 1985 ) Sandra Day O'Connor Sotomayor, Sonia Sonia Sotomayor 000000001954 - 06 - 25 - 0000 June 25, 1954 The Bronx, New York Obama, Barack Barack Obama 68 -- 31 55 7001630000000000000 ♠ 63 000000002009 - 08 - 08 - 0000 August 8, 2009 8 years, 2 months Circuit Judge, Court of Appeals for the Second Circuit ( 1998 -- 2009 ); District Judge, District Court for the Southern District of New York ( 1992 -- 1998 ) David Souter Kagan, Elena Elena Kagan 000000001960 - 04 - 28 - 0000 April 28, 1960 Manhattan, New York 63 -- 37 50 7001570000000000000 ♠ 57 000000002010 - 08 - 07 - 0000 August 7, 2010 7 years, 2 months Solicitor General of the United States ( 2009 -- 2010 ); Dean of Harvard Law School ( 2003 -- 2009 ); Associate White House Counsel ( 1995 -- 1999 ); Deputy Director of the Domestic Policy Council ( 1995 -- 1999 ); John Paul Stevens Gorsuch, Neil Neil Gorsuch 000000001967 - 08 - 29 - 0000 August 29, 1967 Denver, Colorado Trump, Donald Donald Trump 54 -- 45 49 7001500000000000000 ♠ 50 000000002017 - 04 - 10 - 0000 April 10, 2017 6 months and 15 days Circuit Judge, Court of Appeals for the Tenth Circuit ( 2006 -- 2017 ); Principal Deputy Associate Attorney General and Acting Associate Attorney General ( 2005 -- 2006 ); Antonin Scalia",severe_failure,max_f1=0.034; avg_f1=0.013,YES,phases_tested=4; q_uid=6861377689727785410
S3_NQTEXT_-8295623681645206109,3,nqtext,Supreme Court of the United States,Nemotron-3-Ultra-550B,hard,who is the supreme court made up of,"John Roberts ( | Name Birth Appointed by Senate confirmation vote Age at appointment Current age First day / Length of service Previous positions Succeeded Roberts, John John Roberts ( Chief Justice ) 000000001955 - 01 - 27 - 0000 January 27, 1955 Buffalo, New York Bush, George W. George W. Bush 78 -- 22 50 7001630000000000000 ♠ 63 000000002005 - 09 - 29 - 0000 September 29, 2005 12 years, 6 months Circuit Judge, Court of Appeals for the D.C. Circuit ( 2003 -- 2005 ); Principal Deputy Solicitor General ( 1989 -- 1993 ); Associate Counsel to the President ( 1982 -- 1986 ) William Rehnquist Kennedy, Anthony Anthony Kennedy 000000001936 - 07 - 23 - 0000 July 23, 1936 Sacramento, California Reagan, Ronald Ronald Reagan 97 -- 0 51 7001810000000000000 ♠ 81 000000001988 - 02 - 18 - 0000 February 18, 1988 30 years, 1 month Circuit Judge, Court of Appeals for the Ninth Circuit ( 1975 -- 1988 ); Private practice ( 1963 -- 1975 ) Lewis Powell Thomas, Clarence Clarence Thomas 000000001948 - 06 - 23 - 0000 June 23, 1948 Pin Point, Georgia Bush, George H.W. George H.W. Bush 52 -- 48 43 7001690000000000000 ♠ 69 000000001991 - 10 - 23 - 0000 October 23, 1991 26 years, 5 months Circuit Judge, Court of Appeals for the D.C. Circuit ( 1990 -- 1991 ); Chairman, Equal Employment Opportunity Commission ( 1982 -- 1990 ); Assistant Attorney General in Missouri under State Attorney General John Danforth ( 1974 -- 1977 ) Thurgood Marshall Ginsburg, Ruth Bader Ruth Bader Ginsburg 000000001933 - 03 - 15 - 0000 March 15, 1933 Brooklyn, New York Clinton, Bill Bill Clinton 96 -- 3 60 7001850000000000000 ♠ 85 000000001993 - 08 - 10 - 0000 August 10, 1993 24 years, 7 months Circuit Judge, Court of Appeals for the D.C. Circuit ( 1980 -- 1993 ); General Counsel, American Civil Liberties Union ( 1973 -- 1980 ) Byron White Breyer, Stephen Stephen Breyer 000000001938 - 08 - 15 - 0000 August 15, 1938 San Francisco, California 87 -- 9 55 7001790000000000000 ♠ 79 000000001994 - 08 - 03 - 0000 August 3, 1994 23 years, 8 months Chief Judge, Court of Appeals for the First Circuit ( 1990 -- 1994 ); Circuit Judge, Court of Appeals for the First Circuit ( 1980 -- 1990 ) Harry Blackmun Alito, Samuel Samuel Alito 000000001950 - 04 - 01 - 0000 April 1, 1950 Trenton, New Jersey George W. Bush 58 -- 42 55 7001680000000000000 ♠ 68 000000002006 - 01 - 31 - 0000 January 31, 2006 12 years, 2 months Circuit Judge, Court of Appeals for the Third Circuit ( 1990 -- 2006 ); U.S. Attorney for the District of New Jersey ( 1987 -- 1990 ); Deputy Assistant Attorney General ( 1985 -- 1987 ); Assistant to the Solicitor General ( 1981 -- 1985 ) Sandra Day O'Connor Sotomayor, Sonia Sonia Sotomayor 000000001954 - 06 - 25 - 0000 June 25, 1954 The Bronx, New York Obama, Barack Barack Obama 68 -- 31 55 7001630000000000000 ♠ 63 000000002009 - 08 - 08 - 0000 August 8, 2009 8 years, 7 months Circuit Judge, Court of Appeals for the Second Circuit ( 1998 -- 2009 ); District Judge, District Court for the Southern District of New York ( 1992 -- 1998 ) David Souter Kagan, Elena Elena Kagan 000000001960 - 04 - 28 - 0000 April 28, 1960 Manhattan, New York 63 -- 37 50 7001570000000000000 ♠ 57 000000002010 - 08 - 07 - 0000 August 7, 2010 7 years, 8 months Solicitor General of the United States ( 2009 -- 2010 ); Dean of Harvard Law School ( 2003 -- 2009 ); Associate White House Counsel ( 1995 -- 1999 ); Deputy Director of the Domestic Policy Council ( 1995 -- 1999 ); John Paul Stevens Gorsuch, Neil Neil Gorsuch 000000001967 - 08 - 29 - 0000 August 29, 1967 Denver, Colorado Trump, Donald Donald Trump 54 -- 45 49 7001500000000000000 ♠ 50 000000002017 - 04 - 10 - 0000 April 10, 2017 11 months and 26 days Circuit Judge, Court of Appeals for the Tenth Circuit ( 2006 -- 2017 ); Principal Deputy Associate Attorney General and Acting Associate Attorney General ( 2005 -- 2006 ); Antonin Scalia",severe_failure,max_f1=0.130; avg_f1=0.108,YES,phases_tested=4; q_uid=-8295623681645206109
S3_NQTEXT_4271086757818628997,3,nqtext,Supreme Court of the United States,Nemotron-3-Ultra-550B,hard,what is the makeup of the supreme court,"Name Birth Appointed by Senate confirmation vote Age at appointment Current age First day / Length of service Previous positions Succeeded Roberts, John John Roberts ( Chief Justice ) 000000001955 - 01 - 27 - 0000 January 27, 1955 Buffalo, New York Bush, George W. George W. Bush 78 -- 22 50 7001630000000000000 ♠ 63 000000002005 - 09 - 29 - 0000 September 29, 2005 12 years, 4 months Circuit Judge, Court of Appeals for the D.C. Circuit ( 2003 -- 2005 ); Principal Deputy Solicitor General ( 1989 -- 1993 ); Associate Counsel to the President ( 1982 -- 1986 ) William Rehnquist Kennedy, Anthony Anthony Kennedy 000000001936 - 07 - 23 - 0000 July 23, 1936 Sacramento, California Reagan, Ronald Ronald Reagan 97 -- 0 51 7001810000000000000 ♠ 81 000000001988 - 02 - 18 - 0000 February 18, 1988 30 years Circuit Judge, Court of Appeals for the Ninth Circuit ( 1975 -- 1988 ); Private practice ( 1963 -- 1975 ) Lewis Powell Thomas, Clarence Clarence Thomas 000000001948 - 06 - 23 - 0000 June 23, 1948 Pin Point, Georgia Bush, George H.W. George H.W. Bush 52 -- 48 43 7001690000000000000 ♠ 69 000000001991 - 10 - 23 - 0000 October 23, 1991 26 years, 3 months Circuit Judge, Court of Appeals for the D.C. Circuit ( 1990 -- 1991 ); Chairman, Equal Employment Opportunity Commission ( 1982 -- 1990 ); Assistant Attorney General in Missouri under State Attorney General John Danforth ( 1974 -- 1977 ) Thurgood Marshall Ginsburg, Ruth Bader Ruth Bader Ginsburg 000000001933 - 03 - 15 - 0000 March 15, 1933 Brooklyn, New York Clinton, Bill Bill Clinton 96 -- 3 60 7001840000000000000 ♠ 84 000000001993 - 08 - 10 - 0000 August 10, 1993 24 years, 6 months Circuit Judge, Court of Appeals for the D.C. Circuit ( 1980 -- 1993 ); General Counsel, American Civil Liberties Union ( 1973 -- 1980 ) Byron White Breyer, Stephen Stephen Breyer 000000001938 - 08 - 15 - 0000 August 15, 1938 San Francisco, California 87 -- 9 55 7001790000000000000 ♠ 79 000000001994 - 08 - 03 - 0000 August 3, 1994 23 years, 6 months Chief Judge, Court of Appeals for the First Circuit ( 1990 -- 1994 ); Circuit Judge, Court of Appeals for the First Circuit ( 1980 -- 1990 ) Harry Blackmun Alito, Samuel Samuel Alito 000000001950 - 04 - 01 - 0000 April 1, 1950 Trenton, New Jersey George W. Bush 58 -- 42 55 7001670000000000000 ♠ 67 000000002006 - 01 - 31 - 0000 January 31, 2006 12 years Circuit Judge, Court of Appeals for the Third Circuit ( 1990 -- 2006 ); U.S. Attorney for the District of New Jersey ( 1987 -- 1990 ); Deputy Assistant Attorney General ( 1985 -- 1987 ); Assistant to the Solicitor General ( 1981 -- 1985 ) Sandra Day O'Connor Sotomayor, Sonia Sonia Sotomayor 000000001954 - 06 - 25 - 0000 June 25, 1954 The Bronx, New York Obama, Barack Barack Obama 68 -- 31 55 7001630000000000000 ♠ 63 000000002009 - 08 - 08 - 0000 August 8, 2009 8 years, 6 months Circuit Judge, Court of Appeals for the Second Circuit ( 1998 -- 2009 ); District Judge, District Court for the Southern District of New York ( 1992 -- 1998 ) David Souter Kagan, Elena Elena Kagan 000000001960 - 04 - 28 - 0000 April 28, 1960 Manhattan, New York 63 -- 37 50 7001570000000000000 ♠ 57 000000002010 - 08 - 07 - 0000 August 7, 2010 7 years, 6 months Solicitor General of the United States ( 2009 -- 2010 ); Dean of Harvard Law School ( 2003 -- 2009 ); Associate White House Counsel ( 1995 -- 1999 ); Deputy Director of the Domestic Policy Council ( 1995 -- 1999 ); John Paul Stevens Gorsuch, Neil Neil Gorsuch 000000001967 - 08 - 29 - 0000 August 29, 1967 Denver, Colorado Trump, Donald Donald Trump 54 -- 45 49 7001500000000000000 ♠ 50 000000002017 - 04 - 10 - 0000 April 10, 2017 10 months and 10 days Circuit Judge, Court of Appeals for the Tenth Circuit ( 2006 -- 2017 ); Principal Deputy Associate Attorney General and Acting Associate Attorney General ( 2005 -- 2006 ); Antonin Scalia",severe_failure,max_f1=0.134; avg_f1=0.119,YES,phases_tested=4; q_uid=4271086757818628997
S3_NQTEXT_7781842997827267551,3,nqtext,Supreme Court of the United States,Nemotron-3-Ultra-550B,hard,how old are the u.s. supreme court justices,"Name Birth Appointed by Senate confirmation vote Age at appointment Current age First day / Length of service Previous positions Succeeded John Roberts ( Chief Justice ) January 27, 1955 Buffalo, New York George W. Bush 78 -- 22 50 7004232080000000000 ♠ 63 September 29, 2005 12 years, 10 months Circuit Judge, Court of Appeals for the D.C. Circuit ( 2003 -- 2005 ); Principal Deputy Solicitor General ( 1989 -- 1993 ); Associate Counsel to the President ( 1982 -- 1986 ) William Rehnquist Clarence Thomas June 23, 1948 Pin Point, Georgia George H.W. Bush 52 -- 48 43 7004256170000000000 ♠ 70 October 23, 1991 26 years, 9 months Circuit Judge, Court of Appeals for the D.C. Circuit ( 1990 -- 1991 ); Chairman, Equal Employment Opportunity Commission ( 1982 -- 1990 ); Assistant Attorney General in Missouri under State Attorney General John Danforth ( 1974 -- 1977 ) Thurgood Marshall Ruth Bader Ginsburg March 15, 1933 Brooklyn, New York Bill Clinton 96 -- 3 60 7004311960000000000 ♠ 85 August 10, 1993 25 years Circuit Judge, Court of Appeals for the D.C. Circuit ( 1980 -- 1993 ); General Counsel, American Civil Liberties Union ( 1973 -- 1980 ) Byron White Stephen Breyer August 15, 1938 San Francisco, California 87 -- 9 55 7004292170000000000 ♠ 79 August 3, 1994 24 years Chief Judge, Court of Appeals for the First Circuit ( 1990 -- 1994 ); Circuit Judge, Court of Appeals for the First Circuit ( 1980 -- 1990 ) Harry Blackmun Samuel Alito April 1, 1950 Trenton, New Jersey George W. Bush 58 -- 42 55 7004249700000000000 ♠ 68 January 31, 2006 12 years, 6 months Circuit Judge, Court of Appeals for the Third Circuit ( 1990 -- 2006 ); U.S. Attorney for the District of New Jersey ( 1987 -- 1990 ); Deputy Assistant Attorney General ( 1985 -- 1987 ); Assistant to the Solicitor General ( 1981 -- 1985 ) Sandra Day O'Connor Sonia Sotomayor June 25, 1954 The Bronx, New York Barack Obama 68 -- 31 55 7004234240000000000 ♠ 64 August 8, 2009 9 years Circuit Judge, Court of Appeals for the Second Circuit ( 1998 -- 2009 ); District Judge, District Court for the Southern District of New York ( 1992 -- 1998 ) David Souter Elena Kagan April 28, 1960 Manhattan, New York 63 -- 37 50 7004212900000000000 ♠ 58 August 7, 2010 8 years Solicitor General of the United States ( 2009 -- 2010 ); Dean of Harvard Law School ( 2003 -- 2009 ); Associate White House Counsel ( 1995 -- 1999 ); Deputy Director of the Domestic Policy Council ( 1995 -- 1999 ) John Paul Stevens Neil Gorsuch August 29, 1967 Denver, Colorado Donald Trump 54 -- 45 49 7004186110000000000 ♠ 50 April 10, 2017 1 year, 4 months Circuit Judge, Court of Appeals for the Tenth Circuit ( 2006 -- 2017 ); Principal Deputy Associate Attorney General and Acting Associate Attorney General ( 2005 -- 2006 ) Antonin Scalia Vacant Anthony Kennedy Vacancy",severe_failure,max_f1=0.135; avg_f1=0.107,YES,phases_tested=4; q_uid=7781842997827267551
S3_NQTEXT_7593720238967084586,3,nqtext,Supreme Court of the United States,Nemotron-3-Ultra-550B,hard,when were the current supreme court justices appointed,"Name Date of birth Appointed by Senate confirmation vote Age at appointment Current age First day / Length of service Previous positions Succeeded Roberts, John John Roberts ( Chief Justice ) 000000001955 - 01 - 27 - 0000 January 27, 1955 Buffalo, New York Bush, George W. George W. Bush 78 -- 22 50 7001620000000000000 ♠ 62 000000002005 - 09 - 29 - 0000 September 29, 2005 12 years, 1 month Circuit Judge, Court of Appeals for the D.C. Circuit ( 2003 -- 2005 ); Principal Deputy Solicitor General ( 1989 -- 1993 ); Associate Counsel to the President ( 1982 -- 1986 ) William Rehnquist Kennedy, Anthony Anthony Kennedy 000000001936 - 07 - 23 - 0000 July 23, 1936 Sacramento, California Reagan, Ronald Ronald Reagan 97 -- 0 51 7001810000000000000 ♠ 81 000000001988 - 02 - 18 - 0000 February 18, 1988 29 years, 8 months Circuit Judge, Court of Appeals for the Ninth Circuit ( 1975 -- 1988 ); Private practice ( 1963 -- 1975 ) Lewis Powell Thomas, Clarence Clarence Thomas 000000001948 - 06 - 23 - 0000 June 23, 1948 Pin Point, Georgia Bush, George H.W. George H.W. Bush 52 -- 48 43 7001690000000000000 ♠ 69 000000001991 - 10 - 23 - 0000 October 23, 1991 26 years Circuit Judge, Court of Appeals for the D.C. Circuit ( 1990 -- 1991 ); Chairman, Equal Employment Opportunity Commission ( 1982 -- 1990 ); Assistant Attorney General in Missouri under State Attorney General John Danforth ( 1974 -- 1977 ) Thurgood Marshall Ginsburg, Ruth Bader Ruth Bader Ginsburg 000000001933 - 03 - 15 - 0000 March 15, 1933 Brooklyn, New York Clinton, Bill Bill Clinton 96 -- 3 60 7001840000000000000 ♠ 84 000000001993 - 08 - 10 - 0000 August 10, 1993 24 years, 2 months Circuit Judge, Court of Appeals for the D.C. Circuit ( 1980 -- 1993 ); General Counsel, American Civil Liberties Union ( 1973 -- 1980 ) Byron White Breyer, Stephen Stephen Breyer 000000001938 - 08 - 15 - 0000 August 15, 1938 San Francisco, California 87 -- 9 55 7001790000000000000 ♠ 79 000000001994 - 08 - 03 - 0000 August 3, 1994 23 years, 2 months Chief Judge, Court of Appeals for the First Circuit ( 1990 -- 1994 ); Circuit Judge, Court of Appeals for the First Circuit ( 1980 -- 1990 ) Harry Blackmun Alito, Samuel Samuel Alito 000000001950 - 04 - 01 - 0000 April 1, 1950 Trenton, New Jersey George W. Bush 58 -- 42 55 7001670000000000000 ♠ 67 000000002006 - 01 - 31 - 0000 January 31, 2006 11 years, 8 months Circuit Judge, Court of Appeals for the Third Circuit ( 1990 -- 2006 ); U.S. Attorney for the District of New Jersey ( 1987 -- 1990 ); Deputy Assistant Attorney General ( 1985 -- 1987 ); Assistant to the Solicitor General ( 1981 -- 1985 ) Sandra Day O'Connor Sotomayor, Sonia Sonia Sotomayor 000000001954 - 06 - 25 - 0000 June 25, 1954 The Bronx, New York Obama, Barack Barack Obama 68 -- 31 55 7001630000000000000 ♠ 63 000000002009 - 08 - 08 - 0000 August 8, 2009 8 years, 2 months Circuit Judge, Court of Appeals for the Second Circuit ( 1998 -- 2009 ); District Judge, District Court for the Southern District of New York ( 1992 -- 1998 ) David Souter Kagan, Elena Elena Kagan 000000001960 - 04 - 28 - 0000 April 28, 1960 Manhattan, New York 63 -- 37 50 7001570000000000000 ♠ 57 000000002010 - 08 - 07 - 0000 August 7, 2010 7 years, 2 months Solicitor General of the United States ( 2009 -- 2010 ); Dean of Harvard Law School ( 2003 -- 2009 ); Associate White House Counsel ( 1995 -- 1999 ); Deputy Director of the Domestic Policy Council ( 1995 -- 1999 ); John Paul Stevens Gorsuch, Neil Neil Gorsuch 000000001967 - 08 - 29 - 0000 August 29, 1967 Denver, Colorado Trump, Donald Donald Trump 54 -- 45 49 7001500000000000000 ♠ 50 000000002017 - 04 - 10 - 0000 April 10, 2017 6 months and 19 days Circuit Judge, Court of Appeals for the Tenth Circuit ( 2006 -- 2017 ); Principal Deputy Associate Attorney General and Acting Associate Attorney General ( 2005 -- 2006 ); Antonin Scalia",severe_failure,max_f1=0.140; avg_f1=0.103,YES,phases_tested=4; q_uid=7593720238967084586
S3_NQTEXT_1920975387925916537,3,nqtext,Supreme Court of the United States,Nemotron-3-Ultra-550B,hard,what is the term for the supreme court,"A term of the Supreme Court commences on the first Monday of each October, and continues until June or early July of the following year. Each term consists of alternating periods of around two weeks known as `` sittings '' and `` recesses. '' Justices hear cases and deliver rulings during sittings; they discuss cases and write opinions during recesses.",severe_failure,max_f1=0.144; avg_f1=0.045,YES,phases_tested=4; q_uid=1920975387925916537
S3_NQTEXT_2606671969689594205,3,nqtext,Supreme Court of the United States,Nemotron-3-Ultra-550B,hard,how old are each of the supreme court justices,"Name Date of birth Appointed by Senate confirmation vote Age at appointment Current age First day / Length of service Previous positions Succeeded Roberts, John John Roberts ( Chief Justice ) 000000001955 - 01 - 27 - 0000 January 27, 1955 Buffalo, New York Bush, George W. George W. Bush 78 -- 22 50 7001620000000000000 ♠ 62 000000002005 - 09 - 29 - 0000 September 29, 2005 11 years, 11 months Circuit Judge, Court of Appeals for the D.C. Circuit ( 2003 -- 2005 ); Principal Deputy Solicitor General ( 1989 -- 1993 ); Associate Counsel to the President ( 1982 -- 1986 ) William Rehnquist Kennedy, Anthony Anthony Kennedy 000000001936 - 07 - 23 - 0000 July 23, 1936 Sacramento, California Reagan, Ronald Ronald Reagan 97 -- 0 51 7001810000000000000 ♠ 81 000000001988 - 02 - 18 - 0000 February 18, 1988 29 years, 7 months Circuit Judge, Court of Appeals for the Ninth Circuit ( 1975 -- 1988 ); Private practice ( 1963 -- 1975 ) Lewis Powell Thomas, Clarence Clarence Thomas 000000001948 - 06 - 23 - 0000 June 23, 1948 Pin Point, Georgia Bush, George H.W. George H.W. Bush 52 -- 48 43 7001690000000000000 ♠ 69 000000001991 - 10 - 23 - 0000 October 23, 1991 25 years, 10 months Circuit Judge, Court of Appeals for the D.C. Circuit ( 1990 -- 1991 ); Chairman, Equal Employment Opportunity Commission ( 1982 -- 1990 ); Assistant Attorney General in Missouri under State Attorney General John Danforth ( 1974 -- 1977 ) Thurgood Marshall Ginsburg, Ruth Bader Ruth Bader Ginsburg 000000001933 - 03 - 15 - 0000 March 15, 1933 Brooklyn, New York Clinton, Bill Bill Clinton 96 -- 3 60 7001840000000000000 ♠ 84 000000001993 - 08 - 10 - 0000 August 10, 1993 24 years, 1 month Circuit Judge, Court of Appeals for the D.C. Circuit ( 1980 -- 1993 ); General Counsel, American Civil Liberties Union ( 1973 -- 1980 ) Breyer, Stephen Stephen Breyer 000000001938 - 08 - 15 - 0000 August 15, 1938 San Francisco, California 87 -- 9 55 7001790000000000000 ♠ 79 000000001994 - 08 - 03 - 0000 August 3, 1994 23 years, 1 month Chief Judge, Court of Appeals for the First Circuit ( 1990 -- 1994 ); Circuit Judge, Court of Appeals for the First Circuit ( 1980 -- 1990 ) Harry Blackmun Alito, Samuel Samuel Alito 000000001950 - 04 - 01 - 0000 April 1, 1950 Trenton, New Jersey George W. Bush 58 -- 42 55 7001670000000000000 ♠ 67 000000002006 - 01 - 31 - 0000 January 31, 2006 11 years, 7 months Circuit Judge, Court of Appeals for the Third Circuit ( 1990 -- 2006 ); U.S. Attorney for the District of New Jersey ( 1987 -- 1990 ); Deputy Assistant Attorney General ( 1985 -- 1987 ); Assistant to the Solicitor General ( 1981 -- 1985 ) Sandra Day O'Connor Sotomayor, Sonia Sonia Sotomayor 000000001954 - 06 - 25 - 0000 June 25, 1954 The Bronx, New York Obama, Barack Barack Obama 68 -- 31 55 7001630000000000000 ♠ 63 000000002009 - 08 - 08 - 0000 August 8, 2009 8 years, 1 month Circuit Judge, Court of Appeals for the Second Circuit ( 1998 -- 2009 ); District Judge, District Court for the Southern District of New York ( 1992 -- 1998 ) David Souter Kagan, Elena Elena Kagan 000000001960 - 04 - 28 - 0000 April 28, 1960 Manhattan, New York 63 -- 37 50 7001570000000000000 ♠ 57 000000002010 - 08 - 07 - 0000 August 7, 2010 7 years, 1 month Solicitor General of the United States ( 2009 -- 2010 ); Dean of Harvard Law School ( 2003 -- 2009 ); Associate White House Counsel ( 1995 -- 1999 ); Deputy Director of the Domestic Policy Council ( 1995 -- 1999 ); John Paul Stevens Gorsuch, Neil Neil Gorsuch 000000001967 - 08 - 29 - 0000 August 29, 1967 Denver, Colorado Trump, Donald Donald Trump 54 -- 45 49 7001500000000000000 ♠ 50 000000002017 - 04 - 10 - 0000 April 10, 2017 163 days Circuit Judge, Court of Appeals for the Tenth Circuit ( 2006 -- 2017 ); Principal Deputy Associate Attorney General and Acting Associate Attorney General ( 2005 -- 2006 ); Antonin Scalia",severe_failure,max_f1=0.145; avg_f1=0.067,YES,phases_tested=4; q_uid=2606671969689594205
S3_NQTEXT_2451661517328217275,3,nqtext,Supreme Court of the United States,Nemotron-3-Ultra-550B,hard,list of current supreme court justices and their ages,"Name Birth Appointed by Senate confirmation vote Age at appointment Current age First day / Length of service Previous positions Succeeded John Roberts ( Chief Justice ) January 27, 1955 Buffalo, New York George W. Bush 78 -- 22 50 7004232080000000000 ♠ 63 September 29, 2005 12 years, 10 months Circuit Judge, Court of Appeals for the D.C. Circuit ( 2003 -- 2005 ); Principal Deputy Solicitor General ( 1989 -- 1993 ); Associate Counsel to the President ( 1982 -- 1986 ) William Rehnquist Clarence Thomas June 23, 1948 Pin Point, Georgia George H.W. Bush 52 -- 48 43 7004256170000000000 ♠ 70 October 23, 1991 26 years, 9 months Circuit Judge, Court of Appeals for the D.C. Circuit ( 1990 -- 1991 ); Chairman, Equal Employment Opportunity Commission ( 1982 -- 1990 ); Assistant Attorney General in Missouri under State Attorney General John Danforth ( 1974 -- 1977 ) Thurgood Marshall Ruth Bader Ginsburg March 15, 1933 Brooklyn, New York Bill Clinton 96 -- 3 60 7004311960000000000 ♠ 85 August 10, 1993 25 years Circuit Judge, Court of Appeals for the D.C. Circuit ( 1980 -- 1993 ); General Counsel, American Civil Liberties Union ( 1973 -- 1980 ) Byron White Stephen Breyer August 15, 1938 San Francisco, California 87 -- 9 55 7004292170000000000 ♠ 79 August 3, 1994 24 years Chief Judge, Court of Appeals for the First Circuit ( 1990 -- 1994 ); Circuit Judge, Court of Appeals for the First Circuit ( 1980 -- 1990 ) Harry Blackmun Samuel Alito April 1, 1950 Trenton, New Jersey George W. Bush 58 -- 42 55 7004249700000000000 ♠ 68 January 31, 2006 12 years, 6 months Circuit Judge, Court of Appeals for the Third Circuit ( 1990 -- 2006 ); U.S. Attorney for the District of New Jersey ( 1987 -- 1990 ); Deputy Assistant Attorney General ( 1985 -- 1987 ); Assistant to the Solicitor General ( 1981 -- 1985 ) Sandra Day O'Connor Sonia Sotomayor June 25, 1954 The Bronx, New York Barack Obama 68 -- 31 55 7004234240000000000 ♠ 64 August 8, 2009 9 years Circuit Judge, Court of Appeals for the Second Circuit ( 1998 -- 2009 ); District Judge, District Court for the Southern District of New York ( 1992 -- 1998 ) David Souter Elena Kagan April 28, 1960 Manhattan, New York 63 -- 37 50 7004212900000000000 ♠ 58 August 7, 2010 8 years Solicitor General of the United States ( 2009 -- 2010 ); Dean of Harvard Law School ( 2003 -- 2009 ); Associate White House Counsel ( 1995 -- 1999 ); Deputy Director of the Domestic Policy Council ( 1995 -- 1999 ) John Paul Stevens Neil Gorsuch August 29, 1967 Denver, Colorado Donald Trump 54 -- 45 49 7004186110000000000 ♠ 50 April 10, 2017 1 year, 4 months Circuit Judge, Court of Appeals for the Tenth Circuit ( 2006 -- 2017 ); Principal Deputy Associate Attorney General and Acting Associate Attorney General ( 2005 -- 2006 ) Antonin Scalia Vacant Anthony Kennedy Vacancy",severe_failure,max_f1=0.156; avg_f1=0.128,YES,phases_tested=4; q_uid=2451661517328217275
S3_NQTEXT_6534456092518679771,3,nqtext,Oklahoma,Nemotron-3-Ultra-550B,hard,when did oklahoma become a state in the us,"Oklahoma ( / ˌoʊkləˈhoʊmə / ( listen ); Pawnee: Uukuhuúwa, Cayuga: Gahnawiyoˀgeh ) is a state in the South Central region of the United States. It is the 20th-most extensive and the 28th-most populous of the fifty United States. The state 's name is derived from the Choctaw words okla and humma, meaning `` red people ''. It is also known informally by its nickname, `` The Sooner State '', in reference to the non-Native settlers who staked their claims on land before the official opening date of lands in the western Oklahoma Territory or before the Indian Appropriations Act of 1889, which dramatically increased European - American settlement in the eastern Indian Territory. Oklahoma Territory and Indian Territory were merged into the State of Oklahoma when it became the 46th state to enter the union on November 16, 1907. Its residents are known as Oklahomans, and its capital and largest city is Oklahoma City.",severe_failure,max_f1=0.192; avg_f1=0.147,YES,phases_tested=4; q_uid=6534456092518679771
S3_NQTEXT_7061938366566979302,3,nqtext,2018 Tour de France,Nemotron-3-Ultra-550B,hard,where is the tour de france starting this year,"from Noirmoutier - en - l'Île, in the Vendée department, | The 2018 Tour de France was the 105th edition of the Tour de France, one of cycling 's three Grand Tours. The 3,351 km ( 2,082 mi ) race started from Noirmoutier - en - l'Île, in the Vendée department, on 7 July and concluded with the Champs - Élysées stage in Paris, on 29 July. A total of 176 riders across 22 teams were participating in the 21 - stage race. The Tour was the shortest of the millennium and was the fifth time a tour had set out from Vendée. The race was won for the first time by Geraint Thomas of Team Sky. Tom Dumoulin ( Team Sunweb ) placed second, with Thomas ' teammate and four - time Tour champion Chris Froome coming third.",empty_response,max_f1=0.197; avg_f1=0.109,YES,phases_tested=4; q_uid=7061938366566979302
S3_NQTEXT_3140972739012711701,3,nqtext,2018 Tour de France,Nemotron-3-Ultra-550B,hard,what is the grand prize for the tour de france,"€ 500,000, | A total of € 2,287,750 was awarded in cash prizes in the race. The overall winner of the general classification received € 500,000, with the second and third placed riders getting € 200,000 and € 100,000 respectively. All finishers in the top 160 were awarded money. The holders of the classifications would benefit on each stage they led; the final winners of the points and mountains would be given € 25,000, while the best young rider and most combative rider would get € 20,000. The team classification winners was given € 50,000. € 11,000 was given to the winners of each stage of the race, with smaller amounts given to places 2 -- 20. There were also two special awards each with a prize of € 5000. The Souvenir Henri Desgrange, given to first rider to pass the summit of the highest climb in the Tour, the Col du Portet on stage seventeen, and the Souvenir Jacques Goddet, given to the first rider to pass Goddet 's memorial at the summit of the Col du Tourmalet in stage nineteen. Nairo Quintana won the Henri Desgrange and Julian Alaphilippe won the Jacques Goddet.",severe_failure,max_f1=0.198; avg_f1=0.084,YES,phases_tested=4; q_uid=3140972739012711701
S3_NQTEXT_2538907278819984497,3,nqtext,Supreme Court of the United States,Nemotron-3-Ultra-550B,hard,ages of the judges on the supreme court,"Name Birth Appointed by Senate confirmation vote Age at appointment Current age First day / Length of service Previous positions Succeeded John Roberts ( Chief Justice ) January 27, 1955 Buffalo, New York George W. Bush 78 -- 22 50 7004232080000000000 ♠ 63 September 29, 2005 12 years, 10 months Circuit Judge, Court of Appeals for the D.C. Circuit ( 2003 -- 2005 ); Principal Deputy Solicitor General ( 1989 -- 1993 ); Associate Counsel to the President ( 1982 -- 1986 ) William Rehnquist Clarence Thomas June 23, 1948 Pin Point, Georgia George H.W. Bush 52 -- 48 43 7004256170000000000 ♠ 70 October 23, 1991 26 years, 9 months Circuit Judge, Court of Appeals for the D.C. Circuit ( 1990 -- 1991 ); Chairman, Equal Employment Opportunity Commission ( 1982 -- 1990 ); Assistant Attorney General in Missouri under State Attorney General John Danforth ( 1974 -- 1977 ) Thurgood Marshall Ruth Bader Ginsburg March 15, 1933 Brooklyn, New York Bill Clinton 96 -- 3 60 7004311960000000000 ♠ 85 August 10, 1993 25 years Circuit Judge, Court of Appeals for the D.C. Circuit ( 1980 -- 1993 ); General Counsel, American Civil Liberties Union ( 1973 -- 1980 ) Byron White Stephen Breyer August 15, 1938 San Francisco, California 87 -- 9 55 7004292170000000000 ♠ 79 August 3, 1994 24 years Chief Judge, Court of Appeals for the First Circuit ( 1990 -- 1994 ); Circuit Judge, Court of Appeals for the First Circuit ( 1980 -- 1990 ) Harry Blackmun Samuel Alito April 1, 1950 Trenton, New Jersey George W. Bush 58 -- 42 55 7004249700000000000 ♠ 68 January 31, 2006 12 years, 6 months Circuit Judge, Court of Appeals for the Third Circuit ( 1990 -- 2006 ); U.S. Attorney for the District of New Jersey ( 1987 -- 1990 ); Deputy Assistant Attorney General ( 1985 -- 1987 ); Assistant to the Solicitor General ( 1981 -- 1985 ) Sandra Day O'Connor Sonia Sotomayor June 25, 1954 The Bronx, New York Barack Obama 68 -- 31 55 7004234240000000000 ♠ 64 August 8, 2009 9 years Circuit Judge, Court of Appeals for the Second Circuit ( 1998 -- 2009 ); District Judge, District Court for the Southern District of New York ( 1992 -- 1998 ) David Souter Elena Kagan April 28, 1960 Manhattan, New York 63 -- 37 50 7004212900000000000 ♠ 58 August 7, 2010 8 years Solicitor General of the United States ( 2009 -- 2010 ); Dean of Harvard Law School ( 2003 -- 2009 ); Associate White House Counsel ( 1995 -- 1999 ); Deputy Director of the Domestic Policy Council ( 1995 -- 1999 ) John Paul Stevens Neil Gorsuch August 29, 1967 Denver, Colorado Donald Trump 54 -- 45 49 7004186110000000000 ♠ 50 April 10, 2017 1 year, 4 months Circuit Judge, Court of Appeals for the Tenth Circuit ( 2006 -- 2017 ); Principal Deputy Associate Attorney General and Acting Associate Attorney General ( 2005 -- 2006 ) Antonin Scalia Vacant Anthony Kennedy Vacancy",severe_failure,max_f1=0.198; avg_f1=0.096,YES,phases_tested=4; q_uid=2538907278819984497
S3_NQTEXT_-4093939767332236344,3,nqtext,Supreme Court of the United States,Nemotron-3-Ultra-550B,hard,who appointed the justices of the supreme court,"Name Birth Appointed by Senate confirmation vote Age at appointment Current age First day / Length of service Previous positions Succeeded John Roberts ( Chief Justice ) January 27, 1955 Buffalo, New York George W. Bush 78 -- 22 50 7004232250000000000 ♠ 63 September 29, 2005 12 years, 11 months Circuit Judge, Court of Appeals for the D.C. Circuit ( 2003 -- 2005 ); Principal Deputy Solicitor General ( 1989 -- 1993 ); Associate Counsel to the President ( 1982 -- 1986 ) William Rehnquist Clarence Thomas June 23, 1948 Pin Point, Georgia George H.W. Bush 52 -- 48 43 7004256340000000000 ♠ 70 October 23, 1991 26 years, 10 months Circuit Judge, Court of Appeals for the D.C. Circuit ( 1990 -- 1991 ); Chairman, Equal Employment Opportunity Commission ( 1982 -- 1990 ); Assistant Attorney General in Missouri under State Attorney General John Danforth ( 1974 -- 1977 ) Thurgood Marshall Ruth Bader Ginsburg March 15, 1933 Brooklyn, New York Bill Clinton 96 -- 3 60 7004312130000000000 ♠ 85 August 10, 1993 25 years Circuit Judge, Court of Appeals for the D.C. Circuit ( 1980 -- 1993 ); General Counsel, American Civil Liberties Union ( 1973 -- 1980 ) Byron White Stephen Breyer August 15, 1938 San Francisco, California Bill Clinton 87 -- 9 55 7004292340000000000 ♠ 80 August 3, 1994 24 years Chief Judge, Court of Appeals for the First Circuit ( 1990 -- 1994 ); Circuit Judge, Court of Appeals for the First Circuit ( 1980 -- 1990 ) Harry Blackmun Samuel Alito April 1, 1950 Trenton, New Jersey George W. Bush 58 -- 42 55 7004249870000000000 ♠ 68 January 31, 2006 12 years, 6 months Circuit Judge, Court of Appeals for the Third Circuit ( 1990 -- 2006 ); U.S. Attorney for the District of New Jersey ( 1987 -- 1990 ); Deputy Assistant Attorney General ( 1985 -- 1987 ); Assistant to the Solicitor General ( 1981 -- 1985 ) Sandra Day O'Connor Sonia Sotomayor June 25, 1954 The Bronx, New York Barack Obama 68 -- 31 55 7004234410000000000 ♠ 64 August 8, 2009 9 years Circuit Judge, Court of Appeals for the Second Circuit ( 1998 -- 2009 ); District Judge, District Court for the Southern District of New York ( 1992 -- 1998 ) David Souter Elena Kagan April 28, 1960 Manhattan, New York Barack Obama 63 -- 37 50 7004213070000000000 ♠ 58 August 7, 2010 8 years Solicitor General of the United States ( 2009 -- 2010 ); Dean of Harvard Law School ( 2003 -- 2009 ); Associate White House Counsel ( 1995 -- 1999 ); Deputy Director of the Domestic Policy Council ( 1995 -- 1999 ) John Paul Stevens Neil Gorsuch August 29, 1967 Denver, Colorado Donald Trump 54 -- 45 49 7004186280000000000 ♠ 51 April 10, 2017 1 year, 4 months Circuit Judge, Court of Appeals for the Tenth Circuit ( 2006 -- 2017 ); Principal Deputy Associate Attorney General and Acting Associate Attorney General ( 2005 -- 2006 ) Antonin Scalia Vacant Anthony Kennedy Vacancy",partial_failure,max_f1=0.202; avg_f1=0.176,YES,phases_tested=4; q_uid=-4093939767332236344
S3_NQTEXT_-3286674585604525369,3,nqtext,Supreme Court of the United States,Nemotron-3-Ultra-550B,hard,who are the current supreme court justices 2017,"John Roberts ( | Name Birth Appointed by Senate confirmation vote Age at appointment Current age First day / Length of service Previous positions Succeeded Roberts, John John Roberts ( Chief Justice ) 000000001955 - 01 - 27 - 0000 January 27, 1955 Buffalo, New York Bush, George W. George W. Bush 78 -- 22 50 7004231340000000000 ♠ 63 000000002005 - 09 - 29 - 0000 September 29, 2005 12 years, 8 months Circuit Judge, Court of Appeals for the D.C. Circuit ( 2003 -- 2005 ); Principal Deputy Solicitor General ( 1989 -- 1993 ); Associate Counsel to the President ( 1982 -- 1986 ) William Rehnquist Kennedy, Anthony Anthony Kennedy 000000001936 - 07 - 23 - 0000 July 23, 1936 Sacramento, California Reagan, Ronald Ronald Reagan 97 -- 0 51 7004298960000000000 ♠ 81 000000001988 - 02 - 18 - 0000 February 18, 1988 30 years, 3 months Circuit Judge, Court of Appeals for the Ninth Circuit ( 1975 -- 1988 ); Private practice ( 1963 -- 1975 ) Lewis Powell Thomas, Clarence Clarence Thomas 000000001948 - 06 - 23 - 0000 June 23, 1948 Pin Point, Georgia Bush, George H.W. George H.W. Bush 52 -- 48 43 7004255430000000000 ♠ 69 000000001991 - 10 - 23 - 0000 October 23, 1991 26 years, 7 months Circuit Judge, Court of Appeals for the D.C. Circuit ( 1990 -- 1991 ); Chairman, Equal Employment Opportunity Commission ( 1982 -- 1990 ); Assistant Attorney General in Missouri under State Attorney General John Danforth ( 1974 -- 1977 ) Thurgood Marshall Ginsburg, Ruth Bader Ruth Bader Ginsburg 000000001933 - 03 - 15 - 0000 March 15, 1933 Brooklyn, New York Clinton, Bill Bill Clinton 96 -- 3 60 7004311220000000000 ♠ 85 000000001993 - 08 - 10 - 0000 August 10, 1993 24 years, 9 months Circuit Judge, Court of Appeals for the D.C. Circuit ( 1980 -- 1993 ); General Counsel, American Civil Liberties Union ( 1973 -- 1980 ) Byron White Breyer, Stephen Stephen Breyer 000000001938 - 08 - 15 - 0000 August 15, 1938 San Francisco, California 87 -- 9 55 7004291430000000000 ♠ 79 000000001994 - 08 - 03 - 0000 August 3, 1994 23 years, 9 months Chief Judge, Court of Appeals for the First Circuit ( 1990 -- 1994 ); Circuit Judge, Court of Appeals for the First Circuit ( 1980 -- 1990 ) Harry Blackmun Alito, Samuel Samuel Alito 000000001950 - 04 - 01 - 0000 April 1, 1950 Trenton, New Jersey George W. Bush 58 -- 42 55 7004248960000000000 ♠ 68 000000002006 - 01 - 31 - 0000 January 31, 2006 12 years, 3 months Circuit Judge, Court of Appeals for the Third Circuit ( 1990 -- 2006 ); U.S. Attorney for the District of New Jersey ( 1987 -- 1990 ); Deputy Assistant Attorney General ( 1985 -- 1987 ); Assistant to the Solicitor General ( 1981 -- 1985 ) Sandra Day O'Connor Sotomayor, Sonia Sonia Sotomayor 000000001954 - 06 - 25 - 0000 June 25, 1954 The Bronx, New York Obama, Barack Barack Obama 68 -- 31 55 7004233500000000000 ♠ 63 000000002009 - 08 - 08 - 0000 August 8, 2009 8 years, 9 months Circuit Judge, Court of Appeals for the Second Circuit ( 1998 -- 2009 ); District Judge, District Court for the Southern District of New York ( 1992 -- 1998 ) David Souter Kagan, Elena Elena Kagan 000000001960 - 04 - 28 - 0000 April 28, 1960 Manhattan, New York 63 -- 37 50 7004212160000000000 ♠ 58 000000002010 - 08 - 07 - 0000 August 7, 2010 7 years, 9 months Solicitor General of the United States ( 2009 -- 2010 ); Dean of Harvard Law School ( 2003 -- 2009 ); Associate White House Counsel ( 1995 -- 1999 ); Deputy Director of the Domestic Policy Council ( 1995 -- 1999 ); John Paul Stevens Gorsuch, Neil Neil Gorsuch 000000001967 - 08 - 29 - 0000 August 29, 1967 Denver, Colorado Trump, Donald Donald Trump 54 -- 45 49 7004185370000000000 ♠ 50 000000002017 - 04 - 10 - 0000 April 10, 2017 1 year, 1 month Circuit Judge, Court of Appeals for the Tenth Circuit ( 2006 -- 2017 ); Principal Deputy Associate Attorney General and Acting Associate Attorney General ( 2005 -- 2006 ); Antonin Scalia",partial_failure,max_f1=0.209; avg_f1=0.160,YES,phases_tested=4; q_uid=-3286674585604525369
S3_NQTEXT_708037729197446651,3,nqtext,2018 Tour de France,Nemotron-3-Ultra-550B,hard,when does the 2018 tour de france start,"7 July and | The 2018 Tour de France was the 105th edition of the Tour de France, one of cycling 's three Grand Tours. The 3,351 km ( 2,082 mi ) race started from Noirmoutier - en - l'Île, in the Vendée department, on 7 July and concluded with the Champs - Élysées stage in Paris, on 29 July. A total of 176 riders across 22 teams were participating in the 21 - stage race. The Tour was the shortest of the millennium and was the fifth time a tour had set out from Vendée. The race was won for the first time by Geraint Thomas of Team Sky. Tom Dumoulin ( Team Sunweb ) placed second, with Thomas ' teammate and four - time Tour champion Chris Froome coming third.",empty_response,max_f1=0.211; avg_f1=0.158,YES,phases_tested=4; q_uid=708037729197446651
S3_NQTEXT_7074262590789713570,3,nqtext,2018 Tour de France,Nemotron-3-Ultra-550B,hard,how many riders per team in the tour de france 2018,"8, | New rules by the cycling 's governing body, the Union Cycliste Internationale ( UCI ) reduced the number of riders per team for Grand Tours from 9 to 8, resulting in a start list total of 176, instead of the usual 198. Of these, 35 competed in their first Tour de France. The total number of riders that finished the race was 145. The riders came from 30 countries. Seven countries had more than 10 riders in the race: France ( 35 ), Belgium ( 19 ), the Netherlands ( 13 ), Italy ( 13 ), Australia ( 11 ), Germany ( 11 ) and Spain ( 11 ). The average age of riders in the race was 29.37 years, ranging from the 21 - year - old Egan Bernal ( Team Sky ) to the 40 - year - old Franco Pellizotti ( Bahrain -- Merida ). Groupama -- FDJ had the youngest average age while Bahrain -- Merida had the oldest.",partial_failure,max_f1=0.214; avg_f1=0.181,YES,phases_tested=4; q_uid=7074262590789713570
S3_NQTEXT_-988869416948042968,3,nqtext,Supreme Court of the United States,Nemotron-3-Ultra-550B,hard,much of the authority of the us supreme court is based on its power to,"ultimate ( and largely discretionary ) appellate jurisdiction over all federal courts and state court cases involving issues of federal law plus original jurisdiction over a small range of cases. | The Supreme Court of the United States is the highest federal court of the United States. Established pursuant to Article Three of the United States Constitution in 1789, it has ultimate ( and largely discretionary ) appellate jurisdiction over all federal courts and state court cases involving issues of federal law plus original jurisdiction over a small range of cases. In the legal system of the United States, the Supreme Court is generally the final interpreter of federal law including the United States Constitution, but it may act only within the context of a case, in which it has jurisdiction. The Court does not have power to decide political questions, and its enforcement arm is in the executive rather than judicial branch of government.",partial_failure,max_f1=0.225; avg_f1=0.061,YES,phases_tested=4; q_uid=-988869416948042968
S3_NQTEXT_8790951508500658794,3,nqtext,Supreme Court of the United States,Nemotron-3-Ultra-550B,hard,who appointed the current justices of the supreme court,"George W. Bush | Name Birth Appointed by Senate confirmation vote Age at appointment Current age First day / Length of service Previous positions Succeeded John Roberts ( Chief Justice ) January 27, 1955 Buffalo, New York George W. Bush 78 -- 22 50 7004232250000000000 ♠ 63 September 29, 2005 12 years, 11 months Circuit Judge, Court of Appeals for the D.C. Circuit ( 2003 -- 2005 ); Principal Deputy Solicitor General ( 1989 -- 1993 ); Associate Counsel to the President ( 1982 -- 1986 ) William Rehnquist Clarence Thomas June 23, 1948 Pin Point, Georgia George H.W. Bush 52 -- 48 43 7004256340000000000 ♠ 70 October 23, 1991 26 years, 10 months Circuit Judge, Court of Appeals for the D.C. Circuit ( 1990 -- 1991 ); Chairman, Equal Employment Opportunity Commission ( 1982 -- 1990 ); Assistant Attorney General in Missouri under State Attorney General John Danforth ( 1974 -- 1977 ) Thurgood Marshall Ruth Bader Ginsburg March 15, 1933 Brooklyn, New York Bill Clinton 96 -- 3 60 7004312130000000000 ♠ 85 August 10, 1993 25 years Circuit Judge, Court of Appeals for the D.C. Circuit ( 1980 -- 1993 ); General Counsel, American Civil Liberties Union ( 1973 -- 1980 ) Byron White Stephen Breyer August 15, 1938 San Francisco, California Bill Clinton 87 -- 9 55 7004292340000000000 ♠ 80 August 3, 1994 24 years Chief Judge, Court of Appeals for the First Circuit ( 1990 -- 1994 ); Circuit Judge, Court of Appeals for the First Circuit ( 1980 -- 1990 ) Harry Blackmun Samuel Alito April 1, 1950 Trenton, New Jersey George W. Bush 58 -- 42 55 7004249870000000000 ♠ 68 January 31, 2006 12 years, 6 months Circuit Judge, Court of Appeals for the Third Circuit ( 1990 -- 2006 ); U.S. Attorney for the District of New Jersey ( 1987 -- 1990 ); Deputy Assistant Attorney General ( 1985 -- 1987 ); Assistant to the Solicitor General ( 1981 -- 1985 ) Sandra Day O'Connor Sonia Sotomayor June 25, 1954 The Bronx, New York Barack Obama 68 -- 31 55 7004234410000000000 ♠ 64 August 8, 2009 9 years Circuit Judge, Court of Appeals for the Second Circuit ( 1998 -- 2009 ); District Judge, District Court for the Southern District of New York ( 1992 -- 1998 ) David Souter Elena Kagan April 28, 1960 Manhattan, New York Barack Obama 63 -- 37 50 7004213070000000000 ♠ 58 August 7, 2010 8 years Solicitor General of the United States ( 2009 -- 2010 ); Dean of Harvard Law School ( 2003 -- 2009 ); Associate White House Counsel ( 1995 -- 1999 ); Deputy Director of the Domestic Policy Council ( 1995 -- 1999 ) John Paul Stevens Neil Gorsuch August 29, 1967 Denver, Colorado Donald Trump 54 -- 45 49 7004186280000000000 ♠ 51 April 10, 2017 1 year, 4 months Circuit Judge, Court of Appeals for the Tenth Circuit ( 2006 -- 2017 ); Principal Deputy Associate Attorney General and Acting Associate Attorney General ( 2005 -- 2006 ) Antonin Scalia Vacant Anthony Kennedy Vacancy",partial_failure,max_f1=0.228; avg_f1=0.206,YES,phases_tested=4; q_uid=8790951508500658794
S3_NQTEXT_329176110017141587,3,nqtext,2018 Tour de France,Nemotron-3-Ultra-550B,hard,where does the tour de france start 2018,"Vendée department, in the region of Pays de la Loire. | The 2018 Tour de France will be the 105th edition of the Tour de France, one of cycling 's three Grand Tours. The start of the 2018 Tour ( known as the Grand Départ ) will be in the Vendée department, in the region of Pays de la Loire. The departments in the Pays de la Loire region hosted the Tour de France 's cyclists on its very first edition back 1903. Since this time, the cities and towns of the Pays de la Loire region have welcomed the Grand Départ of the Tour de France nine times, five of which have set out from the Vendée.",empty_response,max_f1=0.228; avg_f1=0.090,YES,phases_tested=4; q_uid=329176110017141587
S3_NQTEXT_735733759692996096,3,nqtext,Supreme Court of the United States,Nemotron-3-Ultra-550B,hard,retirement age of supreme court judges in usa,"suggest lifetime tenure brings substantial benefits, such as impartiality and freedom from political pressure. Alexander Hamilton in Federalist 78 wrote `` nothing can contribute so much to its firmness and independence as permanency in office. '' | Critic Larry Sabato wrote: `` The insularity of lifetime tenure, combined with the appointments of relatively young attorneys who give long service on the bench, produces senior judges representing the views of past generations better than views of the current day. '' Sanford Levinson has been critical of justices who stayed in office despite medical deterioration based on longevity. James MacGregor Burns stated lifelong tenure has `` produced a critical time lag, with the Supreme Court institutionally almost always behind the times. '' Proposals to solve these problems include term limits for justices, as proposed by Levinson and Sabato as well as a mandatory retirement age proposed by Richard Epstein, among others. However, others suggest lifetime tenure brings substantial benefits, such as impartiality and freedom from political pressure. Alexander Hamilton in Federalist 78 wrote `` nothing can contribute so much to its firmness and independence as permanency in office. ''",partial_failure,max_f1=0.234; avg_f1=0.159,YES,phases_tested=4; q_uid=735733759692996096
S3_NQTEXT_6736627038987537998,3,nqtext,2018 Tour de France,Nemotron-3-Ultra-550B,hard,where did le tour de france start 2018,"Noirmoutier - en - l'Île, | The 2018 Tour de France was the 105th edition of the Tour de France, one of cycling 's three Grand Tours. The 3,351 km ( 2,082 mi ) race started from Noirmoutier - en - l'Île, in the Vendée department, on 7 July and concluded with the Champs - Élysées stage in Paris, on 29 July. A total of 176 riders across 22 teams were participating in the 21 - stage race. The Tour was the shortest of the millennium and was the fifth time a tour had set out from Vendée. The race was won for the first time by Geraint Thomas of Team Sky. Tom Dumoulin ( Team Sunweb ) placed second, with Thomas ' teammate and four - time Tour champion Chris Froome coming third.",empty_response,max_f1=0.247; avg_f1=0.108,YES,phases_tested=4; q_uid=6736627038987537998
S3_NQTEXT_4543417054170639917,3,nqtext,Supreme Court of the United States,Nemotron-3-Ultra-550B,hard,how many judges are there in the united states supreme court,"six `` | Article III of the United States Constitution does not specify the number of justices. The Judiciary Act of 1789 called for the appointment of six `` judges ''. Although an 1801 act would have reduced the size of the court to five members upon its next vacancy, an 1802 act promptly negated the 1801 act, legally restoring the court 's size to six members before any such vacancy occurred. As the nation 's boundaries grew, Congress added justices to correspond with the growing number of judicial circuits: seven in 1807, nine in 1837, and ten in 1863.",partial_failure,max_f1=0.250; avg_f1=0.165,YES,phases_tested=4; q_uid=4543417054170639917
S3_NQTEXT_-7126877452951153761,3,nqtext,2018 Tour de France,Nemotron-3-Ultra-550B,hard,where is the first stage of the tour de france,"Noirmoutier - en - l'Île, | The 2018 Tour de France was the 105th edition of the Tour de France, one of cycling 's three Grand Tours. The 3,351 km ( 2,082 mi ) race started from Noirmoutier - en - l'Île, in the Vendée department, on 7 July and concluded with the Champs - Élysées stage in Paris, on 29 July. A total of 176 riders across 22 teams were participating in the 21 - stage race. The Tour was the shortest of the millennium and was the fifth time a tour had set out from Vendée. The race was won for the first time by Geraint Thomas of Team Sky. Tom Dumoulin ( Team Sunweb ) placed second, with Thomas ' teammate and four - time Tour champion Chris Froome coming third.",empty_response,max_f1=0.265; avg_f1=0.185,YES,phases_tested=4; q_uid=-7126877452951153761
S3_NQTEXT_1455193810716383078,3,nqtext,Supreme Court of the United States,Nemotron-3-Ultra-550B,hard,how long is a term in office for a supreme court justice,"Life tenure | Supreme Court of the United States Established March 4, 1789; 229 years ago ( 1789 - 03 - 04 ) Country United States Location Washington, D.C., U.S. Coordinates 38 ° 53 ′ 26 '' N 77 ° 00 ′ 16 '' W ﻿ / ﻿ 38.89056 ° N 77.00444 ° W ﻿ / 38.89056; - 77.00444 Coordinates: 38 ° 53 ′ 26 '' N 77 ° 00 ′ 16 '' W ﻿ / ﻿ 38.89056 ° N 77.00444 ° W ﻿ / 38.89056; - 77.00444 Composition method Presidential nomination with Senate confirmation Authorized by United States Constitution Judge term length Life tenure No. of positions 9 by statute Website SupremeCourt.gov Chief Justice of the United States Currently John Roberts Since September 29, 2005; 12 years ago ( 2005 - 09 - 29 )",partial_failure,max_f1=0.267; avg_f1=0.161,YES,phases_tested=4; q_uid=1455193810716383078
S3_NQTEXT_-713612749072568800,3,nqtext,2018 Tour de France,Nemotron-3-Ultra-550B,hard,what are the dates for the tour de france 2018,"7 -- 29 July | 2018 Tour de France 2018 UCI World Tour, race 25 of 37 Route of the 2018 Tour de France Race details Dates 7 -- 29 July Stages 21 Distance 3,351 km ( 2,082 mi ) Winning time 83h 17 ' 13 '' Results Winner Geraint Thomas ( GBR ) ( Team Sky ) Second Tom Dumoulin ( NED ) ( Team Sunweb ) Third Chris Froome ( GBR ) ( Team Sky ) Points Peter Sagan ( SVK ) ( Bora -- Hansgrohe ) Mountains Julian Alaphilippe ( FRA ) ( Quick - Step Floors ) Youth Pierre Latour ( FRA ) ( AG2R La Mondiale ) Combativity Dan Martin ( IRL ) ( UAE Team Emirates ) Team Movistar Team ← 2017 2019 →",empty_response,max_f1=0.271; avg_f1=0.163,YES,phases_tested=4; q_uid=-713612749072568800
S3_NQTEXT_-7438581239387654701,3,nqtext,2018 Tour de France,Nemotron-3-Ultra-550B,hard,where did le tour de france start this year,"Noirmoutier - en - l'Île, in the Vendée department, | The 2018 Tour de France was the 105th edition of the Tour de France, one of cycling 's three Grand Tours. The 3,351 km ( 2,082 mi ) race started from Noirmoutier - en - l'Île, in the Vendée department, on 7 July and concluded with the Champs - Élysées stage in Paris, on 29 July. A total of 176 riders across 22 teams were participating in the 21 - stage race. The Tour was the shortest of the millennium and was the fifth time a tour had set out from Vendée. The race was won for the first time by Geraint Thomas of Team Sky. Tom Dumoulin ( Team Sunweb ) placed second, with Thomas ' teammate and four - time Tour champion Chris Froome coming third.",partial_failure,max_f1=0.273; avg_f1=0.142,YES,phases_tested=4; q_uid=-7438581239387654701
S3_NQTEXT_2698192755634040121,3,nqtext,Supreme Court of the United States,Nemotron-3-Ultra-550B,hard,when can the supreme court justices be removed,"after impeachment ( | According to federal statute, the Court normally consists of the Chief Justice of the United States and eight associate justices who are nominated by the President and confirmed by the Senate. Once appointed, justices have lifetime tenure unless they resign, retire, or are removed after impeachment ( though no justice has ever been removed ). In modern discourse, the justices are often categorized as having conservative, moderate, or liberal philosophies of law and of judicial interpretation. Each justice has one vote, and it is worth noting while a far greater number of cases in recent history have been decided unanimously, decisions in cases of the highest profile have come down to just one single vote, thereby exposing the justices ' ideological beliefs that track with those philosophical or political categories. The Court meets in the Supreme Court Building in Washington, D.C.",partial_failure,max_f1=0.279; avg_f1=0.237,YES,phases_tested=4; q_uid=2698192755634040121
S3_NQTEXT_-6718102858366318183,3,nqtext,Hannah John-Kamen,Nemotron-3-Ultra-550B,hard,what episode of black mirror was hannah john kamen in,"Episode `` Fifteen Million Merits '' | Year Title Role Notes 2011 Misfits Carly Episode # 3.6 Black Mirror Selma Episode `` Fifteen Million Merits '' 2012 Whitechapel Roxy 2 episodes The Syndicate Young Shop Assistant Episode # 1.2 The Midnight Beast Pizza Girls Episode: `` Someone Called Sam '' The Hour Rosa Maria Ramírez 4 episodes 2014 Death in Paradise Yasmin Blake Series 3; Episode 6 Happy Valley Justine 2015 Cucumber Violet The Ark Nahlab Television film Banana Violet 2015 -- present Killjoys Dutch / Aneela Main role 2016 The Tunnel: Sabotage Rosa Persaud Game of Thrones Ornela Episodes: `` Oathbreaker '', `` Book of the Stranger '' Black Mirror Sonja Episode: `` Playtest ''",partial_failure,max_f1=0.294; avg_f1=0.262,YES,phases_tested=4; q_uid=-6718102858366318183
S3_NQTEXT_-2961670855418829569,3,nqtext,Supreme Court of the United States,Nemotron-3-Ultra-550B,hard,how can you remove a supreme court justice,"impeachment ( | According to federal statute, the Court normally consists of the Chief Justice of the United States and eight associate justices who are nominated by the President and confirmed by the Senate. Once appointed, justices have lifetime tenure unless they resign, retire, or are removed after impeachment ( though no justice has ever been removed ). In modern discourse, the justices are often categorized as having conservative, moderate, or liberal philosophies of law and of judicial interpretation. Each justice has one vote, and it is worth noting that while a far greater number of cases in recent history have been decided unanimously, decisions in cases of the highest profile have often come down to just one single vote, thereby exposing the justices ' ideological beliefs that track with those philosophical or political categories. The Court meets in the Supreme Court Building in Washington, D.C.",partial_failure,max_f1=0.296; avg_f1=0.264,YES,phases_tested=4; q_uid=-2961670855418829569
S3_NQTEXT_1610567325806532817,3,nqtext,Supreme Court of the United States,Nemotron-3-Ultra-550B,medium,what is the maximum number of supreme court justices allowed,"Article III of the United States Constitution does not specify the number of justices. The Judiciary Act of 1789 called for the appointment of six `` judges ''. Although an 1801 act would have reduced the size of the court to five members upon its next vacancy, an 1802 act promptly negated the 1801 act, legally restoring the court 's size to six members before any such vacancy occurred. As the nation 's boundaries grew, Congress added justices to correspond with the growing number of judicial circuits: seven in 1807, nine in 1837, and ten in 1863.",partial_failure,max_f1=0.312; avg_f1=0.228,YES,phases_tested=4; q_uid=1610567325806532817
S3_NQTEXT_8207159288020095204,3,nqtext,Supreme Court of the United States,Nemotron-3-Ultra-550B,medium,how many supreme court justices were there originally,"six initial | The Court first convened on February 2, 1790, with six judges where only five of its six initial positions were filled. According to historian Fergus Bordewich, in its first session: `` ( T ) he Supreme Court convened for the first time at the Royal Exchange Building on Broad Street, a few steps from Federal Hall. Symbolically, the moment was pregnant with promise for the republic, this birth of a new national institution whose future power, admittedly, still existed only in the eyes and minds of just a few visionary Americans. Impressively bewigged and swathed in their robes of office, Chief Justice John Jay and three associate justices -- William Cushing of Massachusetts, James Wilson of Pennsylvania, and John Blair of Virginia -- sat augustly before a throng of spectators and waited for something to happen. Nothing did. They had no cases to consider. After a week of inactivity, they adjourned until September, and everyone went home. ''",partial_failure,max_f1=0.317; avg_f1=0.257,YES,phases_tested=4; q_uid=8207159288020095204
S3_NQTEXT_-5514927031084251120,3,nqtext,2018 Tour de France,Nemotron-3-Ultra-550B,medium,when will tour de france teams be announced,"6 January 2018, | The 18 UCI WorldTeams were automatically invited to the race. On 6 January 2018, organisers of the Tour, the Amaury Sport Organisation ( ASO ), announced the four second - tier UCI Professional Continental teams that received a wildcard invitation to participate in the event. The four teams were Cofidis, Direct Énergie, Fortuneo -- Samsic, from France and Belgium 's Wanty -- Groupe Gobert, all of which have participated in the race before. This meant that new French team Vital Concept, with their team leader, sprinter Bryan Coquard, missed out on the race. Christian Prudhomme wished the team the best in their inaugural season. The presentation of the teams -- where the members of each team 's roster are introduced in front of the media and local dignitaries -- took place on Place Napoleon ( fr ) in the town of La Roche - sur - Yon on 5 July, two days before the opening stage.",empty_response,max_f1=0.327; avg_f1=0.140,YES,phases_tested=4; q_uid=-5514927031084251120
S3_NQTEXT_-3485714005907152096,3,nqtext,Oklahoma,Nemotron-3-Ultra-550B,medium,when did oklahoma become a state what does the word oklahoma mean,"Oklahoma ( / ˌoʊkləˈhoʊmə / ( listen ); Pawnee: Uukuhuúwa, Cayuga: Gahnawiyoˀgeh ) is a state in the South Central region of the United States. It is the 20th-most extensive and the 28th-most populous of the 50 United States. The state 's name is derived from the Choctaw words okla and humma, meaning `` red people ''. It is also known informally by its nickname, `` The Sooner State '', in reference to the non-Native settlers who staked their claims on land before the official opening date of lands in the western Oklahoma Territory or before the Indian Appropriations Act of 1889, which dramatically increased European - American settlement in the eastern Indian Territory. Oklahoma Territory and Indian Territory were merged into the State of Oklahoma when it became the 46th state to enter the union on November 16, 1907. Its residents are known as Oklahomans, or informally as Okies, and its capital and largest city is Oklahoma City.",empty_response,max_f1=0.333; avg_f1=0.239,YES,phases_tested=4; q_uid=-3485714005907152096
S3_NQTEXT_609213267714876351,3,nqtext,Supreme Court of the United States,Nemotron-3-Ultra-550B,medium,how many members does the us supreme court have,"nine justices | The court is currently filled with nine justices. The most recent justice to join to the court was Neil Gorsuch, who was nominated by President Donald Trump on January 31, 2017, and confirmed on April 7, 2017, by the Senate.",partial_failure,max_f1=0.338; avg_f1=0.256,YES,phases_tested=4; q_uid=609213267714876351
S3_NQTEXT_3340122335577060793,3,nqtext,Oklahoma,Nemotron-3-Ultra-550B,medium,where is oklahoma located in the united states,"in the Great Plains near the geographical center of the 48 contiguous states. | Oklahoma is the 20th - largest state in the United States, covering an area of 69,898 square miles ( 181,030 km ), with 68,667 square miles ( 177,850 km ) of land and 1,281 square miles ( 3,320 km ) of water. It lies partly in the Great Plains near the geographical center of the 48 contiguous states. It is bounded on the east by Arkansas and Missouri, on the north by Kansas, on the northwest by Colorado, on the far west by New Mexico, and on the south and near - west by Texas. Much of its border with Texas lies along the Southern Oklahoma Aulacogen, a failed continental rift. The geologic figure defines the placement of the Red River.",partial_failure,max_f1=0.345; avg_f1=0.320,YES,phases_tested=4; q_uid=3340122335577060793
S3_NQTEXT_-2639600741664337298,3,nqtext,Supreme Court of the United States,Nemotron-3-Ultra-550B,medium,how long do supreme court justices hold their jobs,"lifetime tenure unless they resign, retire, or are removed after impeachment ( though no justice has ever been removed ). | According to federal statute, the Court normally consists of the Chief Justice of the United States and eight associate justices who are nominated by the President and confirmed by the Senate. Once appointed, justices have lifetime tenure unless they resign, retire, or are removed after impeachment ( though no justice has ever been removed ). In modern discourse, the justices are often categorized as having conservative, moderate, or liberal philosophies of law and of judicial interpretation. Each justice has one vote, and it is worth noting while a far greater number of cases in recent history have been decided unanimously, decisions in cases of the highest profile have come down to just one single vote, thereby exposing the justices ' ideological beliefs that track with those philosophical or political categories. The Court meets in the Supreme Court Building in Washington, D.C.",partial_failure,max_f1=0.346; avg_f1=0.277,YES,phases_tested=4; q_uid=-2639600741664337298
S3_NQTEXT_1112304613959778600,3,nqtext,Supreme Court of the United States,Nemotron-3-Ultra-550B,medium,who decides the size and number of federal courts,"Supreme Court of the United States is | The Supreme Court of the United States is the highest federal court of the United States. Established pursuant to Article Three of the United States Constitution in 1789, it has ultimate ( and largely discretionary ) appellate jurisdiction over all federal courts and state court cases involving issues of federal law plus original jurisdiction over a small range of cases. In the legal system of the United States, the Supreme Court is generally the final interpreter of federal law including the United States Constitution, but it may act only within the context of a case, in which it has jurisdiction. The Court does not have power to decide political questions, and its enforcement arm is in the executive rather than judicial branch of government.",partial_failure,max_f1=0.359; avg_f1=0.299,YES,phases_tested=4; q_uid=1112304613959778600
S3_NQTEXT_-2724342520407536212,3,nqtext,Supreme Court of the United States,Nemotron-3-Ultra-550B,medium,is there a constitutional limit on the number of supreme court justices,"Article III of the United States Constitution does not specify the number of justices. The Judiciary Act of 1789 called for the appointment of six `` judges. '' Although an 1801 act would have reduced the size of the court to five members upon its next vacancy, an 1802 act promptly negated the 1801 act, legally restoring the court 's size to six members before any such vacancy occurred. As the nation 's boundaries grew, Congress added justices to correspond with the growing number of judicial circuits: seven in 1807, nine in 1837, and ten in 1863.",partial_failure,max_f1=0.361; avg_f1=0.325,YES,phases_tested=4; q_uid=-2724342520407536212
S3_NQTEXT_-548329466383357895,3,nqtext,Supreme Court of the United States,Nemotron-3-Ultra-550B,medium,what is a supreme court justices term of office,"lifetime tenure | According to federal statute, the Court normally consists of the Chief Justice of the United States and eight associate justices who are nominated by the President and confirmed by the Senate. Once appointed, justices have lifetime tenure unless they resign, retire, or are removed after impeachment ( though no justice has ever been removed ). In modern discourse, the justices are often categorized as having conservative, moderate, or liberal philosophies of law and of judicial interpretation. Each justice has one vote, and it is worth noting that while a far greater number of cases in recent history have been decided unanimously, decisions in cases of the highest profile have often come down to just one single vote, thereby exposing the justices ' ideological beliefs that track with those philosophical or political categories. The Court meets in the Supreme Court Building in Washington, D.C.",partial_failure,max_f1=0.365; avg_f1=0.239,YES,phases_tested=4; q_uid=-548329466383357895
S3_NQTEXT_2414953926000691150,3,nqtext,Supreme Court of the United States,Nemotron-3-Ultra-550B,medium,can a member of the supreme court be removed,"According to federal statute, the Court normally consists of the Chief Justice of the United States and eight associate justices who are nominated by the President and confirmed by the Senate. Once appointed, justices have lifetime tenure unless they resign, retire, or are removed after impeachment ( though no justice has ever been removed ). In modern discourse, the justices are often categorized as having conservative, moderate, or liberal philosophies of law and of judicial interpretation. Each justice has one vote, and it is worth noting while a far greater number of cases in recent history have been decided unanimously, decisions in cases of the highest profile have come down to just one single vote, thereby exposing the justices ' ideological beliefs that track with those philosophical or political categories. The Court meets in the Supreme Court Building in Washington, D.C.",partial_failure,max_f1=0.370; avg_f1=0.326,YES,phases_tested=4; q_uid=2414953926000691150
S3_NQTEXT_7798718635369108427,3,nqtext,Supreme Court of the United States,Nemotron-3-Ultra-550B,medium,how many supreme court judges are there in usa,"According to federal statute, the Court normally consists of the Chief Justice of the United States and eight associate justices who are nominated by the President and confirmed by the Senate. Once appointed, justices have lifetime tenure unless they resign, retire, or are removed after impeachment. In modern discourse, the justices are often categorized as having conservative, moderate, or liberal philosophies of law and of judicial interpretation. Each justice has one vote, and while a far greater number of cases in recent history have been decided unanimously, decisions in cases of the highest profile have often come down to just one single vote, thereby exposing the justices ' ideological beliefs that track with those philosophical or political categories. The Court meets in the Supreme Court Building in Washington, D.C.",partial_failure,max_f1=0.374; avg_f1=0.272,YES,phases_tested=4; q_uid=7798718635369108427
S3_NQTEXT_-824653642806880036,3,nqtext,Supreme Court of the United States,Nemotron-3-Ultra-550B,medium,how long has the supreme court has 9 justices,"In 1866, at the behest of Chief Justice Chase, Congress passed an act providing that the next three justices to retire would not be replaced, which would thin the bench to seven justices by attrition. Consequently, one seat was removed in 1866 and a second in 1867. In 1869, however, the Circuit Judges Act returned the number of justices to nine, where it has since remained.",partial_failure,max_f1=0.395; avg_f1=0.366,YES,phases_tested=4; q_uid=-824653642806880036
S3_NQTEXT_-5069407596860940950,3,nqtext,Supreme Court of the United States,Nemotron-3-Ultra-550B,medium,what is the length of term of office for a supreme court justice,"lifetime tenure unless | According to federal statute, the Court normally consists of the Chief Justice of the United States and eight associate justices who are nominated by the President and confirmed by the Senate. Once appointed, justices have lifetime tenure unless they resign, retire, or are removed after impeachment ( though no justice has ever been removed ). In modern discourse, the justices are often categorized as having conservative, moderate, or liberal philosophies of law and of judicial interpretation. Each justice has one vote, and it is worth noting that while a far greater number of cases in recent history have been decided unanimously, decisions in cases of the highest profile have often come down to just one single vote, thereby exposing the justices ' ideological beliefs that track with those philosophical or political categories. The Court meets in the Supreme Court Building in Washington, D.C.",partial_failure,max_f1=0.400; avg_f1=0.256,YES,phases_tested=4; q_uid=-5069407596860940950
S3_NQTEXT_-8398551791510887037,3,nqtext,Supreme Court of the United States,Nemotron-3-Ultra-550B,medium,where do a majority of supreme court cases come from,"by way of petitions for writs of certiorari, | Nearly all cases come before the court by way of petitions for writs of certiorari, commonly referred to as `` cert ''. The Court may review any case in the federal courts of appeals `` by writ of certiorari granted upon the petition of any party to any civil or criminal case. '' Court may only review `` final judgments rendered by the highest court of a state in which a decision could be had '' if those judgments involve a question of federal statutory or constitutional law. The party that appealed to the Court is the petitioner and the non-mover is the respondent. All case names before the Court are styled petitioner v. respondent, regardless of which party initiated the lawsuit in the trial court. For example, criminal prosecutions are brought in the name of the state and against an individual, as in State of Arizona v. Ernesto Miranda. If the defendant is convicted, and his conviction then is affirmed on appeal in the state supreme court, when he petitions for cert the name of the case becomes Miranda v. Arizona.",partial_failure,max_f1=0.408; avg_f1=0.279,YES,phases_tested=4; q_uid=-8398551791510887037
S3_NQTEXT_-8377155967940203923,3,nqtext,Supreme Court of the United States,Nemotron-3-Ultra-550B,medium,who determines the size of the supreme court,"Congress added | Article III of the United States Constitution does not specify the number of justices. The Judiciary Act of 1789 called for the appointment of six `` judges ''. Although an 1801 act would have reduced the size of the court to five members upon its next vacancy, an 1802 act promptly negated the 1801 act, legally restoring the court 's size to six members before any such vacancy occurred. As the nation 's boundaries grew, Congress added justices to correspond with the growing number of judicial circuits: seven in 1807, nine in 1837, and ten in 1863.",partial_failure,max_f1=0.426; avg_f1=0.342,YES,phases_tested=4; q_uid=-8377155967940203923
S3_NQTEXT_1025571073910974662,3,nqtext,Supreme Court of the United States,Nemotron-3-Ultra-550B,medium,when did the us supreme court have 9 justices,"1869, | In 1866, at the behest of Chief Justice Chase, Congress passed an act providing that the next three justices to retire would not be replaced, which would thin the bench to seven justices by attrition. Consequently, one seat was removed in 1866 and a second in 1867. In 1869, however, the Circuit Judges Act returned the number of justices to nine, where it has since remained.",partial_failure,max_f1=0.427; avg_f1=0.320,YES,phases_tested=4; q_uid=1025571073910974662
S3_NQTEXT_-4733085843277341798,3,nqtext,Supreme Court of the United States,Nemotron-3-Ultra-550B,medium,the number of justices serving on the supreme court is determined by,"Article III of the United States Constitution does not specify the number of justices. The Judiciary Act of 1789 called for the appointment of six `` judges ''. Although an 1801 act would have reduced the size of the court to five members upon its next vacancy, an 1802 act promptly negated the 1801 act, legally restoring the court 's size to six members before any such vacancy occurred. As the nation 's boundaries grew, Congress added justices to correspond with the growing number of judicial circuits: seven in 1807, nine in 1837, and ten in 1863.",partial_failure,max_f1=0.440; avg_f1=0.379,YES,phases_tested=4; q_uid=-4733085843277341798
S3_NQTEXT_-8394929068646973254,3,nqtext,2018 Tour de France,Nemotron-3-Ultra-550B,medium,who won the first stage of the 2018 tour de france,"Fernando Gaviria of Quick - Step Floors, | The opening stage was won by Fernando Gaviria of Quick - Step Floors, who became the Tour 's first rider to wear the general classification leader 's yellow jersey. Peter Sagan ( Bora -- Hansgrohe ) then took the race lead the following stage. BMC Racing Team won stage three 's team time trial, putting their rider Greg Van Avermaet in yellow. He held the jersey for eight days until the second high mountain stage, where stage winner Thomas took the lead. He held it for the rest of the race to become the first Welshman to win the overall race. As a result, Team Sky -- and additionally British riders -- won six of the previous seven Tours dating back to 2012.",empty_response,max_f1=0.444; avg_f1=0.286,YES,phases_tested=4; q_uid=-8394929068646973254
S3_NQTEXT_7425154493384697205,3,nqtext,Supreme Court of the United States,Nemotron-3-Ultra-550B,medium,currently how many supreme court justices are there,"nine justices | The court is currently filled with nine justices. The most recent justice to join to the court was Neil Gorsuch, who was nominated by President Donald Trump on January 31, 2017, and confirmed on April 7, 2017, by the Senate.",partial_failure,max_f1=0.444; avg_f1=0.410,YES,phases_tested=4; q_uid=7425154493384697205
S3_NQTEXT_2525993732159637135,3,nqtext,Supreme Court of the United States,Nemotron-3-Ultra-550B,medium,how many judges currently serve on the supreme court,"nine Justices | The court is currently filled with nine Justices. The most recent justice to join to the court was Neil Gorsuch, who was nominated by President Donald Trump on January 31, 2017, and confirmed on April 7, 2017, by the U.S. Senate.",partial_failure,max_f1=0.444; avg_f1=0.358,YES,phases_tested=4; q_uid=2525993732159637135
S3_NQTEXT_7514836964275799080,3,nqtext,Supreme Court of the United States,Nemotron-3-Ultra-550B,medium,how many members are there of the supreme court,"nine Justices | The court is currently filled with nine Justices. The most recent justice to join to the court was Neil Gorsuch, who was nominated by President Donald Trump on January 31, 2017, and confirmed on April 7, 2017, by the U.S. Senate.",partial_failure,max_f1=0.444; avg_f1=0.261,YES,phases_tested=4; q_uid=7514836964275799080
S3_NQTEXT_-2072028062443731968,3,nqtext,Supreme Court of the United States,Nemotron-3-Ultra-550B,medium,when was the courts size fixed at nine justices,"1869, | In 1866, at the behest of Chief Justice Chase, Congress passed an act providing that the next three justices to retire would not be replaced, which would thin the bench to seven justices by attrition. Consequently, one seat was removed in 1866 and a second in 1867. In 1869, however, the Circuit Judges Act returned the number of justices to nine, where it has since remained.",partial_failure,max_f1=0.447; avg_f1=0.412,YES,phases_tested=4; q_uid=-2072028062443731968
S3_NQTEXT_3789661245903804501,3,nqtext,Supreme Court of the United States,Nemotron-3-Ultra-550B,medium,when did the supreme court get nine justices,"1869, | In 1866, at the behest of Chief Justice Chase, Congress passed an act providing that the next three justices to retire would not be replaced, which would thin the bench to seven justices by attrition. Consequently, one seat was removed in 1866 and a second in 1867. In 1869, however, the Circuit Judges Act returned the number of justices to nine, where it has since remained.",partial_failure,max_f1=0.447; avg_f1=0.112,YES,phases_tested=4; q_uid=3789661245903804501
S3_NQTEXT_-8476741213124230747,3,nqtext,Supreme Court of the United States,Nemotron-3-Ultra-550B,medium,where is the united states supreme court located,"the Supreme Court Building in Washington, D.C. | According to federal statute, the Court normally consists of the Chief Justice of the United States and eight associate justices who are nominated by the President and confirmed by the Senate. Once appointed, justices have lifetime tenure unless they resign, retire, or are removed after impeachment ( though no justice has ever been removed ). In modern discourse, the justices are often categorized as having conservative, moderate, or liberal philosophies of law and of judicial interpretation. Each justice has one vote, and it is worth noting while a far greater number of cases in recent history have been decided unanimously, decisions in cases of the highest profile have come down to just one single vote, thereby exposing the justices ' ideological beliefs that track with those philosophical or political categories. The Court meets in the Supreme Court Building in Washington, D.C.",partial_failure,max_f1=0.462; avg_f1=0.415,YES,phases_tested=4; q_uid=-8476741213124230747
S3_NQTEXT_4163474915705102559,3,nqtext,Supreme Court of the United States,Nemotron-3-Ultra-550B,medium,what are the qualifications for being a us supreme court justice,"the Constitution sets no qualifications for | The U.S. Constitution states that the President `` shall nominate, and by and with the Advice and Consent of the Senate, shall appoint Judges of the Supreme Court. '' Most presidents nominate candidates who broadly share their ideological views, although a justice 's decisions may end up being contrary to a president 's expectations. Because the Constitution sets no qualifications for service as a justice, a president may nominate anyone to serve, subject to Senate confirmation.",partial_failure,max_f1=0.485; avg_f1=0.403,YES,phases_tested=4; q_uid=4163474915705102559
S3_PAPERTAB_ed7a3e7fc1672f85a768613e7d1b419475950ab4,3,papertab,1909.00754,Nemotron-3-Ultra-550B,medium,Does this approach perform better in the multi-domain or single-domain setting?,"['single-domain setting', ' ', ' ']",empty_response,max_f1=0.333; avg_f1=0.099,YES,phases_tested=5; q_uid=ed7a3e7fc1672f85a768613e7d1b419475950ab4
S3_PAPERTAB_5eda469a8a77f028d0c5f1acd296111085614537,3,papertab,1912.01214,Nemotron-3-Ultra-550B,medium,what language pairs are explored?,"['De-En, En-Fr, Fr-En, En-Es, Ro-En, En-De, Ar-En, En-Ru', 'French-English-Spanish (Fr-En-Es), German-English-French (De-En-Fr) and Romanian-English-German (Ro-En-De), Arabic (Ar), Spanish (Es), and Russian (Ru), and mutual translation between themselves constitutes six zero-shot translation', ' ']",partial_failure,max_f1=0.474; avg_f1=0.208,YES,phases_tested=5; q_uid=5eda469a8a77f028d0c5f1acd296111085614537
S3_PAPERTEXT_2df4a045a9cd7b44874340b6fdf9308d3c55327a,3,papertext,1801.05147,Nemotron-3-Ultra-550B,hard,What crowdsourcing platform is used?,"['They did not use any platform, instead they hired undergraduate students to do the annotation.', ' ', ' ']",partial_failure,max_f1=0.235; avg_f1=0.138,YES,phases_tested=5; q_uid=2df4a045a9cd7b44874340b6fdf9308d3c55327a
S3_PAPERTEXT_b6f15fb6279b82e34a5bf4828b7b5ddabfdf1d54,3,papertext,1912.01214,Nemotron-3-Ultra-550B,hard,which multilingual approaches do they compare with?,"['BIBREF19, BIBREF20', 'multilingual NMT (MNMT) BIBREF19', ' ']",partial_failure,max_f1=0.261; avg_f1=0.111,YES,phases_tested=5; q_uid=b6f15fb6279b82e34a5bf4828b7b5ddabfdf1d54
S3_PAPERTEXT_a4d115220438c0ded06a91ad62337061389a6747,3,papertext,1809.01202,Nemotron-3-Ultra-550B,hard,What types of social media did they consider?,"['Facebook status update messages', 'Facebook status update messages', ' ']",partial_failure,max_f1=0.267; avg_f1=0.135,YES,phases_tested=5; q_uid=a4d115220438c0ded06a91ad62337061389a6747
S3_PAPERTEXT_f5e6f43454332e0521a778db0b769481e23e7682,3,papertext,1912.01214,Nemotron-3-Ultra-550B,medium,what are the pivot-based baselines?,"['pivoting, pivoting$_{\\rm m}$', 'firstly translates a source language into the pivot language which is later translated to the target language', ' ']",empty_response,max_f1=0.308; avg_f1=0.133,YES,phases_tested=5; q_uid=f5e6f43454332e0521a778db0b769481e23e7682
S3_PAPERTEXT_72ceeb58e783e3981055c70a3483ea706511fac3,3,papertext,1909.00754,Nemotron-3-Ultra-550B,medium,What are the performance metrics used?,"['joint goal accuracy', ' ', ' ']",partial_failure,max_f1=0.400; avg_f1=0.222,YES,phases_tested=5; q_uid=72ceeb58e783e3981055c70a3483ea706511fac3
S3_PAPERTEXT_9bfa46ad55136f2a365e090ce585fc012495393c,3,papertext,1909.00754,Nemotron-3-Ultra-550B,medium,Which datasets are used to evaluate performance?,"['the single domain dataset, WoZ2.0 , the multi-domain dataset, MultiWoZ', ' ', ' ']",partial_failure,max_f1=0.400; avg_f1=0.339,YES,phases_tested=5; q_uid=9bfa46ad55136f2a365e090ce585fc012495393c
S3_TATHYBRID_0bbedf7757da1e79b723f2641bea587c,3,tathybrid,overseas-shipholding-group-inc_2019,Nemotron-3-Ultra-550B,hard,What was the Interest cost on benefit obligation in 2019 and 2018 respectively?,"1,802, 1,673",empty_response,max_f1=0.000; avg_f1=0.000,YES,phases_tested=6; q_uid=0bbedf7757da1e79b723f2641bea587c
S3_TATHYBRID_ccc7a9080e0fea2e3181976dc634e30f,3,tathybrid,overseas-shipholding-group-inc_2019,Nemotron-3-Ultra-550B,hard,"In which year was Operating Leases greater than 100,000?",2022,empty_response,max_f1=0.000; avg_f1=0.000,YES,phases_tested=6; q_uid=ccc7a9080e0fea2e3181976dc634e30f
S3_TATHYBRID_70b9c20fdab23a9cd16c8474c2be6d9c,3,tathybrid,overseas-shipholding-group-inc_2019,Nemotron-3-Ultra-550B,hard,"In which year was Increases for positions taken in prior years less than 1,000?",2018,empty_response,max_f1=0.000; avg_f1=0.000,YES,phases_tested=6; q_uid=70b9c20fdab23a9cd16c8474c2be6d9c
S3_TATHYBRID_918d6fb907a4ff383e5d8e9da7db2728,3,tathybrid,overseas-shipholding-group-inc_2019,Nemotron-3-Ultra-550B,hard,What was the Rate change in 2019 and 2018 respectively?,"(84), 0",empty_response,max_f1=0.000; avg_f1=0.000,YES,phases_tested=6; q_uid=918d6fb907a4ff383e5d8e9da7db2728
S3_TATHYBRID_65dac64cb09b645dd52cc8f4a696544e,3,tathybrid,overseas-shipholding-group-inc_2019,Nemotron-3-Ultra-550B,hard,"What is the change in Liabilities: Deferred income taxes from Balance at December 31, 2017 to January 1, 2018?",-108,empty_response,max_f1=0.000; avg_f1=0.000,YES,phases_tested=6; q_uid=65dac64cb09b645dd52cc8f4a696544e
S3_TATHYBRID_6122b1882bcd7b0a238a04bce284e40e,3,tathybrid,overseas-shipholding-group-inc_2019,Nemotron-3-Ultra-550B,hard,"In which year was Prepaid expenditures less than 6,000?",2019,complete_failure,max_f1=0.000; avg_f1=0.000,YES,phases_tested=6; q_uid=6122b1882bcd7b0a238a04bce284e40e
S3_TATHYBRID_f0a1bd31aa64c790c41e42920619040b,3,tathybrid,overseas-shipholding-group-inc_2019,Nemotron-3-Ultra-550B,hard,What was the Prepaid expenditures in 2019 and 2018 respectively?,"5,621, 7,108",complete_failure,max_f1=0.000; avg_f1=0.000,YES,phases_tested=6; q_uid=f0a1bd31aa64c790c41e42920619040b
S3_TATHYBRID_5c0ddefaec11aaea7641c83b8e8ee365,3,tathybrid,lifeway-foods-inc_2019,Nemotron-3-Ultra-550B,hard,What is the percentage change in provisions (benefit) for state and local income taxes between 2018 and 2019?,10.84,complete_failure,max_f1=0.000; avg_f1=0.000,YES,phases_tested=6; q_uid=5c0ddefaec11aaea7641c83b8e8ee365
S3_TATHYBRID_f3f36466e3595177dee05fd432122387,3,tathybrid,lifeway-foods-inc_2019,Nemotron-3-Ultra-550B,hard,What is the value of real estate taxes in 2018?,398,empty_response,max_f1=0.000; avg_f1=0.000,YES,phases_tested=6; q_uid=f3f36466e3595177dee05fd432122387
S3_TATHYBRID_75006d911eb541bafc8bfdfe43399b83,3,tathybrid,lifeway-foods-inc_2019,Nemotron-3-Ultra-550B,hard,What is the average real estate taxes for 2018 and 2019?,398,complete_failure,max_f1=0.000; avg_f1=0.000,YES,phases_tested=6; q_uid=75006d911eb541bafc8bfdfe43399b83
S3_TATHYBRID_4b33b977256836fc6c3fbda16ba5844d,3,tathybrid,lifeway-foods-inc_2019,Nemotron-3-Ultra-550B,hard,What is the change in payroll and incentive compensation between 2018 and 2019?,1072,empty_response,max_f1=0.000; avg_f1=0.000,YES,phases_tested=6; q_uid=4b33b977256836fc6c3fbda16ba5844d
S3_TATHYBRID_0e0ad7de3485110d26cb55f7d007c191,3,tathybrid,lifeway-foods-inc_2019,Nemotron-3-Ultra-550B,hard,What is the percentage change in the total accrued expenses from 2018 to 2019?,47.17,empty_response,max_f1=0.000; avg_f1=0.000,YES,phases_tested=6; q_uid=0e0ad7de3485110d26cb55f7d007c191
S3_TATHYBRID_5b53e0ca06203f7703b6c4f8057e3c87,3,tathybrid,lifeway-foods-inc_2019,Nemotron-3-Ultra-550B,hard,What is the percentage constitution of net sales from Frozen Kefir among the total net sales in 2019?,1.73,complete_failure,max_f1=0.000; avg_f1=0.000,YES,phases_tested=6; q_uid=5b53e0ca06203f7703b6c4f8057e3c87
S3_TATHYBRID_93bc597e64554174f2373c633c17af3e,3,tathybrid,lifeway-foods-inc_2019,Nemotron-3-Ultra-550B,hard,What is the percentage constitution of brand names among the total goodwill and indefinite lived intangible assets in 2019?,28.85,empty_response,max_f1=0.000; avg_f1=0.000,YES,phases_tested=6; q_uid=93bc597e64554174f2373c633c17af3e
S3_TATHYBRID_077fac86dd9c8cd78b834fbdbe0885be,3,tathybrid,lifeway-foods-inc_2019,Nemotron-3-Ultra-550B,hard,What is the percentage change in ingredients between 2018 and 2019?,22.91,complete_failure,max_f1=0.000; avg_f1=0.000,YES,phases_tested=6; q_uid=077fac86dd9c8cd78b834fbdbe0885be
S3_TATHYBRID_4cb79dfe572f814f50c02a61639f2094,3,tathybrid,lifeway-foods-inc_2019,Nemotron-3-Ultra-550B,hard,What is the value of recipes in 2018 and 2019 respectively?,"$ 44, $ 44",complete_failure,max_f1=0.000; avg_f1=0.000,YES,phases_tested=6; q_uid=4cb79dfe572f814f50c02a61639f2094
S3_TATHYBRID_7622984778061cb2468425d5534a99e6,3,tathybrid,lifeway-foods-inc_2019,Nemotron-3-Ultra-550B,hard,What is the change in the value of customer relationships between 2018 and 2019?,0,empty_response,max_f1=0.000; avg_f1=0.000,YES,phases_tested=6; q_uid=7622984778061cb2468425d5534a99e6
S3_TATHYBRID_3ead03b4712e86e15034c9fabc0f1b9b,3,tathybrid,lifeway-foods-inc_2019,Nemotron-3-Ultra-550B,hard,What is the average value of trade names for both 2018 and 2019?,2248,complete_failure,max_f1=0.000; avg_f1=0.000,YES,phases_tested=6; q_uid=3ead03b4712e86e15034c9fabc0f1b9b
S3_TATHYBRID_0348eb3a1a522c486ac40488208708ff,3,tathybrid,lifeway-foods-inc_2019,Nemotron-3-Ultra-550B,hard,What is the percentage change in net sales from Frozen Kefir between 2018 and 2019?,12.76,complete_failure,max_f1=0.000; avg_f1=0.000,YES,phases_tested=6; q_uid=0348eb3a1a522c486ac40488208708ff
S3_TATHYBRID_8939624e79668a97d484c68cec924fe3,3,tathybrid,viavi-solutions-inc_2019,Nemotron-3-Ultra-550B,hard,What is the change in Audit Fees as a percentage between 2018 and 2019?,-4.04,complete_failure,max_f1=0.000; avg_f1=0.000,YES,phases_tested=6; q_uid=8939624e79668a97d484c68cec924fe3
S3_TATHYBRID_5cff0439063c6a496073ce4b55591d0b,3,tathybrid,viavi-solutions-inc_2019,Nemotron-3-Ultra-550B,hard,What is the percentage difference of the total compensation between Timothy Campos and Tor Braham?,4.07,empty_response,max_f1=0.000; avg_f1=0.000,YES,phases_tested=6; q_uid=5cff0439063c6a496073ce4b55591d0b
S3_TATHYBRID_08fb8e9b29d951164cbe057f7a5030d2,3,tathybrid,viavi-solutions-inc_2019,Nemotron-3-Ultra-550B,hard,What was the change in maximum possible value of MSU's using grant date fair value for Paul McNab between 2017 and 2018 as a percentage?,18.47,complete_failure,max_f1=0.000; avg_f1=0.000,YES,phases_tested=6; q_uid=08fb8e9b29d951164cbe057f7a5030d2
S3_TATHYBRID_cf649b7b26933abd29572697283fbf67,3,tathybrid,inpixon_2019,Nemotron-3-Ultra-550B,hard,What was the change in Accumulated amortization from 2018 to 2019?,-1073,empty_response,max_f1=0.000; avg_f1=0.000,YES,phases_tested=6; q_uid=cf649b7b26933abd29572697283fbf67
S3_TATHYBRID_075b7e72ffc091bf455c2538c63427fd,3,tathybrid,inpixon_2019,Nemotron-3-Ultra-550B,hard,What is the average Restricted cash for 2018 and 2019?,71,empty_response,max_f1=0.000; avg_f1=0.000,YES,phases_tested=6; q_uid=075b7e72ffc091bf455c2538c63427fd
S3_TATHYBRID_30e01bc5c375a0ca44ab4c0dd14e5e1e,3,tathybrid,lifeway-foods-inc_2019,Nemotron-3-Ultra-550B,hard,What is the value of vehicles in 2018 and 2019 respectively?,"937, 778",severe_failure,max_f1=0.040; avg_f1=0.012,YES,phases_tested=6; q_uid=30e01bc5c375a0ca44ab4c0dd14e5e1e
S3_TATHYBRID_fe59aeaff2948f598d69f262c6464889,3,tathybrid,lifeway-foods-inc_2019,Nemotron-3-Ultra-550B,hard,What is the average value of vehicles for 2018 and 2019?,857.5,severe_failure,max_f1=0.060; avg_f1=0.010,YES,phases_tested=6; q_uid=fe59aeaff2948f598d69f262c6464889
S3_TATHYBRID_f60e9d38b6711c488e0cbe5221285710,3,tathybrid,viavi-solutions-inc_2019,Nemotron-3-Ultra-550B,hard,What is the change in All Other Fees as a percentage between 2018 and 2019?,25,severe_failure,max_f1=0.070; avg_f1=0.012,YES,phases_tested=6; q_uid=f60e9d38b6711c488e0cbe5221285710
S3_TATHYBRID_f4c8e2d0155ac338249d0fe6feba49ac,3,tathybrid,lifeway-foods-inc_2019,Nemotron-3-Ultra-550B,hard,What was the low sale price per share for each quarters in 2018 in chronological order?,"$ 5.99, $ 4.79, $ 2.66, $ 1.88",empty_response,max_f1=0.100; avg_f1=0.040,YES,phases_tested=6; q_uid=f4c8e2d0155ac338249d0fe6feba49ac
S3_TATHYBRID_0edf2f7aeed2b8ca6a2e0ed95641bf15,3,tathybrid,overseas-shipholding-group-inc_2019,Nemotron-3-Ultra-550B,hard,What was the Contracts of affreightment revenues in 2019 and 2018 respectively?,"58,589, 68,698",severe_failure,max_f1=0.140; avg_f1=0.070,YES,phases_tested=6; q_uid=0edf2f7aeed2b8ca6a2e0ed95641bf15
S3_TATHYBRID_3db311523025319e022d38381153a081,3,tathybrid,overseas-shipholding-group-inc_2019,Nemotron-3-Ultra-550B,hard,"How much did the company paid (net of refunds received) of income taxes during the years ended December 31, 2019 and 2018 respectively?","$1,293, $1,313",severe_failure,max_f1=0.140; avg_f1=0.083,YES,phases_tested=6; q_uid=3db311523025319e022d38381153a081
S3_TATHYBRID_75e6ca02ab71725f685af6ab838f05d2,3,tathybrid,lifeway-foods-inc_2019,Nemotron-3-Ultra-550B,hard,What is the percentage of net sales from Cheese in 2018 and 2019 respectively?,"11%, 12%",severe_failure,max_f1=0.140; avg_f1=0.098,YES,phases_tested=6; q_uid=75e6ca02ab71725f685af6ab838f05d2
S3_TATHYBRID_719ef48aead1f283a692fedbeae4622a,3,tathybrid,lifeway-foods-inc_2019,Nemotron-3-Ultra-550B,hard,What is the value of customer relationships in 2018 and 2019 respectively?,"985, 985",severe_failure,max_f1=0.140; avg_f1=0.042,YES,phases_tested=6; q_uid=719ef48aead1f283a692fedbeae4622a
S3_TATHYBRID_f14766d60aaa9fc5ad134af01d563db4,3,tathybrid,inpixon_2019,Nemotron-3-Ultra-550B,hard,What was the amount in escrow as restricted cash at 2019 and 2018 respectively?,"72,000, 140,000",severe_failure,max_f1=0.140; avg_f1=0.057,YES,phases_tested=6; q_uid=f14766d60aaa9fc5ad134af01d563db4
S3_TATHYBRID_ff06d83c2832cd8f43f1a6c350b5b7ae,3,tathybrid,overseas-shipholding-group-inc_2019,Nemotron-3-Ultra-550B,hard,"What was the value of Vessels, net in 2019 and 2018 respectively?","644,312, 596,929",severe_failure,max_f1=0.170; avg_f1=0.052,YES,phases_tested=6; q_uid=ff06d83c2832cd8f43f1a6c350b5b7ae
S3_TATHYBRID_f7af7aebbd48ae1684ba8f8d7402c3fa,3,tathybrid,overseas-shipholding-group-inc_2019,Nemotron-3-Ultra-550B,hard,What was the Time and bareboat charter revenues revenues in 2019 and 2018 respectively?,"$263,683, $213,923",empty_response,max_f1=0.170; avg_f1=0.070,YES,phases_tested=6; q_uid=f7af7aebbd48ae1684ba8f8d7402c3fa
S3_TATHYBRID_d3ef8fd4b3583394a5552b6bf7d0a292,3,tathybrid,lifeway-foods-inc_2019,Nemotron-3-Ultra-550B,hard,"What is the total cost of goods sold for years ended December 31, 2018 and 2019 respectively?","$ 77,492, $ 71,513",severe_failure,max_f1=0.170; avg_f1=0.133,YES,phases_tested=6; q_uid=d3ef8fd4b3583394a5552b6bf7d0a292
S3_TATHYBRID_83cb95ba9efedd8346b5f66758f4ab85,3,tathybrid,lifeway-foods-inc_2019,Nemotron-3-Ultra-550B,hard,What is the value of buildings and improvements in 2018 and 2019 respectively?,"17,520, 17,332",empty_response,max_f1=0.170; avg_f1=0.068,YES,phases_tested=6; q_uid=83cb95ba9efedd8346b5f66758f4ab85
S3_TATHYBRID_21502e160cffea38beb6bfa69e88a8a4,3,tathybrid,lifeway-foods-inc_2019,Nemotron-3-Ultra-550B,hard,What is the value of machinery and equipment in 2018 and 2019 respectively?,"29,692, 30,670",severe_failure,max_f1=0.170; avg_f1=0.068,YES,phases_tested=6; q_uid=21502e160cffea38beb6bfa69e88a8a4
S3_TATHYBRID_0022a9993b61830a838d232e2e840b27,3,tathybrid,lifeway-foods-inc_2019,Nemotron-3-Ultra-550B,hard,What is the amount of net sales from ProBugs Kelir in 2018 and 2019 respectively?,"2,795, 2,780",severe_failure,max_f1=0.170; avg_f1=0.122,YES,phases_tested=6; q_uid=0022a9993b61830a838d232e2e840b27
S3_TATHYBRID_bc9c09b72c0915325eba413a8b9a1a3d,3,tathybrid,lifeway-foods-inc_2019,Nemotron-3-Ultra-550B,hard,What is net sales from cheese in 2018 and 2019 respectively?,"11,486, 11,459",severe_failure,max_f1=0.170; avg_f1=0.123,YES,phases_tested=6; q_uid=bc9c09b72c0915325eba413a8b9a1a3d
S3_TATHYBRID_05d6f0b7266caa424d82675ec4d0ca2e,3,tathybrid,lifeway-foods-inc_2019,Nemotron-3-Ultra-550B,hard,What is net sales from cream and other in 2018 and 2019 respectively?,"5,276, 4,228",severe_failure,max_f1=0.170; avg_f1=0.068,YES,phases_tested=6; q_uid=05d6f0b7266caa424d82675ec4d0ca2e
S3_TATHYBRID_2f2b6b2954f6943f6d6da265a4c0d442,3,tathybrid,lifeway-foods-inc_2019,Nemotron-3-Ultra-550B,hard,What is net sales from ProBugs Kefir in 2018 and 2019 respectively?,"2,795, 2,780",severe_failure,max_f1=0.170; avg_f1=0.123,YES,phases_tested=6; q_uid=2f2b6b2954f6943f6d6da265a4c0d442
S3_TATHYBRID_e250c6d151f82129e6566ebaddc73842,3,tathybrid,inpixon_2019,Nemotron-3-Ultra-550B,hard,What was the Cash and cash equivalents in 2019 and 2018 respectively?,"$4,777, $1,008",severe_failure,max_f1=0.170; avg_f1=0.065,YES,phases_tested=6; q_uid=e250c6d151f82129e6566ebaddc73842
S3_TATHYBRID_a9f15932f8850b4316919a187eca8479,3,tathybrid,overseas-shipholding-group-inc_2019,Nemotron-3-Ultra-550B,hard,What is the vessel expenses in 2019 and 2018 respectively?,"$134,618, $134,956",partial_failure,max_f1=0.200; avg_f1=0.138,YES,phases_tested=6; q_uid=a9f15932f8850b4316919a187eca8479
S3_TATHYBRID_bd6b76d0c551e67187a5a2310ffc22b7,3,tathybrid,overseas-shipholding-group-inc_2019,Nemotron-3-Ultra-550B,hard,What was the Finance Lease in 2020 and 2021 respectively?,"$4,172, 4,161",partial_failure,max_f1=0.200; avg_f1=0.105,YES,phases_tested=6; q_uid=bd6b76d0c551e67187a5a2310ffc22b7
S3_TATHYBRID_1098c97fef920d0f4107fa3be6f84e3a,3,tathybrid,lifeway-foods-inc_2019,Nemotron-3-Ultra-550B,hard,What is the deferred provision (benefit) for income tax for 2018 and 2019 respectively?,"(461), 533",partial_failure,max_f1=0.200; avg_f1=0.098,YES,phases_tested=6; q_uid=1098c97fef920d0f4107fa3be6f84e3a
S3_TATHYBRID_4a97a3a079b9d171bb3e3c05a5d558fa,3,tathybrid,inpixon_2019,Nemotron-3-Ultra-550B,hard,What was the Compensation and related benefits in 2019 and 2018 respectively?,"$3,247, $949",partial_failure,max_f1=0.200; avg_f1=0.033,YES,phases_tested=6; q_uid=4a97a3a079b9d171bb3e3c05a5d558fa
S3_TATHYBRID_83a78d0daf6d8f9ce353ded1a0291a2d,3,tathybrid,lifeway-foods-inc_2019,Nemotron-3-Ultra-550B,hard,What does the table show?,Net sales of products by category were as follows for the years ended December 31,empty_response,max_f1=0.210; avg_f1=0.057,YES,phases_tested=6; q_uid=83a78d0daf6d8f9ce353ded1a0291a2d
S3_TATHYBRID_d014fbebfa1d081a6bce13d69d7a4d6d,3,tathybrid,overseas-shipholding-group-inc_2019,Nemotron-3-Ultra-550B,hard,What was the Finance Lease in 2022 and 2023 respectively?,"4,161, 4,161",partial_failure,max_f1=0.250; avg_f1=0.083,YES,phases_tested=6; q_uid=d014fbebfa1d081a6bce13d69d7a4d6d
S3_TATHYBRID_4b7153cbb854c224d6bb0fb509fe74fe,3,tathybrid,lifeway-foods-inc_2019,Nemotron-3-Ultra-550B,medium,What is the provision (benefit) for total current income taxes for 2018 and 2019 respectively?,"236, 249",partial_failure,max_f1=0.330; avg_f1=0.085,YES,phases_tested=6; q_uid=4b7153cbb854c224d6bb0fb509fe74fe
S3_TATHYBRID_753dac607eb78875a55eb7d8bd15cf8e,3,tathybrid,lifeway-foods-inc_2019,Nemotron-3-Ultra-550B,medium,What does the company use to estimate fair value?,Widely accepted valuation techniques including discounted cash flows and market multiples analysis with respect to our single reporting unit,partial_failure,max_f1=0.470; avg_f1=0.233,YES,phases_tested=6; q_uid=753dac607eb78875a55eb7d8bd15cf8e
