question_id,dataset,question,ground_truth,nemotron_answer,gemini_answer,failure_type,nemotron_empty
S3_FINHYBRID_ABMD/2012/page_75.pdf-1,finhybrid,"during the 2012 year , did the equity awards in which the prescribed performance milestones were achieved exceed the equity award compensation expense for equity granted during the year?",yes,,"The provided text states that for the year ended March 31, 2012, the Company recorded $3.3 million in stock-based compensation expense for equity awards in which the prescribed performance milestones have been achieved or are probable of being achieved. Regarding equity awards granted during the year, the text notes that 607,000 restricted stock and restricted stock units were granted with a weighted-average grant date fair value of $18.13 per share, and 72,000 stock options were granted with a weighted-average exercise price of $17.53. The total compensation expense for all equity awards (including options, restricted stock, restricted stock units, and ESPP) for 2012 was $7.773 million. Since the $3.3 million figure specifically refers to performance-based awards and is a component of the total compensation expense, it does not exceed the total compensation expense for all equity awards granted or recognized during the year.

The answer is: No",WRONG,True
S3_FINHYBRID_ABMD/2012/page_75.pdf-2,finhybrid,"for equity awards where the performance criteria has been met in 2012 , what is the average compensation expense per year over which the cost will be expensed?",1719526 | 1714285.71429,"The user is asking for the average compensation expense per year over which the cost will be expensed for equity awards where performance criteria has been met in 2012.

Let me search the context for relevant information about equity awards with performance criteria met in 2012 and the remaining unrecognized compensation expense and weighted-average period.

From the text:
""During the year ended March 31, 2012, the Company has recorded $3.3 million in stock-based compensation expense for equity awards in which the prescribed performance milestones have been achieved or are probable of being achieved. The remaining unrecognized compensation expense related to these equity awards at March 31, 2012 is $3.6 million based on the Company's current assessment of probability of achieving the performance milestones. The weighted-average period over which this cost will be recognized is 2.1 years.""

So for equity awards where performance milestones have been achieved or are probable of being achieved (which includes those met in 2012), the remaining unrecognized compensation expense is $3.6 million and the weighted-average period is 2.1 years.

The question asks for ""average compensation expense per year over which the cost will be expensed"". This would be the remaining unrecognized compensation expense divided by the weighted-average period.

$3.6 million / 2.1 years = $1.714 million per year (approximately)

Let me calculate: 3.6 / 2.1 = 1.7142857... million per year.

The question specifically says ""for equity awards where the performance criteria has been met in 2012"". The text says ""equity awards in which the prescribed performance milestones have been achieved or are probable of being achieved"" and mentions $3.3 million recorded during the year ended March 31, 2012. The remaining unrecognized is $3.6 million over 2.1 years.

So the average annual expense for the remaining period would be $3.6 million / 2.1 years = ~$1.71 million per year.

But wait, the question might be asking about the average compensation expense per year for the awards where criteria has been met. The $3.3 million was recorded during the year ended March 31, 2012. But that's for the year, not an average over the recognition period.

The phrase","The provided text states that the remaining unrecognized compensation expense for equity awards as of March 31, 2012, is $3.6 million, and the weighted-average period over which this cost will be recognized is 2.1 years. Dividing the total expense by the number of years ($3.6 million / 2.1 years) results in approximately $1.71 million per year.

The answer is: 1.71 million",WRONG,False
S3_FINHYBRID_ABMD/2012/page_41.pdf-2,finhybrid,did abiomed outperform the nasdaq medical equipment index?,yes | yes,"The provided context does not include Abiomed's stock performance data to compare against the Nasdaq Medical Equipment index. The context only shows index values for Nasdaq Composite and Nasdaq Medical Equipment, but not Abiomed's own stock returns.

The answer is: Cannot be determined from the provided context.","The provided text contains a graph description comparing the company's performance to the Nasdaq Medical Equipment index, but it does not provide a definitive conclusion on whether Abiomed outperformed the index.

The answer is: Not specified",REFUSED,False
S3_FINHYBRID_ABMD/2012/page_41.pdf-1,finhybrid,did abiomed outperform the nasdaq composite index?,yes | yes,"The user is asking whether Abiomed outperformed the Nasdaq Composite Index based on the provided context. Let me analyze the context carefully.

The context contains:
1. A graph/table showing Nasdaq Composite Index and Nasdaq Medical Equipment SIC Code 3840-3849 values over time (100, 94.11, 63.12, 99.02, 114.84, 127.66 for Nasdaq Composite; 100, 82.91, 41.56, 77.93, 94.54, 74.40 for Medical Equipment)
2. Financial data for Abiomed (SELECTED CONSOLIDATED FINANCIAL DATA)
3. Various other sections from what appears to be a 10-K filing

The question is about whether Abiomed outperformed the Nasdaq Composite Index. However, I don't see Abiomed's stock price performance data in the context. The context shows:
- Nasdaq Composite Index values: 100, 94.11, 63.12, 99.02, 114.84, 127.66
- Nasdaq Medical Equipment index values: 100, 82.91, 41.56, 77.93, 94.54, 74.40
- Abiomed's financial data (revenue, net income, etc.) but not stock price performance

There's a mention: ""The aggregate market value of the registrant's common stock as of September 30, 2011, held by non-affiliates of the registrant... was $425,320,352."" But this is just market cap at one point in time, not a performance series.

There's also: ""As of May 21, 2012, 39,383,341 shares of the registrant's common stock, $.01 par value, were outstanding.""

But no historical stock price data for Abiomed to compare against the Nasdaq Composite Index.

The graph at the beginning appears to be a stock performance graph comparing Abiomed (implied","The provided context includes a graph index for the ""Nasdaq Composite Index"" and ""Nasdaq Medical Equipment"" but does not provide the specific performance data or a comparison analysis required to determine if Abiomed outperformed the index.

The answer is: Not mentioned",REFUSED,False
S3_FINHYBRID_ABMD/2012/page_79.pdf-2,finhybrid,how much of total future minimum lease payments are due currently?,35% | 2845.5,"The answer is: $1,473,000","The answer is: 1,473",WRONG,False
S3_FINHYBRID_ABMD/2012/page_41.pdf-3,finhybrid,what is the roi of an investment in abiomed inc from march 2007 to march 2010?,-24.5% | -0.2445,"The user is asking for the ROI (Return on Investment) of an investment in Abiomed Inc from March 2007 to March 2010. I need to find the stock price or cumulative shareholder return data for those dates in the provided context.

Looking at the context, there's a section titled ""comparative shareholder return *"" with a chart showing ""Assumes the investment of $100 on 3/31/2004 and the reinvestment of any and all dividends"". The chart shows values for fy 04, fy 05, fy 06, fy 07, fy 08, fy 09, fy 10, fy 11, fy 12.

The chart shows dollar values on the y-axis: $300, $270, $240, $210, $180, $150, $120, $90, $60, $30, $0. And x-axis: fy 04 fy 05 fy 06 fy 07 fy 08 fy 09 fy 10 fy 11 fy 12.

There are three lines: abiomed, nasdaq composite index, nasdaq medical equipment.

I need to find the value for abiomed at fy 07 (March 31, 2007) and fy 10 (March 31, 2010). The chart is graphical, but there might be data points in the text. Let me search for specific numbers.

The context shows: ""comparative shareholder return * cumulative worldwide patent portfolio (patents issued and patent applications) impella® 2.5 u.s. sites 230 fy 09 0 fy 08 415 fy 10 524 fy 11 631 fy 12 $300 $270 $240 $210 $180 $150 $120 $90 $60 $30 $0 fy 04 fy 05 fy 06 fy 07 fy 08 fy 09 fy 10 fy 11 fy 12 abiomed nasdaq composite index (u.s. companies) nasdaq medical equipment (","The provided context does not contain the specific stock price data for March 2007 and March 2010 required to calculate the exact ROI.

The answer is: Not available",REFUSED,False
S3_FINHYBRID_ABMD/2012/page_41.pdf-4,finhybrid,what is the roi of an investment in nasdaq composite index from march 2007 to march 2010?,-1.0% | -0.0098,"The user is asking for the ROI of an investment in the Nasdaq Composite Index from March 2007 to March 2010. I need to find the relevant data in the provided context.

Looking at the context, there's a section titled ""COMPARATIVE SHAREHOLDER RETURN"" with a table showing values for different indices over time. The table shows:

Nasdaq Composite Index: 100, 94.11, 63.12, 99.02, 114.84, 127.66

The years appear to be: fy 04, fy 05, fy 06, fy 07, fy 08, fy 09, fy 10, fy 11, fy 12

But the table shows only 6 values for Nasdaq Composite Index. Let me check the header: ""Nasdaq Composite Index 100 94.11 63.12 99.02 114.84 127.66""

And there's a note: ""*Assumes the investment of $100 on 3/31/2004 and the reinvestment of any and all dividends""

So the base is March 31, 2004 = 100.

The values correspond to fiscal years ending March 31:
- 3/31/2004: 100 (base)
- 3/31/2005: 94.11
- 3/31/2006: 63.12
- 3/31/2007: 99.02
- 3/31/2008: 114.84
- 3/31/2009: 127.66
- 3/31/2010: ? (not shown in the 6 values)
- 3/31/2011: ?
- 3/31/2012: ?

Wait, the table shows 6 values but there are 9 fiscal years listed (fy 04 through fy 12). Let me count: fy ","The provided context does not contain the specific numerical data required to calculate the ROI for the Nasdaq Composite Index between March 2007 and March 2010. While a graph is mentioned, the specific index values for those years are not provided in the text.

The answer is: Not available",REFUSED,False
S3_FINHYBRID_ADI/2009/page_49.pdf-1,finhybrid,what is the the interest expense in 2009?,380 | 3.8,"The answer is: 4,094","The answer is: 4,094",WRONG,False
S3_FINHYBRID_ADI/2009/page_59.pdf-2,finhybrid,what is the expected growth rate in amortization expense in 2010?,-27.0% | -0.26689,"The user is asking for the ""expected growth rate in amortization expense in 2010"". I need to find information about amortization expense for 2010 and compare it to a previous period to calculate a growth rate.

From the context, I see this information:
""Amortization expense from continuing operations, related to intangibles was $7.4 million, $9.3 million and $9.2 million in fiscal 2009, 2008 and 2007, respectively.
The Company expects annual amortization expense for these intangible assets to be:
Fiscal Years Amortization Expense
2010 ............................................................... $5,425
2011 ............................................................... $1,430""

So the expected amortization expense for 2010 is $5,425 thousand (or $5.425 million). The actual amortization expense for 2009 was $7.4 million.

To calculate the growth rate: (Expected 2010 - Actual 2009) / Actual 2009
= ($5.425 million - $7.4 million) / $7.4 million
= (-$1.975 million) / $7.4 million
= -0.2669 or -26.69%

But wait, the units might be different. The 2009 figure is stated as ""$7.4 million"" while the 2010 figure is shown as ""$5,425"" (likely in thousands based on the financial statement format). Let me check: $5,425 thousand = $5.425 million. Yes, that matches.

So the growth rate is negative - it's a decrease of about 26.7%.

The question asks for ""expected growth rate in amortization expense in 2010"". This could be interpreted as the growth rate from 2009 to 2010, which is what I calculated.

However, the answer format should be simple and short. Should I provide the percentage? Or just state it's a decrease? The example shows a numerical value.

Let me calculate precisely: (5425 - 7400) / 7400 = -19","The provided context does not contain information regarding the growth rate of amortization expense for 2010, only the expected total expense amount.

The answer is: Not available",REFUSED,False
S3_FINHYBRID_ADI/2009/page_90.pdf-1,finhybrid,what is the percentage increase in interest expanse and penalties in 2009?,30.8% | 0.30769,"The user is asking for the percentage increase in interest expense and penalties in 2009. I need to find interest expense data for 2009 and compare it to a previous year (likely 2008) to calculate the percentage increase. The context mentions ""penalties"" but I don't see any mention of penalties in the text. Let me search for interest expense data.

From the text, I can see in the ""Nonoperating (Income) Expense"" section:
- 2009 Interest expense: 4,094
- 2008 Interest expense: — (which likely means 0 or not applicable)
- 2007 Interest expense: — (also 0 or not applicable)

Also in the earnings table:
- 2009 Interest expense: 4,094
- 2008 Interest expense: —
- 2007 Interest expense: —

So interest expense in 2009 was $4,094 thousand, and in 2008 it was $0 (or not reported). The percentage increase from 0 to 4,094 would be infinite or undefined. However, the text says: ""In addition, we incurred interest expense during fiscal 2009 as a result of the issuance of $375 million aggregate principal 5.0% senior unsecured notes on June 30, 2009.""

There's no mention of ""penalties"" in the text. The question asks about ""interest expanse and penalties"" - ""expanse"" is likely a typo for ""expense"". But there are no penalties mentioned.

Since interest expense went from 0 in 2008 to 4,094 in 2009, the percentage increase is technically infinite or not calculable. But perhaps they want to say it was newly incurred in 2009.

Let me check if there's any other interest expense data. The text also mentions: ""If LIBOR changes by 100 basis points, our annual interest expense would change by $3.8 million."" But that's a sensitivity analysis.

Given the data, interest expense in 2008 was 0 (or not reported), and in 2009 it was 4,094 (thousands). The percentage increase cannot be calculated (division by","The provided report does not contain information regarding ""penalties,"" and interest expense was $0 in 2008, making a percentage increase calculation mathematically undefined.

The answer is: Not applicable",REFUSED,False
S3_FINHYBRID_ADI/2009/page_49.pdf-2,finhybrid,"what is the lobor rate as of october 31 , 2009?",29.0% | 0.0029,The answer is: Not mentioned in the provided context.,The answer is: 2.34%,WRONG,False
S3_FINHYBRID_ADI/2009/page_90.pdf-3,finhybrid,what percentage did the balance increase from 2007 to 2009?,83.6% | 0.83648,"The user is asking about a percentage increase from 2007 to 2009 for ""the balance"". However, the context provided is a financial report with various figures (revenue, operating income, gross margin, R&D expenses, etc.) but no specific line item labeled ""the balance"". I need to infer what ""the balance"" refers to. It could be total revenue, total product revenue, operating income, gross margin, or something else.

Looking at the context:
- Total Revenue: 2007: $2,464,721; 2009: $2,014,908. That's a decrease, not an increase.
- Total Product Revenue: 2007: $2,429,721; 2009: $2,014,908. Also a decrease.
- Operating income from continuing operations: 2009 decrease of $340.2 million from 2008. 2008 increase of $56.3 million from 2007. Not directly given for 2007 to 2009.
- Gross Margin: 2007: $1,508,276; 2009: $1,118,637. Decrease.
- R&D Expenses: 2007: $509,553; 2009: $446,980. Decrease.
- Income from Continuing Operations, net of tax: 2007: $502,123; 2009: $247,408. Decrease.
- Diluted EPS: 2007: $1.51; 2009: $0.85. Decrease.
- Nonoperating income: 2007: $(92,734); 2009: $(12,627). That's an increase (less negative). But it's negative.
- Provision for Income Taxes: 2007: $159,553; 2009: $50,036. Decrease.
- Effective Income Tax Rate: 2007: 24","The provided text does not contain a specific ""balance"" figure to calculate a percentage increase from 2007 to 2009.

The answer is: Not available",REFUSED,False
S3_FINHYBRID_ADI/2009/page_90.pdf-4,finhybrid,what would be the balance if the company suffered the potential total tax liability of the 2006 and 2007 irs examination?,$ 17966 million | 17966.0,"The user is asking for the balance if the company suffered the potential total tax liability of the 2006 and 2007 IRS examination. I need to find the relevant information in the context.

From the context, I can see information about the Fiscal Year 2006 and 2007 IRS Examination. It states: ""There are four items with an additional potential total tax liability of $195 million. The Company concluded, based on discussions with its tax advisors, that these four items are not likely to result in any additional tax liability. Therefore, the Company has not recorded any additional tax liability for these items...""

So the potential total tax liability for the 2006 and 2007 IRS examination is $195 million.

The question asks ""what would be the balance if the company suffered the potential total tax liability"". This is ambiguous - what balance? It could be referring to:
1. The uncertain tax positions balance
2. The total liability for uncertain tax positions
3. Some other balance sheet item

Looking at the context, there's a table showing ""changes in the total amounts of uncertain tax positions for fiscal 2008 and fiscal 2009"":
- Balance, November 3, 2007: $9,889 (thousands)
- Balance, November 1, 2008: $13,750 (thousands)
- Balance, October 31, 2009: $18,161 (thousands)

These are in thousands, so $18,161 thousand = $18.161 million as of October 31, 2009.

The potential tax liability for 2006-2007 is $195 million. If the company had to record this, it would increase the uncertain tax positions liability.

But the question says ""the balance"" - singular. Looking at the context, there's also mention of ""The total liability as of October 31, 2009 and November 1, 2008 of $26.2 million and $20.2 million, respectively, for uncertain tax positions is classified as non-current...""

So the total liability for uncertain tax positions as of October 31, 2009 is $26.2 million (which includes $18.2 million for","The provided text states that the Company has not recorded any additional tax liability for the four items related to the 2006 and 2007 IRS examination, which have a potential total tax liability of $195 million. If the company were to suffer this liability, the balance would be reduced by $195 million.

The answer is: $195 million",WRONG,False
S3_FINHYBRID_GS/2016/page_186.pdf-2,finhybrid,"in millions , for 2016 , 2015 , and 2014 what was the total amount of common share repurchases?",90.1 | 90.5,"The user is asking for the total amount of common share repurchases in millions for 2016, 2015, and 2014. I need to find this information in the provided context.

Looking through the context, I see a table showing share repurchases for October, November, and December 2016, but that's only for Q4 2016. The table shows:
- October 2016: 2,650,628 shares at $172.13 average price
- November 2016: 3,164,013 shares at $198.20 average price
- December 2016: 1,768,622 shares at $235.57 average price
- Total: 7,583,263 shares

But this is only for Q4 2016, not the full year 2016, and not for 2015 and 2014.

I need to look for information about total share repurchases for each year. Let me search the text for ""repurchase"" or ""share repurchase"" amounts.

In the cash flow statement section, I see ""Cash flows related to common stock repurchased includes common stock repurchased in the prior period for which settlement occurred during the current period and excludes common stock repurchased during the current period for which settlement occurred in the following period."" But no specific dollar amounts for each year.

In the first part of the context, there's a line: ""Net cash provided by financing activities 2,062 9,225 4,293"" but that's net cash from financing activities, not specifically share repurchases.

Let me look more carefully. The context seems to be from Goldman Sachs 2016 10-K. There might be a table showing share repurchases by year.

Actually, looking at the first table in the context:
""Excess tax benefit related to share-based awards 202 407 782
Cash settlement of share-based awards — (2) (1)
Net cash provided by financing activities 2,062 9,225 4,293""

These appear to be for 2016, 20",The answer is: Not provided,REFUSED,False
S3_FINHYBRID_GS/2016/page_79.pdf-4,finhybrid,of the total aus net inflows/ ( outflows ) for 2014 were fixed income asset inflows in connection with our acquisition of deutsche asset & wealth management 2019s stable value business greater than the liquidity products inflows in connection with our acquisition of rbs asset management 2019s money market funds?,yes | yes,The answer is: The provided context does not contain information about Deutsche Asset & Wealth Management's stable value business acquisition or RBS Asset Management's money market funds acquisition in 2014. The only acquisition mentioned is Pacific Global Advisors' solutions business with $18 billion inflows in 2015.,"The provided text does not contain information regarding acquisitions of Deutsche Asset & Wealth Management's stable value business or RBS Asset Management's money market funds, nor does it provide a breakdown of net inflows/outflows for 2014.

The answer is: Not mentioned in the report",REFUSED,False
S3_FINHYBRID_GS/2016/page_79.pdf-2,finhybrid,"in billions , for 2016 , 2015 , and 2014 , what are total alternative investments?",439 | 439.0,"The answer is: 2016: 154, 2015: 148, 2014: 143","The answer is: 2016: $154, 2015: $148, 2014: $143",WRONG,False
S3_FINHYBRID_GS/2016/page_186.pdf-1,finhybrid,what was the difference in millions between the total cost of common shares repurchases from 2015 to 2016?,1874 | 1874.0,"The user is asking for the difference in millions between the total cost of common shares repurchases from 2015 to 2016. I need to find the total cost of common shares repurchased in 2015 and 2016 from the context provided.

Looking through the context, I see a table at the beginning showing share repurchases for October, November, December 2016:
- October 2016: 2,650,628 shares at $172.13
- November 2016: 3,164,013 shares at $198.20
- December 2016: 1,768,622 shares at $235.57
- Total: 7,583,263 shares

But this only shows 2016 data (Q4 2016). I need the total for full year 2016 and full year 2015.

Let me search for ""common stock repurchased"" or ""repurchase"" in the context to find annual totals.

In the cash flow statement section, I see:
""Cash flows related to common stock repurchased includes common stock repurchased in the prior period for which settlement occurred during the current period and excludes common stock repurchased during the current period for which settlement occurred in the following period.""

But I don't see the actual dollar amounts for 2015 and 2016 total repurchases.

Let me look more carefully at the cash flow statements. There are two cash flow statements shown - one appears to be consolidated and one for Group Inc. (parent company).

In the first cash flow statement (consolidated), I see:
""Net cash provided by financing activities 13,432 29,118 18,999"" for 2016, 2015, 2014

But this is net cash from financing activities, not specifically share repurchases.

In the second cash flow statement (Group Inc.), I see:
""Net cash provided by financing activities 2,062 9,225 4,293"" for 2016, 2015, 2014

Still not specific to","[Assistant]: To determine the difference in the total cost of common share repurchases between 2015 and 2016, we look at the provided data for share repurchases:

1.  **2016 Data:**
    *   October 2016: 2,650,628 shares at $172.13 = $456,256,665.64
    *   November 2016: 3,164,013 shares at $198.20 = $627,107,376.60
    *   December 2016: 1,768,622 shares at $235.57 = $416,636,664.54
    *   Total for the period provided: $1,500,000,706.78 (approx. $1.5 billion).

However, the report does not provide a full annual total for common share repurchases for 2015 or 2016 in the provided text, only the specific months of October, November, and December 2016. Based strictly on the provided context, there is insufficient information to calculate the total annual difference.

The answer is: Insufficient information",REFUSED,False
S3_FINHYBRID_GS/2016/page_183.pdf-1,finhybrid,what were total investment commitments in billions for 2016 and 2015 related to commitments to invest in funds managed by the firm?,4.96 | 4.96,The answer is: $2.10 billion for 2016 and $2.86 billion for 2015,The answer is: 2.10 and 2.86,WRONG,False
S3_FINHYBRID_GS/2016/page_186.pdf-3,finhybrid,what was the difference in millions between the total cost of common shares repurchases from 2015 to 2016?,-1274 | -1274.0,"The user is asking for the difference in millions between the total cost of common shares repurchases from 2015 to 2016. I need to find the total cost of common shares repurchased in 2015 and 2016 from the context provided.

Looking at the context, I see a table at the beginning showing share repurchases for October, November, December 2016:
- October 2016: 2,650,628 shares at $172.13
- November 2016: 3,164,013 shares at $198.20
- December 2016: 1,768,622 shares at $235.57
- Total: 7,583,263 shares

But this only shows 2016 data (Q4 2016). I need the total for full year 2016 and full year 2015.

Let me search for ""common stock repurchased"" or ""repurchase"" in the context to find annual totals.

In the cash flow statement section, I see:
""Cash flows related to common stock repurchased includes common stock repurchased in the prior period for which settlement occurred during the current period and excludes common stock repurchased during the current period for which settlement occurred in the following period.""

But I don't see the actual dollar amounts for 2015 and 2016 total repurchases.

Let me look more carefully at the cash flow statements. There are two cash flow statements in the context - one appears to be consolidated and one for Group Inc. (parent company).

In the first cash flow statement (consolidated), I see:
""Net cash provided by financing activities 13,432 29,118 18,999"" for 2016, 2015, 2014

But this is net cash from financing activities, not specifically share repurchases.

In the second cash flow statement (Group Inc.), I see:
""Net cash provided by financing activities 2,062 9,225 4,293"" for 2016, 2015, 2014

Still not","[Assistant]: To determine the difference in the total cost of common share repurchases between 2015 and 2016, we look at the provided data for share repurchases:

1.  **2016 Data:**
    *   October 2016: 2,650,628 shares at $172.13 = $456,256,665.64
    *   November 2016: 3,164,013 shares at $198.20 = $627,107,376.60
    *   December 2016: 1,768,622 shares at $235.57 = $416,636,664.54
    *   Total for the period provided: $1,500,000,706.78 (approx. $1.5 billion).

However, the report does not provide a full annual total for common share repurchases for 2015 or 2016 in the provided text, only the specific months of October, November, and December 2016. Based strictly on the provided context, there is insufficient information to calculate the total annual difference.

The answer is: Insufficient information",REFUSED,False
S3_FINHYBRID_GS/2016/page_186.pdf-4,finhybrid,"what was total shareholders 2019 equity common equity dividends declared per common share in 2016 , 2015 and 2014?",7.40 | 7.4,"The answer is: $2.60 in 2016, $2.55 in 2015, $2.25 in 2014","The answer is: 2016: $2.60, 2015: $2.55, 2014: $2.25",WRONG,False
S3_FINHYBRID_GS/2016/page_81.pdf-2,finhybrid,what is the debt-to-total asset ratio in 2015?,2.7% | 0.02695,"The user is asking for the debt-to-total asset ratio in 2015 based on the provided context. I need to find the relevant financial data in the text to calculate this ratio.

The debt-to-total asset ratio is typically calculated as Total Debt / Total Assets. Sometimes it's defined as Total Liabilities / Total Assets. I need to see what data is available in the context.

Looking through the context, I see several tables with financial data. Let me search for total assets and total debt/liabilities for 2015.

From the text:
""As of December
$ in millions 2016 2015
Total assets $860,165 $861,395""

So total assets for 2015 = $861,395 million.

Now I need total debt or total liabilities for 2015. The text mentions ""unsecured long-term borrowings"" in the debt to equity ratio definition: ""The debt to equity ratio equals unsecured long-term borrowings divided by total shareholders' equity.""

But I need total debt for debt-to-total asset ratio. Let me look for total liabilities or total borrowings.

I see a table with ""Total financial liabilities at fair value"" but that's only fair value liabilities, not total liabilities.

The text mentions: ""Our primary sources of funding are secured financings, unsecured long-term and short-term borrowings, and deposits.""

But I don't see a clear total liabilities figure for 2015. Let me check the shareholders' equity table:
""As of December
$ in millions, except per share amounts 2016 2015
Total shareholders' equity $ 86,893 $ 86,728""

If I had total liabilities, I could use the accounting equation: Total Assets = Total Liabilities + Total Shareholders' Equity
So Total Liabilities = Total Assets - Total Shareholders' Equity

For 2015:
Total Assets = $861,395 million
Total Shareholders' Equity = $86,728 million
Total Liabilities = $861,395 - $86,728 = $774,667 million

Then debt-to-total asset ratio = Total Liabilities / Total Assets = $774,66","To calculate the debt-to-total asset ratio for 2015, we use the provided data:
1. Total assets in 2015 = $861,395 million.
2. The context defines the leverage ratio as total assets divided by total shareholders' equity, but does not provide a specific ""total debt"" figure for the entire firm. However, the ""debt to equity ratio"" is defined as ""unsecured long-term borrowings divided by total shareholders’ equity.""
3. Based on the provided tables, there is no explicit ""total debt"" line item provided to calculate a ""debt-to-total asset"" ratio.

Given the information provided in the context, the specific debt-to-total asset ratio is not explicitly stated or calculable from the provided figures.

The answer is: Not available",REFUSED,False
S3_FINHYBRID_GS/2016/page_161.pdf-3,finhybrid,"for december 2016 and december 2015 , what was total fair value of loans receivable in billions?",94.99 | 94.99,The answer is: $49.80 billion for December 2016 and $45.19 billion for December 2015,The answer is: $49.80 billion and $45.19 billion,WRONG,False
S3_FINHYBRID_GS/2016/page_183.pdf-2,finhybrid,"what was total rent charged to operating expense in millions for 2016 , 2015 and 2014?",802 | 802.0,"The answer is: $244 million for 2016, $249 million for 2015, $309 million for 2014","The answer is: 2016: $244 million, 2015: $249 million, 2014: $309 million",WRONG,False
S3_FINHYBRID_GS/2016/page_81.pdf-1,finhybrid,what is the debt-to-total asset ratio in 2016?,2.5% | 0.0252,"The user is asking for the debt-to-total asset ratio in 2016 based on the provided context. Let me analyze the context to find this information.

The context contains financial data from Goldman Sachs 2016 Form 10-K. I need to find:
1. Total debt (or total liabilities) for 2016
2. Total assets for 2016
3. Calculate the ratio: Total Debt / Total Assets

Looking through the context:

From the first table: ""Total assets $860,165 $861,395"" - this appears to be for 2016 and 2015 respectively (based on ""As of December $ in millions 2016 2015"" header above the table).

So Total Assets 2016 = $860,165 million

Now I need total debt or total liabilities. The context mentions various funding sources and capital ratios, but I don't see a clear ""Total Liabilities"" or ""Total Debt"" figure directly stated.

Let me look for:
- Total shareholders' equity: $86,893 million (2016)
- If I had total liabilities, I could use: Total Assets = Total Liabilities + Total Equity
- So Total Liabilities = Total Assets - Total Equity = $860,165 - $86,893 = $773,272 million

But the question asks for ""debt-to-total asset ratio"". In banking, ""debt"" might refer to specific borrowings rather than total liabilities. However, the context defines ""debt to equity ratio equals unsecured long-term borrowings divided by total shareholders' equity"" but doesn't give the unsecured long-term borrowings amount.

The context mentions funding sources: ""secured financings, unsecured long-term and short-term borrowings, and deposits"" but doesn't provide totals.

Given the information available, the most reasonable interpretation is that ""debt"" means total liabilities (since Assets = Liabilities + Equity). This is a common simplification in financial analysis.

So:
Total Liabilities 2016 = Total Assets - Total Shareholders' Equity = $860,165 - $86,893 = $773,272 million
Debt-to-Total","To determine the debt-to-total asset ratio for 2016, we look at the provided financial data:

1.  **Total Assets** for 2016: $860,165 million.
2.  **Debt**: The context defines ""unsecured long-term borrowings"" as a component of debt, but does not provide a single ""Total Debt"" figure. However, the ""Funding Sources"" section lists various forms of debt. Looking at the provided tables, there is no explicit ""Total Debt"" line item to calculate a standard debt-to-asset ratio. 

If we look at the provided ""Financial Overview"" and ""Balance Sheet"" tables, the information required to calculate a comprehensive ""debt-to-total asset ratio"" (which typically requires total liabilities or specific debt categories not fully aggregated in the provided text) is not explicitly stated as a single ratio.

However, based strictly on the provided text, the data necessary to calculate this specific ratio is not available.

The answer is: Not provided",REFUSED,False
S3_FINHYBRID_GS/2016/page_70.pdf-1,finhybrid,what is the net change in the number of staff in 2016?,-2400 | -2400.0,The answer is: decreased 7%,"The provided text states that total staff decreased by 7% during 2016.

The answer is: 7% decrease",WRONG,False
S3_FINHYBRID_GS/2016/page_70.pdf-2,finhybrid,what is the net change in the number of staff in 2015?,2800 | 2800.0,The answer is: Total staff increased 8% during 2015,"The provided text states that total staff increased 8% during 2015, but it does not provide the specific numerical count of staff at the beginning or end of the year to calculate a net change in the number of individuals.

The answer is: Not mentioned",REFUSED,False
S3_FINHYBRID_GS/2016/page_77.pdf-2,finhybrid,"in millions for 2016 2015 , and 2014 , what are total equity securities?",10933 | 10933.0,"The user is asking for ""total equity securities"" in millions for 2016, 2015, and 2014. I need to search the provided context for this specific line item.

Looking through the context, I see various financial tables:
1. Fair value hierarchy tables (Level 1, 2, 3 assets/liabilities)
2. Consolidated Statements of Changes in Shareholders' Equity
3. Consolidated Statements of Cash Flows
4. Distribution of Assets, Liabilities and Shareholders' Equity (Average Balance tables)
5. Supplemental Financial Information (Interest tables)
6. Management's Discussion and Analysis text

I don't see a specific line item called ""total equity securities"" in any of the tables. The tables show:
- ""Total financial instruments owned, at fair value"" in the average balance table
- ""Total level 1 financial assets"" etc. in the fair value hierarchy
- Various equity components in the shareholders' equity statement (Preferred stock, Common stock, etc.)

The question asks for ""total equity securities"" which might refer to equity securities held as assets (trading assets or investments), not shareholders' equity. In the context of a financial institution like Goldman Sachs, ""equity securities"" would typically be part of ""financial instruments owned, at fair value"" or broken out in a trading assets note.

However, the provided context doesn't contain a breakdown of ""financial instruments owned"" into debt vs equity securities. The fair value hierarchy shows ""Total level 1 financial assets"" etc. but not broken down by asset class (equity vs debt).

Let me check the MD&A section for any mention of equity securities... The MD&A discusses ""equity underwriting"", ""equity cash products"", ""equity derivatives"", ""investments in equities"", but not a balance sheet line item for ""total equity securities"".

Given the context provided, there is no explicit ""total equity securities"" figure for 2016, 2015, and 2014. The closest might be ""Total financial instruments owned, at fair value"" from the average balance table, but that includes both debt and equity.

Since the information is not present in the provided context, I should indicate that. However, the instruction says to answer according to the report context. If the data isn't there, I should state that.

But wait, let me look more carefully at the fair value hierarchy table at the","The provided context does not contain information regarding the total value of equity securities for the years 2016, 2015, and 2014.

The answer is: Not available",REFUSED,False
S3_FINHYBRID_GS/2016/page_77.pdf-3,finhybrid,operating expenses were what multiple of pre-tax earnings in 2015?,11.52 | 11.52066,The answer is: 2.85,The answer is: 2.85,WRONG,False
S3_FINHYBRID_JKHY/2015/page_20.pdf-2,finhybrid,what was the percentage change in the 5 year annual performance of the peer group stock from 2010 to 2011,8.3% | 0.08276,The answer is: 36.78%,The answer is: 36.78%,WRONG,False
S3_FINHYBRID_JKHY/2015/page_20.pdf-3,finhybrid,"in 2010 , what was the cumulative total return of the s&p 500?",30.69 | 30.69,The answer is: 100.00,The answer is: 100.00,WRONG,False
S3_FINHYBRID_JKHY/2015/page_20.pdf-1,finhybrid,"for the 2010 , what was the cumulative total return on jkhy?",27.44 | 27.44,The answer is: 100.00,The answer is: 100.00,WRONG,False
S2_Q001,music_structured,Which artist has the highest popularity score and how many albums have they released?,The Ortegas 1.0 10 albums,"The user is asking for the artist with the highest popularity score and how many albums they have released. I need to examine the context provided.

Looking at the context, there's a section labeled ""Artists"" with 294 records. Each record has fields: artist_id, name, country, primary_genre, secondary_genre, debut_year, label_id, is_active, popularity_score.

I need to find the artist with the highest popularity_score. Then I need to count how many albums they have released. The albums are listed in another section (ALB_...). Each album has an artist_id field (e.g., ALB_0281 ART_0437). So I need to count albums for that artist_id.

Let me scan the artists data for the highest popularity_score. The data is in a tabular format but presented as lines. I'll parse through.

I see many artists. Let me look for high popularity scores. I see ART_0347 The Haydens with popularity_score 0.145. ART_0394 Melissa Fernandez with 0.075. ART_0679 Big Anna Prince with 0.073. ART_0040 The Phillipss with 0.07. ART_0162 Woods with 0.066. ART_0521 Thomas Hughes with 0.06. ART_0314 Patrick Thornton with 0.055. ART_0691 Destiny Prince with 0.056. ART_0395 Brittany Perry with 0.051. ART_0585 Jeffrey Mendez with 0.046. ART_0373 Misty Whitney with 0.046. ART_0155 George Orozco with 0.044. ART_0242 Jack King with 0.044. ART_0282 Robin Pierce with 0.043. ART_0198 Angela Vaughn with 0.04. ART_0423 The Browns with 0.039. ART_0643 The Wards with 0.039. ART_0022 Megan Joyce with 0.038. ART_0680 The Owenss with 0.037. ART_","The answer is: The artist with the highest popularity score is The Haydens (ART_0347) with a score of 0.145, and they have released 1 album (ALB_0151).",WRONG,False
S2_Q002,music_structured,What is the average track duration in minutes across all tracks?,4.74 minutes,"The user is asking for the average track duration in minutes across all tracks. I need to look at the context provided, which contains a dataset with track information. I can see there's a ""Tracks"" section with 44 records, each having a ""duration_ms"" field. I need to calculate the average of these durations and convert to minutes.

Let me extract all the duration_ms values from the tracks listed:

From the context, I can see the Tracks section with 44 records. Let me list all the duration_ms values I can see:

1. TRK_03893: 263761 ms
2. TRK_02758: 168594 ms
3. TRK_00993: 336646 ms
4. TRK_04234: 182322 ms
5. TRK_00996: 272142 ms
6. TRK_05633: 308467 ms
7. TRK_04913: 198214 ms
8. TRK_04735: 217255 ms
9. TRK_03791: 347031 ms
10. TRK_01994: 730398 ms
11. TRK_05826: 324690 ms
12. TRK_01062: 755134 ms
13. TRK_01654: 182935 ms

Wait, I only see 13 tracks listed in the Tracks section, but it says ""44 records"". The context might be truncated. Let me check if there are more tracks listed earlier in the context.

Looking back at the context, there's a ""Track Features"" section with 44 records that includes track_id and other features, but not duration_ms. The ""Tracks"" section at the end has 13 tracks shown with duration_ms. The context says ""44 records"" for Tracks but only shows 13. This might be a truncated dataset.

I should calculate the average based on the available data. Let me sum the duration_ms for the",The answer is: 4.38 minutes,WRONG,False
S2_Q003,music_structured,Which music genre has the most artists and how many?,Hip-Hop 42 artists,"The user is asking which music genre has the most artists and how many, based on the provided context. The context appears to be a dataset with artists, albums, tracks, labels, awards, charts, etc. I need to analyze the artist data to count genres.

Looking at the context, there's a section with artist data. It seems to be a list of artists with fields like artist_id, name, country, genre, subgenre, year, label_id, etc. The data is messy but I can see patterns.

Let me parse the artist data. The first part shows:

Electronic
2014
LBL_0025
True
0.026
ART_0599
Dayxx
Switzerland
Electronic
Indie
2012
LBL_0032
True
0.019
ART_0373
Misty Whitney
Tanzania
Electronic
R&B
1998
LBL_0016
True
0.046
ART_0463
Amber Miller
UK
Electronic
Indie
2004
LBL_0036
True
0.017
ART_0231
Tapiax
UK
Electronic
Rock
2001
LBL_0050
True
0.033
ART_0040
The Phillipss
UK
Electronic
Rock
2002
LBL_0024
True
0.07
ART_0054
Brewerx
USA
Electronic
Jazz
2023
LBL_0032
True
0.017
ART_0008
Michael Brooks
USA
Electronic
1993
LBL_0015
True
0.02
ART_0162
Woods
USA
Electronic
1991
LBL_0006
True
0.066
ART_0242
Jack King
Austria
Hip-Hop
2005
LBL_0011
True
0.044
ART_0115
DJ Michael Baby
Bangladesh
Hip-Hop
Country
","The answer is: The Hip-Hop genre has the most artists, with 41 artists listed in the provided context.",WRONG,False
S2_Q004,music_structured,What percentage of artists are currently active?,84.69%,"The user is asking for the percentage of artists that are currently active based on the provided context. The context contains a dataset with artist information, including an ""is_active"" field. I need to count the total number of artists and the number of active artists, then calculate the percentage.

Looking at the context, there's an ""Artists"" section with 294 records mentioned. The data shows artist entries with fields including ""is_active"" which has values ""True"" or ""False"". I need to parse through the artist data to count how many have ""is_active"" = ""True"".

However, the context is truncated and doesn't show all 294 records. It shows a sample of artists. I cannot accurately calculate the percentage from the partial data shown. The context says ""294 records"" but only shows a portion of them.

I should note that the data is incomplete in the context provided. But perhaps I can count from what's visible? That would be inaccurate. The question asks ""according to the context"". Since the context doesn't provide the full dataset, I cannot compute the exact percentage.

Wait, maybe the context includes all 294 records? Looking at the context, it starts with ""Artists 294 records"" then lists many artists. It might be that the context includes all 294 records but the display is truncated in the message. However, as an AI, I only have the text provided in the context. The context appears to be a large dataset but cut off.

I need to respond based on the information given. Since the full dataset isn't visible, I cannot calculate the exact percentage. I should state that the context doesn't provide complete data for all 294 artists, so the percentage cannot be determined from the given context.

But let me check if there's a summary somewhere. The context shows ""Artists 294 records"" and then lists many entries. It might be that the context includes all entries but the message is long. I can try to count the ""is_active"" values in the provided text.

However, the text is messy with many lines. It's not structured as a clean CSV. It's a text representation. I could attempt to parse but it's error-prone.

Given the instruction: ""answer the question according to the context"". If the context doesn't contain enough information, I should say so.

But perhaps the context does contain all 294 records? The user pasted a large chunk.",The answer is: 80%,WRONG,False
S2_Q005,music_structured,How many tracks have explicit content?,6 tracks,"The answer is: The provided context does not contain information about explicit content for tracks. The track features table includes tempo, energy, danceability, valence, acousticness, loudness, instrumentalness, speechiness, liveness, key, mode, and time signature, but no explicit content field.",The answer is: 0,WRONG,False
S2_Q006,music_structured,Which record label has signed the most artists?,Gray-Mayo Entertainment 10,"The user is asking which record label has signed the most artists based on the provided context. I need to analyze the Artists data to count how many artists are associated with each label_id.

Looking at the Artists section, there are 294 records with artist_id, name, country, primary_genre, secondary_genre, debut_year, label_id, is_active, and popularity_score.

I need to count the occurrences of each label_id in the Artists data. Let me scan through the data and count.

From the data shown (which appears to be a subset of the 294 records), I can see various label_ids: LBL_0006, LBL_0026, LBL_0009, LBL_0020, LBL_0010, LBL_0016, LBL_0030, LBL_0042, LBL_0039, LBL_0033, LBL_0029, LBL_0045, LBL_0012, LBL_0043, LBL_0027, LBL_0036, LBL_0035, LBL_0014, LBL_0005, LBL_0008, LBL_0011, LBL_0037, LBL_0040, LBL_0021, LBL_0022, LBL_0015, LBL_0038, LBL_0047, LBL_0050, LBL_0024, LBL_0032, LBL_0001, LBL_0019, LBL_0023, LBL_0044, LBL_0031, LBL_0007, LBL_0049, LBL_0025, etc.

But I need to count all 294 records. The context shows only a portion of the artists data. However, the question asks based on the context provided. Since the context includes the full dataset description but only shows a sample of the artists, I might need to infer from the sample or note that the full data isn't shown.

",The answer is: LBL_0006,WRONG,False
S2_Q007,music_structured,What is the average number of tracks per album for each genre?,Jazz 2.0,"The user is asking for the average number of tracks per album for each genre. I need to analyze the context provided to find this information.

Looking at the context, I see several data tables:
1. Record Labels (50 records)
2. Artists (294 records)
3. Albums (appears to be multiple records)
4. Tracks (44 records)
5. Charts (1 record)
6. Awards (multiple records)

The data seems to be in a tabular format but it's quite messy and concatenated. I need to extract album and track information to calculate average tracks per album per genre.

From the context, I can see:
- Albums have album_id, artist_id, title, release_year, release_date, genre, secondary_genre, type, track_count, popularity_score
- Tracks have track_id, album_id, artist_id, title, track_number, duration_ms, explicit, release_date, isrc, popularity_score

However, the data is not clearly separated. Let me try to parse the album data first.

Looking at the album section, I see entries like:
ALB_0540 ART_0289 Re-Contextualized Motivating Graphic Interface 2024 2026-04-27 Indie Live 12 0.083
ALB_0280 ART_0185 Time Property 2020 2023-07-13 Country Hip-Hop Studio 12 0.11
ALB_1450 ART_0438 Customer-Focused Local Knowledgebase 2012 2024-03-29 Rock Studio 10 0.104
ALB_0118 ART_0421 Stand-Alone Intangible Hub 2022 2026-04-21 Rock Studio 10 0.077
ALB_0625 ART_0283 Time Tell 2024 2026-04-27 Classical Studio 12 0.144
ALB_0058 ART_0067 Midnight Artist 2003 2024-05-20 Jazz Studio 12 0.118
ALB_0133","The answer is: Based on the provided dataset, the average number of tracks per album cannot be calculated because the ""Tracks"" table does not contain a complete list of tracks for every album, and the ""Albums"" table does not provide a track count for each entry.",REFUSED,False
S2_Q008,music_structured,Which artists have won at least one award and how many awards have they won in total?,6 artists Ortegas=12,"The user is asking which artists have won at least one award and how many awards they've won in total. I need to look at the awards data in the context.

Looking at the context, there's a section with awards data. It appears to be a table with columns: Year, True/False, Award ID, Artist ID, Award Name, Category, Year, True/False.

Let me parse the awards data:

First row: 2018, True, AWD_0081, ART_0437, Global Music Award, Breakthrough Artist, 2020, True
Wait, the format seems messy. Let me look more carefully.

The data appears to be:
- 2018 True AWD_0081 ART_0437 Global Music Award Breakthrough Artist 2020 True
- AWD_0382 ART_0437 Streaming Record Award Best Album 2016 True
- AWD_0304 ART_0147 Sound & Vision Prize Best Pop Artist 2013 False
- AWD_0286 ART_0437 Golden Mic Song of the Year 2014 True
- AWD_0041 ART_0437 Golden Mic Top Producer 2021 True
- AWD_0476 ART_0437 Billboard Award Best New Artist 2021 False
- AWD_0043 ART_0437 Streaming Record Award Best New Artist 2011 True
- AWD_0034 ART_0437 Streaming Record Award Top Producer 2019 True

So it looks like ART_0437 has multiple awards. Let me count the ones where the ""True/False"" column (which seems to indicate if they won) is True.

For ART_0437:
1. AWD_0081 - Global Music Award - Breakthrough Artist - 2020 - True (won)
2. AWD_0382 - Streaming Record Award - Best Album - 2016 - True (won)
3. AWD_0286 - Golden Mic - Song of the Year - 2014 - True (won)
4. AWD_0041 - Golden Mic - Top Producer - ","The answer is: ART_0437 has won 6 awards, ART_0147 has won 1 award, ART_0476 has won 1 award, and ART_0034 has won 1 award.",WRONG,False
S2_Q009,music_structured,"What is the distribution of album types (Single, EP, Album) by record label type (Major, Independent)?",10 combinations,"The user is asking for the distribution of album types (Single, EP, Album) by record label type (Major, Independent). I need to analyze the context provided to answer this question.

Looking at the context, I see several tables:
1. Record Labels (50 records) with label_id, name, country, founding_year, label_type, royalty_rate_per_stream
2. Artists (294 records) with artist_id, name, country, primary_genre, secondary_genre, debut_year, label_id, is_active, popularity_score
3. Awards (some records)
4. Charts (1 record)
5. Albums (many records) with album_id, artist_id, title, year, release_date, primary_genre, secondary_genre, album_type, tracks, popularity_score

The question asks for distribution of album types (Single, EP, Album) by record label type (Major, Independent). 

I need to:
1. Look at the Albums table to see album_type values
2. Look at the Record Labels table to see label_type values (Major, Independent, Subsidiary)
3. Join Albums -> Artists -> Record Labels to get label_type for each album
4. Count album types by label_type

From the Albums data I can see album_type values like: ""Studio"", ""Live"", ""Compilation"", ""EP"", ""Single""? Let me check the album_type column in the albums data.

Looking at the albums data:
ALB_1331: album_type ""Live""
ALB_1283: album_type ""Studio""
ALB_0749: album_type ""Studio""
ALB_0695: album_type ""Compilation""
ALB_1411: album_type ""Studio""
ALB_0578: album_type ""Studio""
ALB_0565: album_type ""Live""
ALB_0674: album_type ""Compilation""
ALB_1027: album_type ""Studio""
ALB_0104: album_type ""Studio""
ALB_0507: album_type ""Live""
ALB_0457: album_type ""Studio""
ALB_0282: album_type ""Studio""
ALB_1360: album_type ""Live""
ALB_0286: album_type ""Studio""
ALB_0221: album_type","The answer is: Based on the provided dataset, there is no explicit ""Single"" album type listed. The album types present are ""Studio,"" ""Live,"" ""Compilation,"" and ""EP."" Among the records associated with Major labels, there are 2 Studio albums and 0 EPs. Among the records associated with Independent labels, there are 18 Studio albums, 4 Live albums, 2 Compilation albums, and 2 EPs.",WRONG,False
S2_Q012,music_structured,Which artists have tracks in multiple albums and how many albums do they have?,3 artists,"The user is asking: ""Which artists have tracks in multiple albums and how many albums do they have?"" I need to analyze the context provided to answer this question. The context includes several tables: Record Labels, Artists, Tracks, Albums, Awards, Charts, and Track Features. However, the data seems fragmented and not fully structured. I need to find artists who have tracks in multiple albums and count how many albums each such artist has.

Looking at the context, there's an ""Albums"" section with 50 records, but the data is not fully shown. There's a ""Tracks"" section with 50 records, but again not fully shown. There's also ""Track Features"" with 44 records. The data appears to be a mix of CSV-like rows but with some formatting issues.

I need to parse the data to find which artists have tracks in multiple albums. The Albums table likely has album_id, artist_id, etc. The Tracks table likely has track_id, album_id, artist_id. But the context is messy. Let me examine the provided text carefully.

The context starts with ""Music Industry Dataset"" then ""Record Labels"" with 50 records, then ""Artists"" with 294 records, then ""Albums"" with 50 records, then ""Tracks"" with 50 records, then ""Awards"" with some records, then ""Charts"" with 1 record, then ""Track Features"" with 44 records.

But the data is not clearly separated. For example, after ""Albums 50 records"" there is a line: ""album_id artist_id title release_date total_tracks label_id ALB_0001 ART_0001 The First Album 2010-01-15 12 LBL_0001"". Then more rows. Then ""Tracks 50 records"" with ""track_id album_id artist_id title track_number duration_ms explicit release_date isrc royalty_rate"". Then rows. Then ""Awards"" with ""award_id artist_id award_name category year won"". Then ""Charts"" with ""chart_id track_id artist_id chart_name week_date peak_position current_position weeks_on_chart movement"". Then ""Track Features"" with ""track_id tempo_bpm energy danceability valence acousticness loudness_db instrumentalness speechiness liveness key mode time_signature"".

However, the data is truncated and mixed. I need to extract the relevant information. Since","The answer is: Based on the provided dataset, the artist with ID ART_0437 is associated with multiple awards and tracks, but the provided document does not explicitly list a mapping of artists to multiple albums. Therefore, the information to determine which artists have tracks in multiple albums is not available in the context.",REFUSED,False
S2_Q013,music_structured,What is the average speechiness score for explicit vs non-explicit tracks?,Explicit 0.103 Non 0.161,"The user is asking for the average speechiness score for explicit vs non-explicit tracks. I need to look at the context provided to see if this information is available.

Looking at the context, I see a lot of data about tracks, artists, labels, awards, charts, etc. But I need to find information about explicit vs non-explicit tracks and their speechiness scores.

Let me scan through the context for ""explicit"" or ""speechiness"" keywords.

In the track data section, I see columns: track_id, tempo_bpm, energy, danceability, valence, acousticness, loudness_db, instrumentalness, speechiness, liveness, key, mode, time_signature

But I don't see an ""explicit"" column in the track data. Let me check the artist data or other sections.

Looking at the artist data section, I see columns like: artist_id, name, country, genre, debut_year, label_id, is_explicit, popularity_score, etc.

Wait, I see ""is_explicit"" in the artist data? Let me look more carefully.

Actually, looking at the data rows, I see entries like:
""2002
LBL_0026
True
0.024
ART_0602
Chad Baldwin
France
Jazz
2003
LBL_0038
False
0.02
ART_0413
Hunter Kramer
Germany
Jazz
Hip-Hop
2023
LBL_0016
True
0.04""

This seems messy. The context appears to be a mix of different tables concatenated together without clear separation.

Let me look for ""explicit"" in the text. I see ""True"" and ""False"" values that might correspond to explicit flags, but it's not clearly labeled.

Actually, looking at the artist data rows, the pattern seems to be:
[year?] [label_id] [True/False] [popularity_score?] [artist_id] [name] [country] [genre] [debut_year] [label_id] [True/False] [popularity_score?]

But it's very jumbled. For example:
""2002
LBL_0026
True
0.024
ART_0602
Chad Baldwin
France
Jazz
2003","The answer is: Based on the provided dataset, the average speechiness score for explicit tracks is 0.118, while the average speechiness score for non-explicit tracks is 0.096.",WRONG,False
S2_Q014,music_structured,"Calculate the ""musical diversity score"" for each artist based on the variance of their track features (energy, danceability, valence). Which artist has the highest diversity?",David Davis 0.126,"The answer is: The provided context does not contain track-level audio features such as energy, danceability, or valence needed to calculate a musical diversity score. The dataset includes artist, album, label, award, and chart information, but lacks the specific track feature data required for this analysis.","The answer is: The provided document does not contain information regarding track features such as energy, danceability, or valence, nor does it provide a ""musical diversity score"" for the artists listed. Therefore, it is not possible to calculate these scores or determine which artist has the highest diversity based on the context provided.",REFUSED,False
S2_Q015,music_structured,"Identify ""overperforming"" artists: those whose award count is disproportionately high relative to their album count and popularity score.",Ortegas 12.00 awards/album,"The user wants to identify ""overperforming"" artists based on the context provided. The context includes three datasets: Record Labels, Artists, and Awards (and Charts, but only 1 record). The question asks for artists whose award count is disproportionately high relative to their album count and popularity score.

However, looking at the context, I see:
1. Record Labels (50 records)
2. Artists (294 records) - includes artist_id, name, country, primary_genre, secondary_genre, debut_year, label_id, is_active, popularity_score
3. Awards (multiple records) - includes award_id, artist_id, award_name, category, year, won (True/False)
4. Charts (1 record)

But I don't see an ""album count"" field in the Artists data. The Artists table has: artist_id, name, country, primary_genre, secondary_genre, debut_year, label_id, is_active, popularity_score. No album count.

The Awards data shows awards won by artists. I can count awards per artist (where won=True). But without album count, I cannot compute ""award count relative to album count"".

Perhaps ""album count"" is implied or missing? Or maybe I need to infer from other data? The context seems to be a truncated dataset. The Awards section shows many entries for ART_0437 (multiple awards). Other artists appear in Awards too.

Let me parse the Awards data from the context. It's messy but seems to have lines like:
AWD_0081 ART_0437 Global Music Award Breakthrough Artist 2018 True
AWD_0382 ART_0437 Streaming Record Award Best Album 2020 True
AWD_0304 ART_0147 Sound & Vision Prize Best Pop Artist 2013 False
AWD_0286 ART_0437 Golden Mic Song of the Year 2014 True
AWD_0041 ART_0437 Golden Mic Top Producer 2021 True
AWD_0476 ART_0437 Billboard Award Best New Artist 2021 False
AWD_0043 ART_0437 Streaming Record Award Best New Artist 2011 True
AWD_0034 ART_0437 Streaming Record Award","The answer is: Based on the provided dataset, ART_0437 is the most prominent ""overperforming"" artist. While the dataset lists a single entry for this artist in the Artists table, they are associated with seven distinct awards (AWD_0081, AWD_0382, AWD_0304, AWD_0286, AWD_0041, AWD_0476, and AWD_0043), indicating a high level of industry recognition that is disproportionate to the single record entry provided.",WRONG,False
S2_Q017,music_structured,"Calculate the ""genre dominance score"" for each genre based on artist count, album count, and average popularity. Which genre is most dominant?",Rock 0.9127,"The user wants me to calculate a ""genre dominance score"" for each genre based on artist count, album count, and average popularity, then determine which genre is most dominant. I need to analyze the provided data.

First, I need to understand the data structure. There are several tables:
1. Record Labels (50 records)
2. Artists (294 records) - with fields: artist_id, name, country, primary_genre, secondary_genre, debut_year, label_id, is_active, popularity_score
3. Albums (many records) - with fields: album_id, artist_id, title, release_year, release_date, primary_genre, secondary_genre, type, track_count, popularity_score
4. Tracks (44 records) - with fields: track_id, album_id, artist_id, title, track_number, duration_ms, explicit, release_date, isrc, popularity_score
5. Awards (some records)
6. Charts (1 record)

The question asks for genre dominance score based on:
- Artist count per genre
- Album count per genre  
- Average popularity per genre

I need to define ""genre"". Looking at the data, artists have primary_genre and secondary_genre. Albums have primary_genre and secondary_genre. I should probably use primary_genre for both artists and albums.

Let me parse the data. The context is a large text block. I need to extract the relevant information.

First, let's look at the Artists section. It starts with ""Artists 294 records"" then shows columns: artist_id, name, country, primary_genre, secondary_genre, debut_year, label_id, is_active, popularity_score.

Then there are many rows. I need to count artists per primary_genre.

Similarly, Albums section: ""Albums"" then columns: album_id, artist_id, title, release_year, release_date, primary_genre, secondary_genre, type, track_count, popularity_score.

I need to count albums per primary_genre and calculate average popularity per genre (maybe average of artist popularity and album popularity? Or just overall average popularity across artists and albums? The question says ""average popularity"" - could be average popularity score of artists in that genre, or albums, or both. I'll assume average popularity of artists and albums combined, or perhaps weighted. But let's see.

The user wants a ""genre dominance score"" calculated from these three metrics. I need to define a formula.","The answer is: To calculate the genre dominance score, we first aggregate the data:

*   **Classical:** 19 artists, 3 albums, average popularity 0.031. Score: 19 + 3 + 0.031 = 22.031
*   **Country:** 11 artists, 3 albums, average popularity 0.035. Score: 11 + 3 + 0.035 = 14.035
*   **Electronic:** 10 artists, 0 albums, average popularity 0.035. Score: 10 + 0 + 0.035 = 10.035
*   **Hip-Hop:** 38 artists, 2 albums, average popularity 0.031. Score: 38 + 2 + 0.031 = 40.031
*   **Indie:** 0 artists, 5 albums, average popularity 0.082. Score: 0 + 5 + 0.082 = 5.082
*   **Jazz:** 0 artists, 2 albums, average popularity 0.118. Score: 0 + 2 + 0.118 = 2.118
*   **Metal:** 0 artists, 3 albums, average popularity 0.075. Score: 0 + 3 + 0.075 = 3.075
*   **Pop:** 0 artists, 1 album, average popularity 0.15. Score: 0 + 1 + 0.15 = 1.15
*   **Rock:** 0 artists, 4 albums, average popularity 0.088. Score: 0 + 4 + 0.088 = 4.088

The most dominant genre is Hip-Hop.",WRONG,False
S2_Q018,music_structured,"Identify ""prolific years"" for the music industry by counting albums released per year and calculating the year-over-year growth rate.",2011 400% 2008 300% 2000 200%,"The user is asking me to identify ""prolific years"" for the music industry by counting albums released per year and calculating the year-over-year growth rate, based on the provided context.

Looking at the context, I can see there's a dataset with multiple tables: Record Labels, Artists, Albums, etc. The Albums table seems to have release years. Let me examine the Albums data more carefully.

From the context, I can see album records like:
- ALB_1331: 2018
- ALB_1283: 2000
- ALB_0749: 2021
- ALB_0695: 2002
- ALB_1411: 2022
- ALB_0578: 2008
- ALB_0565: 2017
- ALB_0674: 2022
- ALB_1027: 2024
- ALB_0104: 2017
- ALB_0507: 2022
- ALB_0457: 2020
- ALB_0282: 2021
- ALB_1360: 2011
- ALB_0286: 2024
- ALB_0221: 2008
- ALB_0380: 2024
- ALB_0920: 2019
- ALB_1167: 2023
- ALB_1036: 1998
- ALB_1097: 2003
- ALB_0281: 2024
- ALB_0371: 2024
- ALB_0138: 2022
- ALB_0516: 2011
- ALB_1223: 2017
- ALB_1383: 2023
- ALB_1266: 2012","The answer is: To identify the prolific years, we count the albums released per year: 1998 (1), 2000 (1), 2002 (1), 2003 (1), 2008 (1), 2011 (2), 2012 (1), 2014 (2), 2015 (2), 2016 (2), 2017 (3), 2018 (1), 2019 (1), 2020 (2), 2021 (2), 2022 (5), 2023 (4), and 2024 (7). The year-over-year growth rate shows significant spikes in activity, particularly in 2022 (a 150% increase from 2021) and 2024 (a 75% increase from 2023), marking these as the most prolific periods in the provided dataset.",WRONG,False
S2_Q020,music_structured,"Identify ""hidden gem"" tracks: high audio quality features (low speechiness, high instrumentalness) from less popular artists (popularity < 0.5) that have not been heavily streamed.",NO RESULTS,"The user wants to identify ""hidden gem"" tracks based on specific criteria:
1. High audio quality features: low speechiness, high instrumentalness.
2. From less popular artists: popularity < 0.5.
3. Not heavily streamed (though streaming data is limited in the context, I need to infer from available data).

Let me analyze the context provided. The context contains several tables:
1. Awards data (AWD_..., ART_...)
2. Charts data (CHT_..., TRK_..., ART_...)
3. Track Features data (TRK_..., tempo_bpm, energy, danceability, valence, acousticness, loudness_db, instrumentalness, speechiness, liveness, key, mode, time_signature)
4. Artists data (ART_..., name, country, primary_genre, secondary_genre, debut_year, label_id, is_active, popularity_score)
5. Albums data (ALB_..., ART_..., ...)
6. Labels data (LBL_..., ...)

I need to join Track Features with Artists to get popularity_score, then filter for:
- speechiness low (what threshold? maybe < 0.1 or < 0.05)
- instrumentalness high (maybe > 0.5 or > 0.8)
- popularity_score < 0.5 (all artists in the data seem to have popularity_score < 0.5, max is 0.192 for ART_0381? Wait, looking at artists data: popularity_score values are like 0.031, 0.039, 0.027, 0.017, etc. The highest I see is 0.192 for ART_0381? Actually ART_0381 is in albums data but not in artists list? Let me check artists list for popularity scores.

Scanning artists data:
ART_0172: 0.031
ART_0423: 0.039
ART_0655: 0.027
ART_0283: 0.017
ART_0662: 0.027
ART_0336: 0.018
ART_0241: 0.017
ART_0197: 0.01","The answer is: Based on the provided data, tracks that exhibit high audio quality features (low speechiness and high instrumentalness) from artists with a popularity score below 0.5 include TRK_00470 (speechiness 0.079, instrumentalness 0.514), TRK_00980 (speechiness 0.106, instrumentalness 0.425), and TRK_01457 (speechiness 0.079, instrumentalness 0.773). These tracks are associated with artists who have lower popularity scores and limited streaming records in the provided context.",WRONG,False
S3_TATHYBRID_cf649b7b26933abd29572697283fbf67,tathybrid,What was the change in Accumulated amortization from 2018 to 2019?,-1073,"The user is asking for the change in Accumulated amortization from 2018 to 2019. I need to look at the intangible assets table in Note 10. The table shows ""Accumulated Amortization"" for December 31, 2019 and December 31, 2018 for each category. I need to calculate the total change across all categories.

From the table:
- Trade Name/Trademarks: 2019: $(724), 2018: $(574) -> change = -724 - (-574) = -150 (increase in accumulated amortization of 150)
- Customer Relationships: 2019: $(2,574), 2018: $(2,318) -> change = -2574 - (-2318) = -256
- Developed Technology: 2019: $(14,996), 2018: $(11,873) -> change = -14996 - (-11873) = -3123
- Non-compete Agreements: 2019: $(501), 2018: $(400) -> change = -501 - (-400) = -101
- Export License: 2019: $(13), 2018: $(10) -> change = -13 - (-10) = -3

Total accumulated amortization 2019: $(18,808) (as shown in Totals row)
Total accumulated amortization 2018: $(15,175) (as shown in Totals row)

Change = -18,808 - (-15,175) = -3,633 (in thousands)

So the accumulated amortization increased by $3,633,000 (or $3.633 million). The question asks ""What was the change in Accumulated amortization from 2018 to 2019?"" The answer should be the numerical change. Since it's in thousands, the change is $","The answer is: 3,633",WRONG,False
S3_TATHYBRID_f14766d60aaa9fc5ad134af01d563db4,tathybrid,What was the amount in escrow as restricted cash at 2019 and 2018 respectively?,"72,000, 140,000","The user is asking about the amount in escrow as restricted cash for 2019 and 2018. I need to search the provided context for mentions of ""escrow"", ""restricted cash"", or similar terms.

Looking through the context, I see financial statements, cash flow information, notes payable, and other financial data. Let me search for ""restricted cash"" or ""escrow"".

Scanning the text... I don't see any explicit mention of ""restricted cash"" or ""escrow"" in the provided context. The context includes:
- Cash and cash equivalents: $4,777 (2019) and $1,008 (2018)
- Working capital deficit
- Operating activities
- Notes payable details
- Various promissory notes
- Stock issuances
- But no mention of restricted cash or escrow amounts.

The question asks for ""amount in escrow as restricted cash at 2019 and 2018 respectively"". Since this information is not present in the provided context, I cannot answer it from the given text.

However, the instruction says to answer according to the report context. If the information is not there, I should state that it's not mentioned or not available in the provided context.

But the format requires: 'The answer is: <answer>' with a simple short answer.

Since the context doesn't contain this information, I should indicate that. Perhaps ""Not mentioned in the provided context"" or ""Information not available"".

Let me double-check the entire context once more for any mention of restricted cash or escrow.

Searching for ""restricted"" - no hits.
Searching for ""escrow"" - no hits.
Searching for ""cash"" - only ""cash and cash equivalents"", ""cash flows"", ""cash used"", etc.

The consolidated balance sheets are referenced (page F-3) but not shown in detail. The context shows only a snippet: ""Cash and cash equivalents $4,777 $1,008"" and ""Working capital (deficit) $(6,975) $(3,927)"".

There might be a line for restricted cash in the actual balance sheet, but it's not included in this excerpt.

Given the provided context, the answer should be that this information is not available in the given text.

But the example shows a numerical answer. The instruction says ""answer the question according","[Assistant]: The provided text does not contain information regarding the amount in escrow as restricted cash for 2019 and 2018.

The answer is: Not mentioned",REFUSED,False
S3_TATHYBRID_4a97a3a079b9d171bb3e3c05a5d558fa,tathybrid,What was the Compensation and related benefits in 2019 and 2018 respectively?,"$3,247, $949","The answer is: 2019: $3,489,000; 2018: $1,494,000","The answer is: 2019: $3,489,000; 2018: $1,494,000",WRONG,False
S3_TATHYBRID_f3f36466e3595177dee05fd432122387,tathybrid,What is the value of real estate taxes in 2018?,398,The answer is: Not specified in the provided financial statements. Real estate taxes are not listed as a separate line item in the consolidated statements of operations or notes for 2018.,"The provided report does not contain information regarding the value of real estate taxes for 2018.

The answer is: Not available",REFUSED,False
S3_TATHYBRID_75006d911eb541bafc8bfdfe43399b83,tathybrid,What is the average real estate taxes for 2018 and 2019?,398,"The provided financial statements and notes do not contain a specific line item or disclosure for ""real estate taxes"" or ""property taxes"" for 2018 and 2019. The operating expenses are aggregated into categories such as Selling expenses and General and administrative expenses without a breakdown for real estate taxes.

The answer is: Not available in the provided context.","The provided report does not contain information regarding real estate taxes for 2018 and 2019.

The answer is: Not available",REFUSED,False
S3_TATHYBRID_4b33b977256836fc6c3fbda16ba5844d,tathybrid,What is the change in payroll and incentive compensation between 2018 and 2019?,1072,"The user is asking for the change in payroll and incentive compensation between 2018 and 2019. I need to find information about payroll and incentive compensation in the provided text.

Looking through the context, I see several mentions of compensation:
1. Stock-based compensation expenses for various plans (2017 Plan, 2018 Plan, 2019 Plan, 2019 Retention Award, RSA's, Stock Options)
2. Retirement benefits (defined contribution plan)
3. Section 162(m) discussion about executive compensation deductibility

But I don't see a specific line item called ""payroll and incentive compensation"" or a clear total payroll figure. The text mentions various compensation expenses but they're broken down by type (stock-based, retirement, etc.) and by plan.

Let me look for any consolidated compensation figure or payroll expense. In the Consolidated Statements of Operations, I see:
- Selling expenses: $11,062 (2019) vs $13,477 (2018)
- General and administrative: $12,828 (2019) vs $13,616 (2018)

These likely include payroll, but they're not broken out separately.

The text mentions specific stock-based compensation expenses:
- 2017 Plan: $288 (2019) vs $636 (2018)
- 2018 Plan: $0 (2019) vs $0 (2018) - ""no equity-based incentives awarded""
- 2019 Plan: $51 (2019)
- 2019 Retention Award: $342 (2019)
- RSA's: $109 (2019) vs $47 (2018)
- Stock Options: $1 (2019) vs $9 (2018)
- Retirement benefits: $367 (2019) vs $417 (2018)

Total stock-based compensation mentioned: $288 + $0 + $51 + $342 + $109 + $1 = $791 (2019) vs $636 + $0 + $0 + $","The provided report does not contain a specific line item for total ""payroll"" or a consolidated figure for ""incentive compensation"" that allows for a direct calculation of the change between 2018 and 2019. While the report details specific stock-based compensation expenses for various plans (e.g., 2017 Plan, 2019 Plan, Retention Award), it does not provide the total payroll or aggregate incentive compensation figures.

The answer is: Not available",REFUSED,False
S3_TATHYBRID_5b53e0ca06203f7703b6c4f8057e3c87,tathybrid,What is the percentage constitution of net sales from Frozen Kefir among the total net sales in 2019?,1.73,The answer is: 2%,The answer is: 2%,WRONG,False
S3_TATHYBRID_077fac86dd9c8cd78b834fbdbe0885be,tathybrid,What is the percentage change in ingredients between 2018 and 2019?,22.91,The answer is: Information not provided in the context,The answer is: Not mentioned,REFUSED,False
S3_TATHYBRID_4cb79dfe572f814f50c02a61639f2094,tathybrid,What is the value of recipes in 2018 and 2019 respectively?,"$ 44, $ 44","The provided context does not contain any information about the ""value of recipes"" for 2018 or 2019. The text includes financial data such as net sales, gross profit, expenses, share repurchase details, and product descriptions, but no mention of recipe valuations.

The answer is: Not mentioned in the provided context.","The provided text does not contain information regarding the value of recipes. The financial tables provided relate to a share repurchase program.

The answer is: Not mentioned",REFUSED,False
S3_TATHYBRID_7622984778061cb2468425d5534a99e6,tathybrid,What is the change in the value of customer relationships between 2018 and 2019?,0,"The user is asking about the change in the value of customer relationships between 2018 and 2019. I need to look through the provided context to find information about customer relationships, likely in the intangible assets or goodwill section.

Looking at the context, I see Note 5 – Goodwill and Intangible Assets. It shows:
- Goodwill: $10,368 for both 2019 and 2018
- Accumulated impairment losses: ($1,244) for both 2019 and 2018
- Goodwill (net): $9,124 for both 2019 and 2018
- Brand names: $3,700 for both 2019 and 2018
- Goodwill and indefinite lived intangible assets: $12,824 for both 2019 and 2018

I don't see a specific line item for ""customer relationships"" in the provided text. The intangible assets listed are goodwill and brand names. Customer relationships would typically be a separate intangible asset, but it's not shown in the excerpt.

Let me check if there's any other mention of customer relationships in the text. Scanning through... I see mentions of customers in the risk factors section, but no valuation of customer relationships as an asset.

The context provided seems to be a partial annual report. The financial statements show goodwill and brand names as the only intangible assets. There's no customer relationships line item shown.

Since the information isn't in the provided context, I should state that the change cannot be determined from the given information, or that customer relationships aren't separately reported.

However, the user expects a specific answer format. Let me re-read the question: ""What is the change in the value of customer relationships between 2018 and 2019?""

Based on the provided context, there is no mention of customer relationships as a separate intangible asset. The only intangible assets shown are goodwill and brand names, both unchanged between 2018 and 2019.

I should answer that the value is not reported or not separately disclosed in the provided context. But the format requires a simple, short answer.

Perhaps the answer is ""Not disclosed"" or ""No change"" or ""Not separately reported"". Let",,NO ANSWER,False
S3_TATHYBRID_3ead03b4712e86e15034c9fabc0f1b9b,tathybrid,What is the average value of trade names for both 2018 and 2019?,2248,The answer is: Information not available in the provided context.,"To determine the average value of trade names for 2018 and 2019, we look at the ""Issuer Purchases of Equity Securities"" table provided in the context, which lists the ""Average price paid per share"" for the share repurchase programs during those years.

1.  For Fiscal Year 2018, the average price paid per share was $6.33.
2.  For Fiscal Year 2019, the average price paid per share was $2.55.
3.  The average of these two values is ($6.33 + $2.55) / 2 = $8.88 / 2 = $4.44.

The answer is: 4.44",WRONG,False
S3_TATHYBRID_30e01bc5c375a0ca44ab4c0dd14e5e1e,tathybrid,What is the value of vehicles in 2018 and 2019 respectively?,"937, 778","The provided context does not contain information about the value of vehicles for 2018 and 2019. The financial statements show categories like ""Property, plant and equipment, net"" but do not break out vehicle values separately.

The answer is: Not available in the provided context","The provided report does not contain information regarding the value of vehicles.

The answer is: Not available",REFUSED,False
S3_TATHYBRID_fe59aeaff2948f598d69f262c6464889,tathybrid,What is the average value of vehicles for 2018 and 2019?,857.5,The answer is: The provided context does not contain information about vehicle values for 2018 and 2019.,"[Assistant]: The provided report does not contain information regarding the value of vehicles.

The answer is: Not available",REFUSED,False
S3_TATHYBRID_f4c8e2d0155ac338249d0fe6feba49ac,tathybrid,What was the low sale price per share for each quarters in 2018 in chronological order?,"$ 5.99, $ 4.79, $ 2.66, $ 1.88","The user is asking for the low sale price per share for each quarter in 2018 in chronological order. I need to look at the context provided, which appears to be a share repurchase program table showing monthly data for 2018 and 2019.

Looking at the table at the beginning of the context:

```
Plans or Programs ($ in thousands)    
                          
1/1/2018 to 1/31/2018      106,441      $ 8.22       106,441      $ 5,007    
2/1/2018 to 2/28/2018      24,486      $ 7.21       24,486      $ 4,830    
4/1/2018 to 4/30/2018      15,433      $ 6.09       15,433      $ 4,736    
6/1/2018 to 6/30/2018      4,143      $ 5.46       4,143      $ 4,714    
8/1/2018 to 8/31/2018      1,332      $ 3.96       1,332      $ 4,709    
9/1/2018 to 9/30/18      40,364      $ 3.35       40,364      $ 4,573    
11/1/2018 to 11/30/18      17,228      $ 2.99       17,228      $ 4,522    
12/1/2018 to 12/31/18      8,305      $ 2.25       8,305      $ 4,503    
Fiscal Year 2018      217,732      $","[Assistant]: Based on the provided table of share repurchase programs for 2018, the prices per share listed in chronological order are: $8.22, $7.21, $6.09, $5.46, $3.96, $3.35, $2.99, and $2.25.

The answer is: $8.22, $7.21, $6.09, $5.46, $3.96, $3.35, $2.99, $2.25",WRONG,False
S3_TATHYBRID_719ef48aead1f283a692fedbeae4622a,tathybrid,What is the value of customer relationships in 2018 and 2019 respectively?,"985, 985","The user is asking for the value of customer relationships in 2018 and 2019 respectively. I need to search the provided context for this information. The context appears to be from an annual report (10-K) for a company called Lifeway (based on mentions of ""Lifeway's financial assets"" and ""Lifeway has analyzed filing positions""). The context includes risk factors, properties, table of contents, forward-looking statements, and some financial information about investments and income taxes. However, I don't see any specific mention of ""customer relationships"" value for 2018 and 2019. The context mentions ""Two of our customers together accounted for 22% of our net sales in the fiscal year ended December 31, 2019."" But that's about customer concentration, not the value of customer relationships as an intangible asset. There's also mention of ""customer relationships"" in the risk factors: ""We rely on sales made by or through our independent distributors to customers."" But no numerical value for 2018 and 2019. The context includes a table of contents with ""Item 8. Financial Statements and Supplementary Data"" but the actual financial statements aren't provided. The context also includes some fair value discussion: ""Lifeway's financial assets and liabilities that are not carried at fair value on a recurring basis include cash and cash equivalents, accounts receivable, other receivables, accounts payable, accrued expenses and revolving line of credit for which carrying value approximates fair value."" And ""The Company records its investments in equity securities without a readily determinable fair value at cost minus impairment..."" But nothing about customer relationships intangible asset values. The question might be referring to a specific note in the financial statements that isn't included in the provided context. Since the context doesn't contain the answer, I should state that the information is not available in the provided context. However, the instruction says to answer according to the report context. If the context doesn't have it, I should say it's not mentioned. But the example response gave a numerical answer based on some calculation. Let me re-read the context carefully. The context is fragmented and seems to be multiple sections concatenated. There's a mention of ""customer relationships"" in the risk factors: ""The consolidation of retail customers also increases the risk that a significant adverse impact on their business could have a corresponding material adverse impact on","The provided text does not contain information regarding the specific value of customer relationships for the years 2018 and 2019.

The answer is: Not mentioned",REFUSED,False
S3_TATHYBRID_83cb95ba9efedd8346b5f66758f4ab85,tathybrid,What is the value of buildings and improvements in 2018 and 2019 respectively?,"17,520, 17,332",The answer is: Not provided in the context.,"The provided annual report context does not break down the ""Property, plant and equipment"" line item into specific categories such as buildings and improvements. Therefore, the value of buildings and improvements cannot be determined from the provided text.

The answer is: Not available",REFUSED,False
S3_TATHYBRID_0022a9993b61830a838d232e2e840b27,tathybrid,What is the amount of net sales from ProBugs Kelir in 2018 and 2019 respectively?,"2,795, 2,780","The answer is: 2019: $2,780 thousand; 2018: $2,795 thousand","The answer is: 2019: $2,780; 2018: $2,795",WRONG,False
S3_TATHYBRID_05d6f0b7266caa424d82675ec4d0ca2e,tathybrid,What is net sales from cream and other in 2018 and 2019 respectively?,"5,276, 4,228","The provided context does not contain a breakdown of net sales by ""cream and other"" category for 2018 and 2019. Only total net sales figures are mentioned ($93,662 for 2019, down 9.4% from 2018).

The answer is: Not provided in the context","The provided text does not contain the specific numerical breakdown of net sales for ""cream and other"" for the years 2018 and 2019.

The answer is: Not mentioned",REFUSED,False
S3_TATHYBRID_1098c97fef920d0f4107fa3be6f84e3a,tathybrid,What is the deferred provision (benefit) for income tax for 2018 and 2019 respectively?,"(461), 533","The user is asking for the deferred provision (benefit) for income tax for 2018 and 2019 respectively. I need to find this information in the provided context.

Looking through the context, I see financial statements including balance sheets and income statements. The balance sheet shows ""Deferred income taxes, net"" as $922 for 2019 and $390 for 2018. However, this is a balance sheet item (deferred tax assets/liabilities), not the provision (benefit) for income tax which would be on the income statement.

The income statement (Consolidated Statements of Operations) shows:
- Net sales
- Cost of goods sold
- Gross profit
- Operating expenses
- Loss from operations

But I don't see a line item for income tax provision/benefit in the provided income statement excerpt. The income statement seems to be cut off after ""Loss from operations"".

There's mention of ""Income taxes are discussed in Note 10 in the Notes to the Consolidated Financial Statements"" but the notes aren't fully provided in the context.

Let me search for any mention of deferred tax provision or benefit in the text.

I see in the balance sheet: ""Deferred income taxes, net      922       390"" for 2019 and 2018 respectively.

But the question asks for ""deferred provision (benefit) for income tax"" which is an income statement item, not a balance sheet item.

Looking at the text more carefully, I see: ""Lifeway recognizes penalties and interest related to unrecognized tax benefits in the provision (benefit) for income taxes in the consolidated statements of operations.""

But I don't see the actual provision numbers.

The context includes: ""Income taxes are discussed in Note 10 in the Notes to the Consolidated Financial Statements."" But Note 10 isn't fully provided.

Given the information provided, I cannot find the specific deferred provision (benefit) for income tax for 2018 and 2019. The balance sheet shows deferred income taxes net, but that's not the provision.

Wait, let me check if there's more of the income statement. The text shows ""Loss from operations      (1,933  )     (3,110  )"" and then it cuts off. There should be lines for interest expense, income tax provision,","The provided report does not explicitly state the deferred provision (benefit) for income tax for 2018 and 2019. While it mentions deferred income taxes in the balance sheet ($922 for 2019 and $390 for 2018), the specific provision (benefit) amounts are not provided in the text.

The answer is: Not available",REFUSED,False
S3_TATHYBRID_4b7153cbb854c224d6bb0fb509fe74fe,tathybrid,What is the provision (benefit) for total current income taxes for 2018 and 2019 respectively?,"236, 249","The user is asking for the provision (benefit) for total current income taxes for 2018 and 2019 respectively. I need to find this information in the provided context.

Looking through the context, I see financial statements for Lifeway Foods, Inc. There's a Consolidated Statements of Operations section, but it seems incomplete in the provided text. The statements show Net sales, Cost of goods sold, Gross profit, Operating expenses, Loss from operations, but I don't see a line for income tax provision/benefit.

Let me search for ""income tax"" or ""provision"" in the text.

I see in the first paragraph: ""Income taxes are discussed in Note 10 in the Notes to the Consolidated Financial Statements.""

But the actual Note 10 doesn't appear to be fully included in the context. There's some discussion about income taxes in the accounting policies section, but not the actual provision amounts.

Looking at the Consolidated Statements of Operations shown (F-3 and F-4), they appear to be cut off. The statement shows:
- Net sales
- Cost of goods sold
- Depreciation expense
- Total cost of goods sold
- Gross profit
- Selling expenses
- General and administrative
- Goodwill and intangible asset impairment
- Amortization expense
- Total operating expenses
- Loss from operations

But then it cuts off. Normally after ""Loss from operations"" there would be:
- Other income (expense)
- Interest expense
- Income (loss) before income taxes
- Provision (benefit) for income taxes
- Net income (loss)

The text mentions: ""We reported a net income of $453 or $0.03 per basic and diluted common share for the year ended December 31, 2019 compared to a net loss of $(3,086) or $(0.19) per basic and diluted common share in the same period in 2018.""

But it doesn't show the income tax provision separately.

Let me check if there's a Statement of Cash Flows or other statement that might show taxes paid.

I see ""Refundable income taxes"" on the balance sheet: $681 for 2019 and $2,748 for 2018. But that's a balance sheet item, not the provision.

There's also ""Accrued","[Assistant]: The provided context does not contain the specific breakdown of the provision for total current income taxes for 2018 and 2019.

The answer is: Not available",REFUSED,False
S3_TATHYBRID_ccc7a9080e0fea2e3181976dc634e30f,tathybrid,"In which year was Operating Leases greater than 100,000?",2022,"The user is asking: ""In which year was Operating Leases greater than 100,000?"" I need to find information about operating leases amounts by year in the provided context.

Looking through the context, I see a table showing ""The Company's lease right-of-use assets and lease liabilities at December 31, 2019 were as follows:"" with operating lease data for December 31, 2019.

For operating leases, it shows:
- Vessels chartered-in noncurrent operating lease assets: $283,871
- Office space noncurrent operating lease assets: $2,598
- Total noncurrent operating lease assets: $286,469

And for operating lease liabilities:
- Vessels chartered-in operating lease liabilities: Current portion $89,537, Noncurrent $217,511, Total $307,048
- Office space operating lease liabilities: Current portion $608, Noncurrent $1,990, Total $2,598
- Total operating lease liabilities: $309,646

All these numbers are for December 31, 2019. The question asks ""In which year was Operating Leases greater than 100,000?"" 

Looking at the numbers, the total operating lease liabilities are $309,646 (which is > 100,000) and total noncurrent operating lease assets are $286,469 (also > 100,000). Both are for 2019.

I don't see any other years mentioned for operating lease totals. There's mention of 2018 for lease expense ($91,350 for charters-in and $659 for office space), but those are expenses, not the lease balances.

The only year with operating lease balances shown is 2019, and they are greater than 100,000. So the answer should be 2019.

Let me double-check if there's any other year mentioned. The context mentions ""For the year ended December 31, 2018, lease expense relating to charters-in was $91,350"" and ""For the",The answer is: 2019,WRONG,False
S3_TATHYBRID_70b9c20fdab23a9cd16c8474c2be6d9c,tathybrid,"In which year was Increases for positions taken in prior years less than 1,000?",2018,"The provided context does not contain information about ""Increases for positions taken in prior years"" or any tax-related data with numerical values. The text consists primarily of exhibit listings, company information, and a table of contents for a Form 10-K filing, but does not include the financial statements or notes where such tax position data would be disclosed.

The answer is: Information not available in the provided context.","The provided text does not contain information regarding ""Increases for positions taken in prior years.""

The answer is: Not mentioned",REFUSED,False
S3_TATHYBRID_918d6fb907a4ff383e5d8e9da7db2728,tathybrid,What was the Rate change in 2019 and 2018 respectively?,"(84), 0","The user is asking for ""Rate change in 2019 and 2018 respectively"". I need to find what ""Rate"" refers to in the context. The context contains a lot of financial data, shipping revenues, TCE rates, interest rates, tax rates, etc.

Looking at the context, there's a table showing ""Average rate"" for different vessel types for 2019 and 2018. But the question asks for ""Rate change"", which implies a percentage or absolute change year-over-year.

There's also mention of ""effective tax rates for the years ended December 31, 2019 and 2018 were 5.8% and 419.2%, respectively.""

There's ""Interest expense"" but not explicitly an interest rate.

There's ""expected long-term rate of return on plan assets"" but no specific numbers for 2019 and 2018 given in the text.

The most prominent ""rates"" in the context are the TCE (Time Charter Equivalent) rates shown in the table for different vessel categories. But the question asks for ""Rate change"" singular, not multiple rates.

Let me search for ""rate change"" in the text. Not found.

Maybe it refers to the change in TCE revenues? ""During 2019, TCE revenues increased by $8,426, or 2.6%, to $335,133 from $326,707 in 2018.""

Or the change in average daily rates? ""The increase primarily resulted from an increase in average daily rates earned by our fleet...""

But no specific overall average rate change is given.

Wait, the question might be ambiguous. However, in the context of shipping companies, ""rate"" often refers to freight rates or TCE rates. The table shows average rates for different vessel types for spot and fixed earnings for 2019 and 2018. But calculating a single ""rate change"" for the company is not straightforward.

Perhaps the question refers to the effective tax rate change? 5.8% in 2019 vs 419.2% in 2018.

Or interest rate? Not given.

Let me re-read the question: ""What was the Rate change in 2019 and 2018 respectively?"" This phrasing is odd. ""Rate change","The provided text does not contain a single ""Rate change"" value for 2019 and 2018, but it does provide the ""Average rate"" for various vessel categories (Jones Act Handysize Product Carriers, Non-Jones Act Handysize Product Carriers, ATBs, and Lightering) for both years.

The answer is: The average rates varied by vessel category and earnings type (Spot vs. Fixed) as detailed in the provided tables.",REFUSED,False
S3_TATHYBRID_65dac64cb09b645dd52cc8f4a696544e,tathybrid,"What is the change in Liabilities: Deferred income taxes from Balance at December 31, 2017 to January 1, 2018?",-108,"The user is asking for the change in ""Liabilities: Deferred income taxes"" from ""Balance at December 31, 2017"" to ""January 1, 2018"". I need to find this specific information in the provided context.

Looking through the context, I see various financial data but I need to find a specific line item for ""Deferred income taxes"" in a balance sheet or similar statement showing balances at December 31, 2017 and January 1, 2018.

The context contains:
- Tax accounting policies
- Accumulated other comprehensive loss tables
- Pension benefits information
- Interest expense
- Income tax expense/benefit
- Liquidity and sources of capital
- Intangible assets
- Debt information

I don't see a clear balance sheet with ""Liabilities: Deferred income taxes"" line item showing both December 31, 2017 and January 1, 2018 balances. The context mentions deferred tax assets and liabilities in the accounting policies section, but not specific balance amounts for those dates.

There's a mention: ""As of December 31, 2019, we had U.S. federal net operating loss carryforwards of approximately $213,800"" but that's for 2019.

There's also: ""Deferred income taxes arise from temporary differences between the financial reporting and the tax basis of assets and liabilities..."" but no specific balances.

The question asks for a change from Dec 31, 2017 to Jan 1, 2018. These are essentially the same date (year-end 2017 = beginning of 2018), so the change would typically be zero unless there was an accounting standard adoption adjustment on Jan 1, 2018.

I see in the accumulated other comprehensive loss table: ""Adoption of accounting standard - reclassification adjustment to retained earnings — (1,483) (1,483)"" for 2018, but that's for accumulated other comprehensive loss, not deferred income taxes.

I don't see the specific data needed to answer this question in the provided context. The context doesn't contain a balance sheet with deferred income tax liabilities for those specific dates.

Since I cannot find the information in the provided context, I should indicate that the information is","The provided text does not contain information regarding the specific balance of ""Liabilities: Deferred income taxes"" at December 31, 2017, or January 1, 2018, nor does it provide a reconciliation that would allow for the calculation of a change between those two specific dates.

The answer is: Not mentioned",REFUSED,False
S3_TATHYBRID_6122b1882bcd7b0a238a04bce284e40e,tathybrid,"In which year was Prepaid expenditures less than 6,000?",2019,"The user is asking about ""Prepaid expenditures"" and wants to know in which year it was less than 6,000. I need to search the provided context for any mention of ""Prepaid expenditures"" or similar terms like ""prepaid expenses"", ""prepayments"", etc., and find the values for different years.

Looking through the context, I see a lot of information about loans, term loans, prepayments on loans, lease commitments, pension plans, accumulated other comprehensive loss, etc. But I don't see a specific line item called ""Prepaid expenditures"" or ""Prepaid expenses"" with numerical values for different years.

The context mentions:
- ""deferred finance costs"" 
- ""mandatory prepayments of $1,086 and $1,054"" in 2019
- ""mandatory prepayment of $28,166 and optional prepayment of $47,000"" in 2018
- ""voluntary prepayment of $27,500"" in 2018
- ""cash payment of $27,623"" in 2018
- Lease commitments for office space
- Pension benefit payments
- Time charter revenue

But no clear ""Prepaid expenditures"" line item with yearly values. The question might be referring to a specific financial statement line item that isn't clearly presented in the provided text chunks.

Let me search more carefully for any table or mention of prepaid expenditures/expenses.

Scanning... I see ""For the year ended December 31, 2019, the rental expense for office space... was $648. For the year ended December 31, 2019, cash paid for office space rental was $604"". For 2018, ""rental expense for office space... was $659"".

But these are rental expenses, not prepaid expenditures.

There's also mention of ""non-cash financing activities of $28,993 for obtaining finance right-of-use assets"" for 2019.

And ""lease expense relating to charters-in was $91,350"" for 2018.

But nothing labeled ""Prepaid expenditures"".

Perhaps the question is unanswerable from the given context? But the instruction says to answer according to the report context. If the","The provided text does not contain information regarding ""Prepaid expenditures.""

The answer is: Not mentioned",REFUSED,False
S3_TATHYBRID_f0a1bd31aa64c790c41e42920619040b,tathybrid,What was the Prepaid expenditures in 2019 and 2018 respectively?,"5,621, 7,108","The provided context does not contain information about ""Prepaid expenditures"" for 2019 or 2018. The text includes data on accumulated other comprehensive loss, pension plans, TCE revenues, vessel expenses, debt, leases, and cash flows, but no specific line item for prepaid expenditures or prepaid expenses.

The answer is: Not available in the provided context.","The provided text does not contain information regarding ""Prepaid expenditures"" for 2019 and 2018.

The answer is: Not mentioned",REFUSED,False
S3_TATHYBRID_0edf2f7aeed2b8ca6a2e0ed95641bf15,tathybrid,What was the Contracts of affreightment revenues in 2019 and 2018 respectively?,"58,589, 68,698","The provided context does not contain information about ""Contracts of affreightment revenues"" for 2019 and 2018. The report discusses Time Charter Equivalent (TCE) revenues, shipping revenues, time charter revenues, and breakdowns by vessel type (Jones Act Handysize, Non-Jones Act Handysize, ATBs, Lightering) with spot and fixed earnings, but does not separately disclose contracts of affreightment revenues.

The answer is: Not disclosed in the provided context","The provided text does not contain information regarding ""Contracts of affreightment revenues"" for 2019 and 2018.

The answer is: Not mentioned",REFUSED,False
S3_TATHYBRID_ff06d83c2832cd8f43f1a6c350b5b7ae,tathybrid,"What was the value of Vessels, net in 2019 and 2018 respectively?","644,312, 596,929","The user is asking for the value of ""Vessels, net"" in 2019 and 2018 respectively. I need to look at the consolidated balance sheets provided in the context.

Looking at the balance sheet section:

```
OVERSEAS SHIPHOLDING GROUP, INC. AND SUBSIDIARIES
CONSOLIDATED BALANCE SHEETS
DOLLARS IN THOUSANDS

  December 31,
2019   December 31,
2018  
ASSETS         
Current Assets:         
Cash and cash equivalents  $ 41,503  $ 80,417 
Restricted cash   60   59 
Voyage receivables, including unbilled of $5,611 and $10,160, net of reserve for
doubtful accounts   9,247   16,096 
Income tax recoverable   1,192   439 
Other receivables   3,037   3,027 
Prepaid expenses   1,292   9,886 
Inventories and other current assets   1,178   2,456 
Total Current Assets   57,509   112,380 
Vessels and other property, less accumulated depreciation and amortization   737,212   597,659 
Deferred drydock expenditures, net   23,734   26,099 
Total Vessels, Deferred Drydock and Other Property   760,946   623,758 
```

The line item ""Vessels and other property, less accumulated depreciation and amortization"" shows:
- 2019: $737,212 (in thousands)
- 2018: $597,659 (in thousands)

This appears to be the net value of vessels (and other property). The question asks for ""Vessels, net"" which likely refers to this line item.

The values are in thousands of dollars","The provided context lists ""Vessels and other property, less accumulated depreciation and amortization"" as $737,212 (in thousands) for 2019 and $597,659 (in thousands) for 2018.

The answer is: 2019: $737,212; 2018: $597,659",WRONG,False
S3_TATHYBRID_f7af7aebbd48ae1684ba8f8d7402c3fa,tathybrid,What was the Time and bareboat charter revenues revenues in 2019 and 2018 respectively?,"$263,683, $213,923","The user is asking for ""Time and bareboat charter revenues"" for 2019 and 2018. I need to find this specific line item in the provided text.

Looking through the context, I see a table titled ""Shipping Revenues"" near the end of the text:

```
Voyage charter revenues(1)  33,275   83,542 
Contracts of affreightment revenues   58,589   68,698 
Total shipping revenues  $ 355,547  $ 366,163 
```

Wait, this table seems incomplete. It shows Voyage charter revenues and Contracts of affreightment revenues, but the sum of these two (33,275 + 58,589 = 91,864 for 2019) doesn't equal Total shipping revenues (355,547). There must be a missing line for ""Time charter revenues"" or ""Time and bareboat charter revenues"".

Let me search for ""Time charter"" in the text.

Earlier in the text: ""Total time charter revenue for the year ended December 31, 2019 was equal to lease income from lease payments of $263,416 plus straight-line adjustments of $267.""

Also, in the reconciliation table:
""Time charter equivalent revenues  $ 335,133  $ 326,707""
""Add: Voyage expenses   20,414   39,456""
""Shipping revenues  $ 355,547  $ 366,163""

And the breakdown of shipping revenues shows:
Voyage charter revenues: 33,275 (2019), 83,542 (2018)
Contracts of affreightment revenues: 58,589 (2019), 68,698 (2018)
Total shipping revenues: 355,547 (2019), 366,163 (2018)

So Time charter revenues (which would include bareboat charters) = Total shipping revenues - Voyage charter revenues - Contracts of affreightment revenues
For","The provided text does not explicitly state a single line item for ""Time and bareboat charter revenues."" However, it provides ""Time charter equivalent revenues"" of $335,133 for 2019 and $326,707 for 2018, and mentions that total time charter revenue for 2019 was $263,683 ($263,416 lease income + $267 adjustments). The report does not provide a specific breakdown for bareboat charter revenues.

The answer is: Not provided",REFUSED,False
