question,response,doc,q_uid,answers,dataset
who determines the size of the supreme court,The answer is: Congress determines the size of the Supreme Court through legislation. Article III of the U.S. Constitution does not specify the number of justices,Supreme Court of the United States,-8377155967940203923,"{'short_answer': 'Congress added', 'long_answer': ""Article III of the United States Constitution does not specify the number of justices. The Judiciary Act of 1789 called for the appointment of six `` judges ''. Although an 1801 act would have reduced the size of the court to five members upon its next vacancy, an 1802 act promptly negated the 1801 act, legally restoring the court 's size to six members before any such vacancy occurred. As the nation 's boundaries grew, Congress added justices to correspond with the growing number of judicial circuits: seven in 1807, nine in 1837, and ten in 1863.""}",nq
where is the supreme court of the united states located,"The answer is: Washington, D.C., United States",Supreme Court of the United States,-1986245258191974330,"{'short_answer': 'Washington, D.C.,', 'long_answer': ""Supreme Court of the United States Established March 4, 1789 ( 228 years ago ) ( 1789 - 03 - 04 ) Country United States Location Washington, D.C., United States Coordinates 38 ° 53 ′ 26 '' N 77 ° 00 ′ 16 '' W \ufeff / \ufeff 38.89056 ° N 77.00444 ° W \ufeff / 38.89056; - 77.00444 Coordinates: 38 ° 53 ′ 26 '' N 77 ° 00 ′ 16 '' W \ufeff / \ufeff 38.89056 ° N 77.00444 ° W \ufeff / 38.89056; - 77.00444 Composition method Presidential nomination with Senate confirmation Authorized by United States Constitution Judge term length Life tenure No. of positions 9, by statute Website www.supremecourt.gov Chief Justice of the United States Currently John G. Roberts Since September 29, 2005""}",nq
who is the supreme court made up of,"The answer is: The Supreme Court is composed of the Chief Justice of the United States and eight associate justices, totaling nine positions by statute. Justices are nominated by the President and confirmed by the Senate, serving life tenure. As of the text's description following Neil Gorsuch's 2017 confirmation, the Court consisted of Chief Justice John G. Roberts and associate justices Clarence Thomas, Samuel Alito, Ruth Bader Ginsburg, Stephen Breyer, Sonia Sotomayor, Elena Kagan, Anthony Kennedy, and Neil Gorsuch.",Supreme Court of the United States,-8295623681645206109,"{'short_answer': 'John Roberts (', 'long_answer': ""Name Birth Appointed by Senate confirmation vote Age at appointment Current age First day / Length of service Previous positions Succeeded Roberts, John John Roberts ( Chief Justice ) 000000001955 - 01 - 27 - 0000 January 27, 1955 Buffalo, New York Bush, George W. George W. Bush 78 -- 22 50 7001630000000000000 ♠ 63 000000002005 - 09 - 29 - 0000 September 29, 2005 12 years, 6 months Circuit Judge, Court of Appeals for the D.C. Circuit ( 2003 -- 2005 ); Principal Deputy Solicitor General ( 1989 -- 1993 ); Associate Counsel to the President ( 1982 -- 1986 ) William Rehnquist Kennedy, Anthony Anthony Kennedy 000000001936 - 07 - 23 - 0000 July 23, 1936 Sacramento, California Reagan, Ronald Ronald Reagan 97 -- 0 51 7001810000000000000 ♠ 81 000000001988 - 02 - 18 - 0000 February 18, 1988 30 years, 1 month Circuit Judge, Court of Appeals for the Ninth Circuit ( 1975 -- 1988 ); Private practice ( 1963 -- 1975 ) Lewis Powell Thomas, Clarence Clarence Thomas 000000001948 - 06 - 23 - 0000 June 23, 1948 Pin Point, Georgia Bush, George H.W. George H.W. Bush 52 -- 48 43 7001690000000000000 ♠ 69 000000001991 - 10 - 23 - 0000 October 23, 1991 26 years, 5 months Circuit Judge, Court of Appeals for the D.C. Circuit ( 1990 -- 1991 ); Chairman, Equal Employment Opportunity Commission ( 1982 -- 1990 ); Assistant Attorney General in Missouri under State Attorney General John Danforth ( 1974 -- 1977 ) Thurgood Marshall Ginsburg, Ruth Bader Ruth Bader Ginsburg 000000001933 - 03 - 15 - 0000 March 15, 1933 Brooklyn, New York Clinton, Bill Bill Clinton 96 -- 3 60 7001850000000000000 ♠ 85 000000001993 - 08 - 10 - 0000 August 10, 1993 24 years, 7 months Circuit Judge, Court of Appeals for the D.C. Circuit ( 1980 -- 1993 ); General Counsel, American Civil Liberties Union ( 1973 -- 1980 ) Byron White Breyer, Stephen Stephen Breyer 000000001938 - 08 - 15 - 0000 August 15, 1938 San Francisco, California 87 -- 9 55 7001790000000000000 ♠ 79 000000001994 - 08 - 03 - 0000 August 3, 1994 23 years, 8 months Chief Judge, Court of Appeals for the First Circuit ( 1990 -- 1994 ); Circuit Judge, Court of Appeals for the First Circuit ( 1980 -- 1990 ) Harry Blackmun Alito, Samuel Samuel Alito 000000001950 - 04 - 01 - 0000 April 1, 1950 Trenton, New Jersey George W. Bush 58 -- 42 55 7001680000000000000 ♠ 68 000000002006 - 01 - 31 - 0000 January 31, 2006 12 years, 2 months Circuit Judge, Court of Appeals for the Third Circuit ( 1990 -- 2006 ); U.S. Attorney for the District of New Jersey ( 1987 -- 1990 ); Deputy Assistant Attorney General ( 1985 -- 1987 ); Assistant to the Solicitor General ( 1981 -- 1985 ) Sandra Day O'Connor Sotomayor, Sonia Sonia Sotomayor 000000001954 - 06 - 25 - 0000 June 25, 1954 The Bronx, New York Obama, Barack Barack Obama 68 -- 31 55 7001630000000000000 ♠ 63 000000002009 - 08 - 08 - 0000 August 8, 2009 8 years, 7 months Circuit Judge, Court of Appeals for the Second Circuit ( 1998 -- 2009 ); District Judge, District Court for the Southern District of New York ( 1992 -- 1998 ) David Souter Kagan, Elena Elena Kagan 000000001960 - 04 - 28 - 0000 April 28, 1960 Manhattan, New York 63 -- 37 50 7001570000000000000 ♠ 57 000000002010 - 08 - 07 - 0000 August 7, 2010 7 years, 8 months Solicitor General of the United States ( 2009 -- 2010 ); Dean of Harvard Law School ( 2003 -- 2009 ); Associate White House Counsel ( 1995 -- 1999 ); Deputy Director of the Domestic Policy Council ( 1995 -- 1999 ); John Paul Stevens Gorsuch, Neil Neil Gorsuch 000000001967 - 08 - 29 - 0000 August 29, 1967 Denver, Colorado Trump, Donald Donald Trump 54 -- 45 49 7001500000000000000 ♠ 50 000000002017 - 04 - 10 - 0000 April 10, 2017 11 months and 26 days Circuit Judge, Court of Appeals for the Tenth Circuit ( 2006 -- 2017 ); Principal Deputy Associate Attorney General and Acting Associate Attorney General ( 2005 -- 2006 ); Antonin Scalia""}",nq
what is the highest court in the united states,The answer is: The Supreme Court of the United States is the highest federal court of the United States.,Supreme Court of the United States,3785127548796555411,"{'short_answer': 'The Supreme Court of the United States (', 'long_answer': 'The Supreme Court of the United States ( sometimes colloquially referred to by the acronym SCOTUS ) is the highest federal court of the United States. Established pursuant to Article Three of the United States Constitution in 1789, it has ultimate ( and largely discretionary ) appellate jurisdiction over all federal courts and state court cases involving issues of federal law plus original jurisdiction over a small range of cases. In the legal system of the United States, the Supreme Court is generally the final interpreter of federal law including the United States Constitution, but it may act only within the context of a case in which it has jurisdiction. The Court may decide cases having political overtones but does not have power to decide nonjusticiable political questions, and its enforcement arm is in the executive rather than judicial branch of government.'}",nq
how long has the supreme court has 9 justices,"The answer is: The Supreme Court has had nine justices since 1869, when the Circuit Judges Act returned the number to nine, where it has since remained.",Supreme Court of the United States,-824653642806880036,"{'short_answer': '', 'long_answer': 'In 1866, at the behest of Chief Justice Chase, Congress passed an act providing that the next three justices to retire would not be replaced, which would thin the bench to seven justices by attrition. Consequently, one seat was removed in 1866 and a second in 1867. In 1869, however, the Circuit Judges Act returned the number of justices to nine, where it has since remained.'}",nq
ages of the judges on the supreme court,"The answer is: According to the provided context, the current ages of the Supreme Court justices (as of the document's writing) are:

- John Roberts (Chief Justice): 69 years old (born January 27, 1955)
- Anthony Kennedy: 87 years old (born July 23, 1936)
- Clarence Thomas: 75 years old (",Supreme Court of the United States,2538907278819984497,"{'short_answer': '', 'long_answer': ""Name Birth Appointed by Senate confirmation vote Age at appointment Current age First day / Length of service Previous positions Succeeded John Roberts ( Chief Justice ) January 27, 1955 Buffalo, New York George W. Bush 78 -- 22 50 7004232080000000000 ♠ 63 September 29, 2005 12 years, 10 months Circuit Judge, Court of Appeals for the D.C. Circuit ( 2003 -- 2005 ); Principal Deputy Solicitor General ( 1989 -- 1993 ); Associate Counsel to the President ( 1982 -- 1986 ) William Rehnquist Clarence Thomas June 23, 1948 Pin Point, Georgia George H.W. Bush 52 -- 48 43 7004256170000000000 ♠ 70 October 23, 1991 26 years, 9 months Circuit Judge, Court of Appeals for the D.C. Circuit ( 1990 -- 1991 ); Chairman, Equal Employment Opportunity Commission ( 1982 -- 1990 ); Assistant Attorney General in Missouri under State Attorney General John Danforth ( 1974 -- 1977 ) Thurgood Marshall Ruth Bader Ginsburg March 15, 1933 Brooklyn, New York Bill Clinton 96 -- 3 60 7004311960000000000 ♠ 85 August 10, 1993 25 years Circuit Judge, Court of Appeals for the D.C. Circuit ( 1980 -- 1993 ); General Counsel, American Civil Liberties Union ( 1973 -- 1980 ) Byron White Stephen Breyer August 15, 1938 San Francisco, California 87 -- 9 55 7004292170000000000 ♠ 79 August 3, 1994 24 years Chief Judge, Court of Appeals for the First Circuit ( 1990 -- 1994 ); Circuit Judge, Court of Appeals for the First Circuit ( 1980 -- 1990 ) Harry Blackmun Samuel Alito April 1, 1950 Trenton, New Jersey George W. Bush 58 -- 42 55 7004249700000000000 ♠ 68 January 31, 2006 12 years, 6 months Circuit Judge, Court of Appeals for the Third Circuit ( 1990 -- 2006 ); U.S. Attorney for the District of New Jersey ( 1987 -- 1990 ); Deputy Assistant Attorney General ( 1985 -- 1987 ); Assistant to the Solicitor General ( 1981 -- 1985 ) Sandra Day O'Connor Sonia Sotomayor June 25, 1954 The Bronx, New York Barack Obama 68 -- 31 55 7004234240000000000 ♠ 64 August 8, 2009 9 years Circuit Judge, Court of Appeals for the Second Circuit ( 1998 -- 2009 ); District Judge, District Court for the Southern District of New York ( 1992 -- 1998 ) David Souter Elena Kagan April 28, 1960 Manhattan, New York 63 -- 37 50 7004212900000000000 ♠ 58 August 7, 2010 8 years Solicitor General of the United States ( 2009 -- 2010 ); Dean of Harvard Law School ( 2003 -- 2009 ); Associate White House Counsel ( 1995 -- 1999 ); Deputy Director of the Domestic Policy Council ( 1995 -- 1999 ) John Paul Stevens Neil Gorsuch August 29, 1967 Denver, Colorado Donald Trump 54 -- 45 49 7004186110000000000 ♠ 50 April 10, 2017 1 year, 4 months Circuit Judge, Court of Appeals for the Tenth Circuit ( 2006 -- 2017 ); Principal Deputy Associate Attorney General and Acting Associate Attorney General ( 2005 -- 2006 ) Antonin Scalia Vacant Anthony Kennedy Vacancy""}",nq
currently how many supreme court justices are there,The answer is: The court is currently filled with nine justices.,Supreme Court of the United States,7425154493384697205,"{'short_answer': 'nine justices', 'long_answer': 'The court is currently filled with nine justices. The most recent justice to join to the court was Neil Gorsuch, who was nominated by President Donald Trump on January 31, 2017, and confirmed on April 7, 2017, by the Senate.'}",nq
what is a supreme court justices term of office,"The answer is: Once appointed, justices have lifetime tenure unless they resign, retire, or are removed after impeachment.",Supreme Court of the United States,-548329466383357895,"{'short_answer': 'lifetime tenure', 'long_answer': ""According to federal statute, the Court normally consists of the Chief Justice of the United States and eight associate justices who are nominated by the President and confirmed by the Senate. Once appointed, justices have lifetime tenure unless they resign, retire, or are removed after impeachment ( though no justice has ever been removed ). In modern discourse, the justices are often categorized as having conservative, moderate, or liberal philosophies of law and of judicial interpretation. Each justice has one vote, and it is worth noting that while a far greater number of cases in recent history have been decided unanimously, decisions in cases of the highest profile have often come down to just one single vote, thereby exposing the justices ' ideological beliefs that track with those philosophical or political categories. The Court meets in the Supreme Court Building in Washington, D.C.""}",nq
what is the role of the united states supreme court,"The answer is: The Supreme Court of the United States is the highest federal court, established by Article Three of the Constitution in 1789. It has ultimate appellate jurisdiction over all federal courts and state court cases involving federal law, plus original jurisdiction over a small range of cases. It serves as the final interpreter of federal law and the Constitution, with the power of judicial review to declare laws unconstitutional, though it cannot decide political questions and relies on the executive branch for enforcement of its rulings.",Supreme Court of the United States,6340746173756830055,"{'short_answer': '', 'long_answer': 'The Supreme Court of the United States ( sometimes colloquially referred to by the acronym SCOTUS ) is the highest federal court of the United States. Established pursuant to Article Three of the United States Constitution in 1789, it has ultimate ( and largely discretionary ) appellate jurisdiction over all federal courts and state court cases involving issues of federal law plus original jurisdiction over a small range of cases. In the legal system of the United States, the Supreme Court is generally the final interpreter of federal law including the United States Constitution, but it may act only within the context of a case in which it has jurisdiction. The Court may decide cases having political overtones but does not have power to decide nonjusticiable political questions, and its enforcement arm is in the executive rather than judicial branch of government.'}",nq
when were the current supreme court justices appointed,"The answer is: The current Supreme Court justices were appointed on the following dates: John Roberts (Chief Justice) on September 29, 2005; Anthony Kennedy on February 18, 1988; Clarence Thomas on October 23, 1991; Ruth Bader Ginsburg on August 10, 1993; Stephen Breyer on August 3, 1994; Samuel Alito on January 31, 2006; Sonia Sotomayor on August 8, 2009; Elena Kagan",Supreme Court of the United States,7593720238967084586,"{'short_answer': '', 'long_answer': ""Name Date of birth Appointed by Senate confirmation vote Age at appointment Current age First day / Length of service Previous positions Succeeded Roberts, John John Roberts ( Chief Justice ) 000000001955 - 01 - 27 - 0000 January 27, 1955 Buffalo, New York Bush, George W. George W. Bush 78 -- 22 50 7001620000000000000 ♠ 62 000000002005 - 09 - 29 - 0000 September 29, 2005 12 years, 1 month Circuit Judge, Court of Appeals for the D.C. Circuit ( 2003 -- 2005 ); Principal Deputy Solicitor General ( 1989 -- 1993 ); Associate Counsel to the President ( 1982 -- 1986 ) William Rehnquist Kennedy, Anthony Anthony Kennedy 000000001936 - 07 - 23 - 0000 July 23, 1936 Sacramento, California Reagan, Ronald Ronald Reagan 97 -- 0 51 7001810000000000000 ♠ 81 000000001988 - 02 - 18 - 0000 February 18, 1988 29 years, 8 months Circuit Judge, Court of Appeals for the Ninth Circuit ( 1975 -- 1988 ); Private practice ( 1963 -- 1975 ) Lewis Powell Thomas, Clarence Clarence Thomas 000000001948 - 06 - 23 - 0000 June 23, 1948 Pin Point, Georgia Bush, George H.W. George H.W. Bush 52 -- 48 43 7001690000000000000 ♠ 69 000000001991 - 10 - 23 - 0000 October 23, 1991 26 years Circuit Judge, Court of Appeals for the D.C. Circuit ( 1990 -- 1991 ); Chairman, Equal Employment Opportunity Commission ( 1982 -- 1990 ); Assistant Attorney General in Missouri under State Attorney General John Danforth ( 1974 -- 1977 ) Thurgood Marshall Ginsburg, Ruth Bader Ruth Bader Ginsburg 000000001933 - 03 - 15 - 0000 March 15, 1933 Brooklyn, New York Clinton, Bill Bill Clinton 96 -- 3 60 7001840000000000000 ♠ 84 000000001993 - 08 - 10 - 0000 August 10, 1993 24 years, 2 months Circuit Judge, Court of Appeals for the D.C. Circuit ( 1980 -- 1993 ); General Counsel, American Civil Liberties Union ( 1973 -- 1980 ) Byron White Breyer, Stephen Stephen Breyer 000000001938 - 08 - 15 - 0000 August 15, 1938 San Francisco, California 87 -- 9 55 7001790000000000000 ♠ 79 000000001994 - 08 - 03 - 0000 August 3, 1994 23 years, 2 months Chief Judge, Court of Appeals for the First Circuit ( 1990 -- 1994 ); Circuit Judge, Court of Appeals for the First Circuit ( 1980 -- 1990 ) Harry Blackmun Alito, Samuel Samuel Alito 000000001950 - 04 - 01 - 0000 April 1, 1950 Trenton, New Jersey George W. Bush 58 -- 42 55 7001670000000000000 ♠ 67 000000002006 - 01 - 31 - 0000 January 31, 2006 11 years, 8 months Circuit Judge, Court of Appeals for the Third Circuit ( 1990 -- 2006 ); U.S. Attorney for the District of New Jersey ( 1987 -- 1990 ); Deputy Assistant Attorney General ( 1985 -- 1987 ); Assistant to the Solicitor General ( 1981 -- 1985 ) Sandra Day O'Connor Sotomayor, Sonia Sonia Sotomayor 000000001954 - 06 - 25 - 0000 June 25, 1954 The Bronx, New York Obama, Barack Barack Obama 68 -- 31 55 7001630000000000000 ♠ 63 000000002009 - 08 - 08 - 0000 August 8, 2009 8 years, 2 months Circuit Judge, Court of Appeals for the Second Circuit ( 1998 -- 2009 ); District Judge, District Court for the Southern District of New York ( 1992 -- 1998 ) David Souter Kagan, Elena Elena Kagan 000000001960 - 04 - 28 - 0000 April 28, 1960 Manhattan, New York 63 -- 37 50 7001570000000000000 ♠ 57 000000002010 - 08 - 07 - 0000 August 7, 2010 7 years, 2 months Solicitor General of the United States ( 2009 -- 2010 ); Dean of Harvard Law School ( 2003 -- 2009 ); Associate White House Counsel ( 1995 -- 1999 ); Deputy Director of the Domestic Policy Council ( 1995 -- 1999 ); John Paul Stevens Gorsuch, Neil Neil Gorsuch 000000001967 - 08 - 29 - 0000 August 29, 1967 Denver, Colorado Trump, Donald Donald Trump 54 -- 45 49 7001500000000000000 ♠ 50 000000002017 - 04 - 10 - 0000 April 10, 2017 6 months and 19 days Circuit Judge, Court of Appeals for the Tenth Circuit ( 2006 -- 2017 ); Principal Deputy Associate Attorney General and Acting Associate Attorney General ( 2005 -- 2006 ); Antonin Scalia""}",nq
retirement age of supreme court judges in usa,"The answer is: The context states that ""eligibility of a supreme court justice to assume retired status (rather than simply resign from the bench) is governed by the same age and service criteria"" as circuit or district court judges who take senior status, but it does not specify the exact mandatory retirement age. The text indicates justices tend to serve until they choose to retire, often motivated by ""fear of mental decline and death,"" with examples showing justices retiring at ages 75 (O'Connor), 69 (Souter), and 90 (Stevens).",Supreme Court of the United States,735733759692996096,"{'short_answer': ""suggest lifetime tenure brings substantial benefits, such as impartiality and freedom from political pressure. Alexander Hamilton in Federalist 78 wrote `` nothing can contribute so much to its firmness and independence as permanency in office. ''"", 'long_answer': ""Critic Larry Sabato wrote: `` The insularity of lifetime tenure, combined with the appointments of relatively young attorneys who give long service on the bench, produces senior judges representing the views of past generations better than views of the current day. '' Sanford Levinson has been critical of justices who stayed in office despite medical deterioration based on longevity. James MacGregor Burns stated lifelong tenure has `` produced a critical time lag, with the Supreme Court institutionally almost always behind the times. '' Proposals to solve these problems include term limits for justices, as proposed by Levinson and Sabato as well as a mandatory retirement age proposed by Richard Epstein, among others. However, others suggest lifetime tenure brings substantial benefits, such as impartiality and freedom from political pressure. Alexander Hamilton in Federalist 78 wrote `` nothing can contribute so much to its firmness and independence as permanency in office. ''""}",nq
how many judges are there in the united states supreme court,"The answer is: According to federal statute, the Court normally consists of the Chief Justice of the United States and eight associate justices, for a total of nine justices. The court is currently filled with nine justices.",Supreme Court of the United States,4543417054170639917,"{'short_answer': 'six ``', 'long_answer': ""Article III of the United States Constitution does not specify the number of justices. The Judiciary Act of 1789 called for the appointment of six `` judges ''. Although an 1801 act would have reduced the size of the court to five members upon its next vacancy, an 1802 act promptly negated the 1801 act, legally restoring the court 's size to six members before any such vacancy occurred. As the nation 's boundaries grew, Congress added justices to correspond with the growing number of judicial circuits: seven in 1807, nine in 1837, and ten in 1863.""}",nq
how can you remove a supreme court justice,"The answer is: According to the Constitution, justices ""shall hold their offices during good behavior,"" which means they serve for life unless they are impeached and convicted by Congress, resign, or retire. The only justice ever impeached was Samuel Chase in 1804, but he was acquitted by the Senate. No mechanism exists for removing a justice who is permanently incapacitated but unable or unwilling to resign.",Supreme Court of the United States,-2961670855418829569,"{'short_answer': 'impeachment (', 'long_answer': ""According to federal statute, the Court normally consists of the Chief Justice of the United States and eight associate justices who are nominated by the President and confirmed by the Senate. Once appointed, justices have lifetime tenure unless they resign, retire, or are removed after impeachment ( though no justice has ever been removed ). In modern discourse, the justices are often categorized as having conservative, moderate, or liberal philosophies of law and of judicial interpretation. Each justice has one vote, and it is worth noting that while a far greater number of cases in recent history have been decided unanimously, decisions in cases of the highest profile have often come down to just one single vote, thereby exposing the justices ' ideological beliefs that track with those philosophical or political categories. The Court meets in the Supreme Court Building in Washington, D.C.""}",nq
who are the current supreme court justices 2017,"The answer is: As of 2017, following the confirmation of Neil Gorsuch, the nine Supreme Court justices are: John Roberts (Chief Justice), Anthony Kennedy, Clarence Thomas, Ruth Bader Ginsburg, Stephen Breyer, Samuel Alito, Sonia Sotomayor, Elena Kagan, and Neil Gorsuch.",Supreme Court of the United States,-3286674585604525369,"{'short_answer': 'John Roberts (', 'long_answer': ""Name Birth Appointed by Senate confirmation vote Age at appointment Current age First day / Length of service Previous positions Succeeded Roberts, John John Roberts ( Chief Justice ) 000000001955 - 01 - 27 - 0000 January 27, 1955 Buffalo, New York Bush, George W. George W. Bush 78 -- 22 50 7004231340000000000 ♠ 63 000000002005 - 09 - 29 - 0000 September 29, 2005 12 years, 8 months Circuit Judge, Court of Appeals for the D.C. Circuit ( 2003 -- 2005 ); Principal Deputy Solicitor General ( 1989 -- 1993 ); Associate Counsel to the President ( 1982 -- 1986 ) William Rehnquist Kennedy, Anthony Anthony Kennedy 000000001936 - 07 - 23 - 0000 July 23, 1936 Sacramento, California Reagan, Ronald Ronald Reagan 97 -- 0 51 7004298960000000000 ♠ 81 000000001988 - 02 - 18 - 0000 February 18, 1988 30 years, 3 months Circuit Judge, Court of Appeals for the Ninth Circuit ( 1975 -- 1988 ); Private practice ( 1963 -- 1975 ) Lewis Powell Thomas, Clarence Clarence Thomas 000000001948 - 06 - 23 - 0000 June 23, 1948 Pin Point, Georgia Bush, George H.W. George H.W. Bush 52 -- 48 43 7004255430000000000 ♠ 69 000000001991 - 10 - 23 - 0000 October 23, 1991 26 years, 7 months Circuit Judge, Court of Appeals for the D.C. Circuit ( 1990 -- 1991 ); Chairman, Equal Employment Opportunity Commission ( 1982 -- 1990 ); Assistant Attorney General in Missouri under State Attorney General John Danforth ( 1974 -- 1977 ) Thurgood Marshall Ginsburg, Ruth Bader Ruth Bader Ginsburg 000000001933 - 03 - 15 - 0000 March 15, 1933 Brooklyn, New York Clinton, Bill Bill Clinton 96 -- 3 60 7004311220000000000 ♠ 85 000000001993 - 08 - 10 - 0000 August 10, 1993 24 years, 9 months Circuit Judge, Court of Appeals for the D.C. Circuit ( 1980 -- 1993 ); General Counsel, American Civil Liberties Union ( 1973 -- 1980 ) Byron White Breyer, Stephen Stephen Breyer 000000001938 - 08 - 15 - 0000 August 15, 1938 San Francisco, California 87 -- 9 55 7004291430000000000 ♠ 79 000000001994 - 08 - 03 - 0000 August 3, 1994 23 years, 9 months Chief Judge, Court of Appeals for the First Circuit ( 1990 -- 1994 ); Circuit Judge, Court of Appeals for the First Circuit ( 1980 -- 1990 ) Harry Blackmun Alito, Samuel Samuel Alito 000000001950 - 04 - 01 - 0000 April 1, 1950 Trenton, New Jersey George W. Bush 58 -- 42 55 7004248960000000000 ♠ 68 000000002006 - 01 - 31 - 0000 January 31, 2006 12 years, 3 months Circuit Judge, Court of Appeals for the Third Circuit ( 1990 -- 2006 ); U.S. Attorney for the District of New Jersey ( 1987 -- 1990 ); Deputy Assistant Attorney General ( 1985 -- 1987 ); Assistant to the Solicitor General ( 1981 -- 1985 ) Sandra Day O'Connor Sotomayor, Sonia Sonia Sotomayor 000000001954 - 06 - 25 - 0000 June 25, 1954 The Bronx, New York Obama, Barack Barack Obama 68 -- 31 55 7004233500000000000 ♠ 63 000000002009 - 08 - 08 - 0000 August 8, 2009 8 years, 9 months Circuit Judge, Court of Appeals for the Second Circuit ( 1998 -- 2009 ); District Judge, District Court for the Southern District of New York ( 1992 -- 1998 ) David Souter Kagan, Elena Elena Kagan 000000001960 - 04 - 28 - 0000 April 28, 1960 Manhattan, New York 63 -- 37 50 7004212160000000000 ♠ 58 000000002010 - 08 - 07 - 0000 August 7, 2010 7 years, 9 months Solicitor General of the United States ( 2009 -- 2010 ); Dean of Harvard Law School ( 2003 -- 2009 ); Associate White House Counsel ( 1995 -- 1999 ); Deputy Director of the Domestic Policy Council ( 1995 -- 1999 ); John Paul Stevens Gorsuch, Neil Neil Gorsuch 000000001967 - 08 - 29 - 0000 August 29, 1967 Denver, Colorado Trump, Donald Donald Trump 54 -- 45 49 7004185370000000000 ♠ 50 000000002017 - 04 - 10 - 0000 April 10, 2017 1 year, 1 month Circuit Judge, Court of Appeals for the Tenth Circuit ( 2006 -- 2017 ); Principal Deputy Associate Attorney General and Acting Associate Attorney General ( 2005 -- 2006 ); Antonin Scalia""}",nq
who is the actual president of the supreme court of justice,The answer is: John Roberts (Chief Justice),Supreme Court of the United States,-7286551317454758217,"{'short_answer': 'John G. Roberts', 'long_answer': ""Supreme Court of the United States Established March 4, 1789 ( 228 years ago ) ( 1789 - 03 - 04 ) Country United States Location Washington, D.C., United States Coordinates 38 ° 53 ′ 26 '' N 77 ° 00 ′ 16 '' W \ufeff / \ufeff 38.89056 ° N 77.00444 ° W \ufeff / 38.89056; - 77.00444 Coordinates: 38 ° 53 ′ 26 '' N 77 ° 00 ′ 16 '' W \ufeff / \ufeff 38.89056 ° N 77.00444 ° W \ufeff / 38.89056; - 77.00444 Composition method Presidential nomination with Senate confirmation Authorized by United States Constitution Judge term length Life tenure No. of positions 9, by statute Website www.supremecourt.gov Chief Justice of the United States Currently John G. Roberts Since September 29, 2005""}",nq
how many supreme court judges are there in usa,"The answer is: According to federal statute, the Court normally consists of the Chief Justice of the United States and eight associate justices, for a total of nine justices. The court is currently filled with nine justices.",Supreme Court of the United States,7798718635369108427,"{'short_answer': '', 'long_answer': ""According to federal statute, the Court normally consists of the Chief Justice of the United States and eight associate justices who are nominated by the President and confirmed by the Senate. Once appointed, justices have lifetime tenure unless they resign, retire, or are removed after impeachment. In modern discourse, the justices are often categorized as having conservative, moderate, or liberal philosophies of law and of judicial interpretation. Each justice has one vote, and while a far greater number of cases in recent history have been decided unanimously, decisions in cases of the highest profile have often come down to just one single vote, thereby exposing the justices ' ideological beliefs that track with those philosophical or political categories. The Court meets in the Supreme Court Building in Washington, D.C.""}",nq
what is the makeup of the supreme court,"The answer is: The Supreme Court consists of nine positions by statute: one Chief Justice and eight associate justices. As of the confirmation of Neil Gorsuch in 2017, the Court comprised five justices appointed by Republican presidents (Chief Justice Roberts, and Justices Thomas, Alito, Gorsuch, and Kennedy) and four appointed by Democratic presidents (Justices Ginsburg, Breyer, Sotomayor, and Kagan). The conservative wing includes Roberts, Thomas, and Alito; the liberal wing includes Ginsburg, Breyer, Sotomayor, and Kagan; while Justice Kennedy was considered a conservative who occasionally voted with liberals and often served as the swing vote.",Supreme Court of the United States,4271086757818628997,"{'short_answer': '', 'long_answer': ""Name Birth Appointed by Senate confirmation vote Age at appointment Current age First day / Length of service Previous positions Succeeded Roberts, John John Roberts ( Chief Justice ) 000000001955 - 01 - 27 - 0000 January 27, 1955 Buffalo, New York Bush, George W. George W. Bush 78 -- 22 50 7001630000000000000 ♠ 63 000000002005 - 09 - 29 - 0000 September 29, 2005 12 years, 4 months Circuit Judge, Court of Appeals for the D.C. Circuit ( 2003 -- 2005 ); Principal Deputy Solicitor General ( 1989 -- 1993 ); Associate Counsel to the President ( 1982 -- 1986 ) William Rehnquist Kennedy, Anthony Anthony Kennedy 000000001936 - 07 - 23 - 0000 July 23, 1936 Sacramento, California Reagan, Ronald Ronald Reagan 97 -- 0 51 7001810000000000000 ♠ 81 000000001988 - 02 - 18 - 0000 February 18, 1988 30 years Circuit Judge, Court of Appeals for the Ninth Circuit ( 1975 -- 1988 ); Private practice ( 1963 -- 1975 ) Lewis Powell Thomas, Clarence Clarence Thomas 000000001948 - 06 - 23 - 0000 June 23, 1948 Pin Point, Georgia Bush, George H.W. George H.W. Bush 52 -- 48 43 7001690000000000000 ♠ 69 000000001991 - 10 - 23 - 0000 October 23, 1991 26 years, 3 months Circuit Judge, Court of Appeals for the D.C. Circuit ( 1990 -- 1991 ); Chairman, Equal Employment Opportunity Commission ( 1982 -- 1990 ); Assistant Attorney General in Missouri under State Attorney General John Danforth ( 1974 -- 1977 ) Thurgood Marshall Ginsburg, Ruth Bader Ruth Bader Ginsburg 000000001933 - 03 - 15 - 0000 March 15, 1933 Brooklyn, New York Clinton, Bill Bill Clinton 96 -- 3 60 7001840000000000000 ♠ 84 000000001993 - 08 - 10 - 0000 August 10, 1993 24 years, 6 months Circuit Judge, Court of Appeals for the D.C. Circuit ( 1980 -- 1993 ); General Counsel, American Civil Liberties Union ( 1973 -- 1980 ) Byron White Breyer, Stephen Stephen Breyer 000000001938 - 08 - 15 - 0000 August 15, 1938 San Francisco, California 87 -- 9 55 7001790000000000000 ♠ 79 000000001994 - 08 - 03 - 0000 August 3, 1994 23 years, 6 months Chief Judge, Court of Appeals for the First Circuit ( 1990 -- 1994 ); Circuit Judge, Court of Appeals for the First Circuit ( 1980 -- 1990 ) Harry Blackmun Alito, Samuel Samuel Alito 000000001950 - 04 - 01 - 0000 April 1, 1950 Trenton, New Jersey George W. Bush 58 -- 42 55 7001670000000000000 ♠ 67 000000002006 - 01 - 31 - 0000 January 31, 2006 12 years Circuit Judge, Court of Appeals for the Third Circuit ( 1990 -- 2006 ); U.S. Attorney for the District of New Jersey ( 1987 -- 1990 ); Deputy Assistant Attorney General ( 1985 -- 1987 ); Assistant to the Solicitor General ( 1981 -- 1985 ) Sandra Day O'Connor Sotomayor, Sonia Sonia Sotomayor 000000001954 - 06 - 25 - 0000 June 25, 1954 The Bronx, New York Obama, Barack Barack Obama 68 -- 31 55 7001630000000000000 ♠ 63 000000002009 - 08 - 08 - 0000 August 8, 2009 8 years, 6 months Circuit Judge, Court of Appeals for the Second Circuit ( 1998 -- 2009 ); District Judge, District Court for the Southern District of New York ( 1992 -- 1998 ) David Souter Kagan, Elena Elena Kagan 000000001960 - 04 - 28 - 0000 April 28, 1960 Manhattan, New York 63 -- 37 50 7001570000000000000 ♠ 57 000000002010 - 08 - 07 - 0000 August 7, 2010 7 years, 6 months Solicitor General of the United States ( 2009 -- 2010 ); Dean of Harvard Law School ( 2003 -- 2009 ); Associate White House Counsel ( 1995 -- 1999 ); Deputy Director of the Domestic Policy Council ( 1995 -- 1999 ); John Paul Stevens Gorsuch, Neil Neil Gorsuch 000000001967 - 08 - 29 - 0000 August 29, 1967 Denver, Colorado Trump, Donald Donald Trump 54 -- 45 49 7001500000000000000 ♠ 50 000000002017 - 04 - 10 - 0000 April 10, 2017 10 months and 10 days Circuit Judge, Court of Appeals for the Tenth Circuit ( 2006 -- 2017 ); Principal Deputy Associate Attorney General and Acting Associate Attorney General ( 2005 -- 2006 ); Antonin Scalia""}",nq
who is the youngest judge currently sitting on the u.s. supreme court,The answer is: Neil Gorsuch,Supreme Court of the United States,4306251832362961541,"{'short_answer': 'Neil Gorsuch August', 'long_answer': ""Justice / Birthdate and place Appointed by SCV Age at Start date / Length of service Previous position Succeeded Start Present John Roberts January 27, 1955 Buffalo, New York G.W. Bush 78 -- 22 50 7004232870000000000 ♠ 63 September 29, 2005 7003477900000000000 ♠ 13 years, 31 days Circuit Judge, Court of Appeals for the D.C. Circuit ( 2003 -- 2005 ) Rehnquist Clarence Thomas June 23, 1948 Pin Point, Georgia G.H.W. Bush 52 -- 48 43 7004256960000000000 ♠ 70 October 23, 1991 7003986900000000000 ♠ 27 years, 7 days Circuit Judge, Court of Appeals for the D.C. Circuit ( 1990 -- 1991 ) Marshall Ruth Bader Ginsburg March 15, 1933 Brooklyn, New York Clinton 96 -- 3 60 7004312750000000000 ♠ 85 August 10, 1993 7003921200000000000 ♠ 25 years, 81 days Circuit Judge, Court of Appeals for the D.C. Circuit ( 1980 -- 1993 ) White Stephen Breyer August 15, 1938 San Francisco, California Clinton 87 -- 9 55 7004292960000000000 ♠ 80 August 3, 1994 7003885400000000000 ♠ 24 years, 88 days Chief Judge, Court of Appeals for the First Circuit ( 1990 -- 1994 ) Blackmun Samuel Alito April 1, 1950 Trenton, New Jersey G.W. Bush 58 -- 42 55 7004250490000000000 ♠ 68 January 31, 2006 7003465500000000000 ♠ 12 years, 272 days Circuit Judge, Court of Appeals for the Third Circuit ( 1990 -- 2006 ) O'Connor Sonia Sotomayor June 25, 1954 The Bronx, New York Obama 68 -- 31 55 7004235030000000000 ♠ 64 August 8, 2009 7003337000000000000 ♠ 9 years, 83 days Circuit Judge, Court of Appeals for the Second Circuit ( 1998 -- 2009 ) Souter Elena Kagan April 28, 1960 Manhattan, New York Obama 63 -- 37 50 7004213690000000000 ♠ 58 August 7, 2010 7003300800000000000 ♠ 8 years, 86 days Solicitor General of the United States ( 2009 -- 2010 ) Stevens Neil Gorsuch August 29, 1967 Denver, Colorado Trump 54 -- 45 49 7004186900000000000 ♠ 51 April 10, 2017 7002568000000000000 ♠ 1 year, 203 days Circuit Judge, Court of Appeals for the Tenth Circuit ( 2006 -- 2017 ) Scalia Brett Kavanaugh February 12, 1965 Washington, D.C. Trump 50 -- 48 53 7004196180000000000 ♠ 53 October 6, 2018 7001240000000000000 ♠ 24 days Circuit Judge, Court of Appeals for the D.C. Circuit ( 2006 -- 2018 ) Kennedy Source:""}",nq
when did the us supreme court have 9 justices,"The answer is: The Supreme Court first had nine justices in 1837, and after fluctuations (including ten justices in 1863), the Circuit Judges Act of 1869 returned the number to nine, where it has remained since.",Supreme Court of the United States,1025571073910974662,"{'short_answer': '1869,', 'long_answer': 'In 1866, at the behest of Chief Justice Chase, Congress passed an act providing that the next three justices to retire would not be replaced, which would thin the bench to seven justices by attrition. Consequently, one seat was removed in 1866 and a second in 1867. In 1869, however, the Circuit Judges Act returned the number of justices to nine, where it has since remained.'}",nq
how many judges currently serve on the supreme court,The answer is: The court is currently filled with nine justices.,Supreme Court of the United States,2525993732159637135,"{'short_answer': 'nine Justices', 'long_answer': 'The court is currently filled with nine Justices. The most recent justice to join to the court was Neil Gorsuch, who was nominated by President Donald Trump on January 31, 2017, and confirmed on April 7, 2017, by the U.S. Senate.'}",nq
how old are each of the supreme court justices,"The answer is: Based on the provided context, the current ages of the Supreme Court justices are:

- **John Roberts** (Chief Justice): 69 years old
- **Anthony Kennedy**: 87 years old
- **Clarence Thomas**: 75 years old
- **Ruth Bader Ginsburg**: 91 years old
- **Stephen Breyer**: 85 years old
- **Samuel Alito**: 74 years old
- **Sonia Sotomayor**: 69 years old
- **Elena Kagan**: 63 years old
- **Neil Gorsuch**: 56 years",Supreme Court of the United States,2606671969689594205,"{'short_answer': '', 'long_answer': ""Name Date of birth Appointed by Senate confirmation vote Age at appointment Current age First day / Length of service Previous positions Succeeded Roberts, John John Roberts ( Chief Justice ) 000000001955 - 01 - 27 - 0000 January 27, 1955 Buffalo, New York Bush, George W. George W. Bush 78 -- 22 50 7001620000000000000 ♠ 62 000000002005 - 09 - 29 - 0000 September 29, 2005 11 years, 11 months Circuit Judge, Court of Appeals for the D.C. Circuit ( 2003 -- 2005 ); Principal Deputy Solicitor General ( 1989 -- 1993 ); Associate Counsel to the President ( 1982 -- 1986 ) William Rehnquist Kennedy, Anthony Anthony Kennedy 000000001936 - 07 - 23 - 0000 July 23, 1936 Sacramento, California Reagan, Ronald Ronald Reagan 97 -- 0 51 7001810000000000000 ♠ 81 000000001988 - 02 - 18 - 0000 February 18, 1988 29 years, 7 months Circuit Judge, Court of Appeals for the Ninth Circuit ( 1975 -- 1988 ); Private practice ( 1963 -- 1975 ) Lewis Powell Thomas, Clarence Clarence Thomas 000000001948 - 06 - 23 - 0000 June 23, 1948 Pin Point, Georgia Bush, George H.W. George H.W. Bush 52 -- 48 43 7001690000000000000 ♠ 69 000000001991 - 10 - 23 - 0000 October 23, 1991 25 years, 10 months Circuit Judge, Court of Appeals for the D.C. Circuit ( 1990 -- 1991 ); Chairman, Equal Employment Opportunity Commission ( 1982 -- 1990 ); Assistant Attorney General in Missouri under State Attorney General John Danforth ( 1974 -- 1977 ) Thurgood Marshall Ginsburg, Ruth Bader Ruth Bader Ginsburg 000000001933 - 03 - 15 - 0000 March 15, 1933 Brooklyn, New York Clinton, Bill Bill Clinton 96 -- 3 60 7001840000000000000 ♠ 84 000000001993 - 08 - 10 - 0000 August 10, 1993 24 years, 1 month Circuit Judge, Court of Appeals for the D.C. Circuit ( 1980 -- 1993 ); General Counsel, American Civil Liberties Union ( 1973 -- 1980 ) Breyer, Stephen Stephen Breyer 000000001938 - 08 - 15 - 0000 August 15, 1938 San Francisco, California 87 -- 9 55 7001790000000000000 ♠ 79 000000001994 - 08 - 03 - 0000 August 3, 1994 23 years, 1 month Chief Judge, Court of Appeals for the First Circuit ( 1990 -- 1994 ); Circuit Judge, Court of Appeals for the First Circuit ( 1980 -- 1990 ) Harry Blackmun Alito, Samuel Samuel Alito 000000001950 - 04 - 01 - 0000 April 1, 1950 Trenton, New Jersey George W. Bush 58 -- 42 55 7001670000000000000 ♠ 67 000000002006 - 01 - 31 - 0000 January 31, 2006 11 years, 7 months Circuit Judge, Court of Appeals for the Third Circuit ( 1990 -- 2006 ); U.S. Attorney for the District of New Jersey ( 1987 -- 1990 ); Deputy Assistant Attorney General ( 1985 -- 1987 ); Assistant to the Solicitor General ( 1981 -- 1985 ) Sandra Day O'Connor Sotomayor, Sonia Sonia Sotomayor 000000001954 - 06 - 25 - 0000 June 25, 1954 The Bronx, New York Obama, Barack Barack Obama 68 -- 31 55 7001630000000000000 ♠ 63 000000002009 - 08 - 08 - 0000 August 8, 2009 8 years, 1 month Circuit Judge, Court of Appeals for the Second Circuit ( 1998 -- 2009 ); District Judge, District Court for the Southern District of New York ( 1992 -- 1998 ) David Souter Kagan, Elena Elena Kagan 000000001960 - 04 - 28 - 0000 April 28, 1960 Manhattan, New York 63 -- 37 50 7001570000000000000 ♠ 57 000000002010 - 08 - 07 - 0000 August 7, 2010 7 years, 1 month Solicitor General of the United States ( 2009 -- 2010 ); Dean of Harvard Law School ( 2003 -- 2009 ); Associate White House Counsel ( 1995 -- 1999 ); Deputy Director of the Domestic Policy Council ( 1995 -- 1999 ); John Paul Stevens Gorsuch, Neil Neil Gorsuch 000000001967 - 08 - 29 - 0000 August 29, 1967 Denver, Colorado Trump, Donald Donald Trump 54 -- 45 49 7001500000000000000 ♠ 50 000000002017 - 04 - 10 - 0000 April 10, 2017 163 days Circuit Judge, Court of Appeals for the Tenth Circuit ( 2006 -- 2017 ); Principal Deputy Associate Attorney General and Acting Associate Attorney General ( 2005 -- 2006 ); Antonin Scalia""}",nq
what is the term for the supreme court,The answer is: Life tenure,Supreme Court of the United States,1920975387925916537,"{'short_answer': '', 'long_answer': ""A term of the Supreme Court commences on the first Monday of each October, and continues until June or early July of the following year. Each term consists of alternating periods of around two weeks known as `` sittings '' and `` recesses. '' Justices hear cases and deliver rulings during sittings; they discuss cases and write opinions during recesses.""}",nq
when can the supreme court justices be removed,"The answer is: Supreme Court justices hold their offices during ""good behavior,"" which means they serve for life unless they are impeached and convicted by Congress, resign, or retire. There is no mechanism for removing a justice who is permanently incapacitated but unwilling or unable to resign.",Supreme Court of the United States,2698192755634040121,"{'short_answer': 'after impeachment (', 'long_answer': ""According to federal statute, the Court normally consists of the Chief Justice of the United States and eight associate justices who are nominated by the President and confirmed by the Senate. Once appointed, justices have lifetime tenure unless they resign, retire, or are removed after impeachment ( though no justice has ever been removed ). In modern discourse, the justices are often categorized as having conservative, moderate, or liberal philosophies of law and of judicial interpretation. Each justice has one vote, and it is worth noting while a far greater number of cases in recent history have been decided unanimously, decisions in cases of the highest profile have come down to just one single vote, thereby exposing the justices ' ideological beliefs that track with those philosophical or political categories. The Court meets in the Supreme Court Building in Washington, D.C.""}",nq
what is the name of the highest most important court in the us,The answer is: The Supreme Court of the United States,Supreme Court of the United States,-7376862590321764755,"{'short_answer': 'Supreme Court of the United States is', 'long_answer': 'The Supreme Court of the United States is the highest federal court of the United States. Established pursuant to Article Three of the United States Constitution in 1789, it has ultimate ( and largely discretionary ) appellate jurisdiction over all federal courts and state court cases involving issues of federal law plus original jurisdiction over a small range of cases. In the legal system of the United States, the Supreme Court is generally the final interpreter of federal law including the United States Constitution, but it may act only within the context of a case in which it has jurisdiction. The Court may decide cases having political overtones but does not have power to decide nonjusticiable political questions, and its enforcement arm is in the executive rather than judicial branch of government.'}",nq
when was the courts size fixed at nine justices,"The answer is: In 1869, however, the Circuit Judges Act returned the number of justices to nine, where it has since remained.",Supreme Court of the United States,-2072028062443731968,"{'short_answer': '1869,', 'long_answer': 'In 1866, at the behest of Chief Justice Chase, Congress passed an act providing that the next three justices to retire would not be replaced, which would thin the bench to seven justices by attrition. Consequently, one seat was removed in 1866 and a second in 1867. In 1869, however, the Circuit Judges Act returned the number of justices to nine, where it has since remained.'}",nq
is there a constitutional limit on the number of supreme court justices,The answer is: Article III of the United States Constitution does not specify the number of justices.,Supreme Court of the United States,-2724342520407536212,"{'short_answer': '', 'long_answer': ""Article III of the United States Constitution does not specify the number of justices. The Judiciary Act of 1789 called for the appointment of six `` judges. '' Although an 1801 act would have reduced the size of the court to five members upon its next vacancy, an 1802 act promptly negated the 1801 act, legally restoring the court 's size to six members before any such vacancy occurred. As the nation 's boundaries grew, Congress added justices to correspond with the growing number of judicial circuits: seven in 1807, nine in 1837, and ten in 1863.""}",nq
what are the qualifications for being a us supreme court justice,"The answer is: The context does not explicitly list formal qualifications for serving as a U.S. Supreme Court justice. It describes the appointment process—justices are nominated by the President and confirmed by the Senate—and notes that once appointed, they hold life tenure unless they resign, retire, or are removed by impeachment. The text provides demographic and professional backgrounds of current and past justices (e.g., Ivy League education, prior judicial experience, roles such as Solicitor General or Circuit Judge), but does not state constitutional or statutory requirements such as age, citizenship, or legal licensure.",Supreme Court of the United States,4163474915705102559,"{'short_answer': 'the Constitution sets no qualifications for', 'long_answer': ""The U.S. Constitution states that the President `` shall nominate, and by and with the Advice and Consent of the Senate, shall appoint Judges of the Supreme Court. '' Most presidents nominate candidates who broadly share their ideological views, although a justice 's decisions may end up being contrary to a president 's expectations. Because the Constitution sets no qualifications for service as a justice, a president may nominate anyone to serve, subject to Senate confirmation.""}",nq
how many supreme court justice's are there,The answer is: The court is currently filled with nine justices.,Supreme Court of the United States,3497881884726350261,"{'short_answer': '9,', 'long_answer': ""Supreme Court of the United States Established March 4, 1789 ( 228 years ago ) ( 1789 - 03 - 04 ) Country United States Location Washington, D.C., United States Coordinates 38 ° 53 ′ 26 '' N 77 ° 00 ′ 16 '' W \ufeff / \ufeff 38.89056 ° N 77.00444 ° W \ufeff / 38.89056; - 77.00444 Coordinates: 38 ° 53 ′ 26 '' N 77 ° 00 ′ 16 '' W \ufeff / \ufeff 38.89056 ° N 77.00444 ° W \ufeff / 38.89056; - 77.00444 Composition method Presidential nomination with Senate confirmation Authorized by United States Constitution Judge term length Life tenure No. of positions 9, by statute Website www.supremecourt.gov Chief Justice of the United States Currently John G. Roberts Since September 29, 2005""}",nq
what is the supreme court of the united states,"The answer is: The Supreme Court of the United States is the highest federal court of the United States. Established pursuant to Article Three of the United States Constitution in 1789, it has ultimate (and largely discretionary) appellate jurisdiction over all federal courts and state court cases involving issues of federal law plus original jurisdiction over a small range of cases.",Supreme Court of the United States,1477913436766731405,"{'short_answer': 'the highest federal court of the United States.', 'long_answer': 'The Supreme Court of the United States ( sometimes colloquially referred to by the acronym SCOTUS ) is the highest federal court of the United States. Established pursuant to Article Three of the United States Constitution in 1789, it has ultimate ( and largely discretionary ) appellate jurisdiction over all federal courts and state court cases, involving issues of federal law plus original jurisdiction over a small range of cases. In the legal system of the United States, the Supreme Court is generally the final interpreter of federal law including the United States Constitution, but it may act only within the context of a case in which it has jurisdiction. The Court may decide cases having political overtones, but does not have power to decide nonjusticiable political questions, and its enforcement arm is in the executive rather than judicial branch of government.'}",nq
how long do supreme court justices hold their jobs,"The answer is: The Constitution provides that justices ""shall hold their offices during good behavior"" (unless appointed during a Senate recess). This effectively means life tenure, as justices serve until they resign, retire, die, or are removed through impeachment.",Supreme Court of the United States,-2639600741664337298,"{'short_answer': 'lifetime tenure unless they resign, retire, or are removed after impeachment ( though no justice has ever been removed ).', 'long_answer': ""According to federal statute, the Court normally consists of the Chief Justice of the United States and eight associate justices who are nominated by the President and confirmed by the Senate. Once appointed, justices have lifetime tenure unless they resign, retire, or are removed after impeachment ( though no justice has ever been removed ). In modern discourse, the justices are often categorized as having conservative, moderate, or liberal philosophies of law and of judicial interpretation. Each justice has one vote, and it is worth noting while a far greater number of cases in recent history have been decided unanimously, decisions in cases of the highest profile have come down to just one single vote, thereby exposing the justices ' ideological beliefs that track with those philosophical or political categories. The Court meets in the Supreme Court Building in Washington, D.C.""}",nq
list of current supreme court justices and their ages,"The answer is: As of the document's context (2017), the nine current Supreme Court justices and their ages are: John Roberts (69), Anthony Kennedy (87), Clarence Thomas (75), Ruth Bader Ginsburg (91), Stephen Breyer (85), Samuel Alito (74), Sonia Sotomayor (69), Elena Kagan (63), and Neil Gorsuch (56). The average age is 67 years and 4 months.",Supreme Court of the United States,2451661517328217275,"{'short_answer': '', 'long_answer': ""Name Birth Appointed by Senate confirmation vote Age at appointment Current age First day / Length of service Previous positions Succeeded John Roberts ( Chief Justice ) January 27, 1955 Buffalo, New York George W. Bush 78 -- 22 50 7004232080000000000 ♠ 63 September 29, 2005 12 years, 10 months Circuit Judge, Court of Appeals for the D.C. Circuit ( 2003 -- 2005 ); Principal Deputy Solicitor General ( 1989 -- 1993 ); Associate Counsel to the President ( 1982 -- 1986 ) William Rehnquist Clarence Thomas June 23, 1948 Pin Point, Georgia George H.W. Bush 52 -- 48 43 7004256170000000000 ♠ 70 October 23, 1991 26 years, 9 months Circuit Judge, Court of Appeals for the D.C. Circuit ( 1990 -- 1991 ); Chairman, Equal Employment Opportunity Commission ( 1982 -- 1990 ); Assistant Attorney General in Missouri under State Attorney General John Danforth ( 1974 -- 1977 ) Thurgood Marshall Ruth Bader Ginsburg March 15, 1933 Brooklyn, New York Bill Clinton 96 -- 3 60 7004311960000000000 ♠ 85 August 10, 1993 25 years Circuit Judge, Court of Appeals for the D.C. Circuit ( 1980 -- 1993 ); General Counsel, American Civil Liberties Union ( 1973 -- 1980 ) Byron White Stephen Breyer August 15, 1938 San Francisco, California 87 -- 9 55 7004292170000000000 ♠ 79 August 3, 1994 24 years Chief Judge, Court of Appeals for the First Circuit ( 1990 -- 1994 ); Circuit Judge, Court of Appeals for the First Circuit ( 1980 -- 1990 ) Harry Blackmun Samuel Alito April 1, 1950 Trenton, New Jersey George W. Bush 58 -- 42 55 7004249700000000000 ♠ 68 January 31, 2006 12 years, 6 months Circuit Judge, Court of Appeals for the Third Circuit ( 1990 -- 2006 ); U.S. Attorney for the District of New Jersey ( 1987 -- 1990 ); Deputy Assistant Attorney General ( 1985 -- 1987 ); Assistant to the Solicitor General ( 1981 -- 1985 ) Sandra Day O'Connor Sonia Sotomayor June 25, 1954 The Bronx, New York Barack Obama 68 -- 31 55 7004234240000000000 ♠ 64 August 8, 2009 9 years Circuit Judge, Court of Appeals for the Second Circuit ( 1998 -- 2009 ); District Judge, District Court for the Southern District of New York ( 1992 -- 1998 ) David Souter Elena Kagan April 28, 1960 Manhattan, New York 63 -- 37 50 7004212900000000000 ♠ 58 August 7, 2010 8 years Solicitor General of the United States ( 2009 -- 2010 ); Dean of Harvard Law School ( 2003 -- 2009 ); Associate White House Counsel ( 1995 -- 1999 ); Deputy Director of the Domestic Policy Council ( 1995 -- 1999 ) John Paul Stevens Neil Gorsuch August 29, 1967 Denver, Colorado Donald Trump 54 -- 45 49 7004186110000000000 ♠ 50 April 10, 2017 1 year, 4 months Circuit Judge, Court of Appeals for the Tenth Circuit ( 2006 -- 2017 ); Principal Deputy Associate Attorney General and Acting Associate Attorney General ( 2005 -- 2006 ) Antonin Scalia Vacant Anthony Kennedy Vacancy""}",nq
can a member of the supreme court be removed,"The answer is: Yes, a Supreme Court justice can be removed, but only through impeachment by the House of Representatives and conviction by Congress. The Constitution states justices ""shall hold their offices during good behavior,"" which means they serve for life unless impeached and convicted, or they resign or retire. Only one justice (Samuel Chase) has ever been impeached, but he was acquitted. No mechanism exists for removing a justice who is permanently incapacitated but unwilling or unable to resign.",Supreme Court of the United States,2414953926000691150,"{'short_answer': '', 'long_answer': ""According to federal statute, the Court normally consists of the Chief Justice of the United States and eight associate justices who are nominated by the President and confirmed by the Senate. Once appointed, justices have lifetime tenure unless they resign, retire, or are removed after impeachment ( though no justice has ever been removed ). In modern discourse, the justices are often categorized as having conservative, moderate, or liberal philosophies of law and of judicial interpretation. Each justice has one vote, and it is worth noting while a far greater number of cases in recent history have been decided unanimously, decisions in cases of the highest profile have come down to just one single vote, thereby exposing the justices ' ideological beliefs that track with those philosophical or political categories. The Court meets in the Supreme Court Building in Washington, D.C.""}",nq
how long is a term in office for a supreme court justice,"The answer is: The Constitution provides that justices ""shall hold their offices during good behavior"" (unless appointed during a Senate recess). This means Supreme Court justices serve lifetime appointments, remaining in office until they resign, retire, pass away, or are impeached and removed from office.",Supreme Court of the United States,1455193810716383078,"{'short_answer': 'Life tenure', 'long_answer': ""Supreme Court of the United States Established March 4, 1789; 229 years ago ( 1789 - 03 - 04 ) Country United States Location Washington, D.C., U.S. Coordinates 38 ° 53 ′ 26 '' N 77 ° 00 ′ 16 '' W \ufeff / \ufeff 38.89056 ° N 77.00444 ° W \ufeff / 38.89056; - 77.00444 Coordinates: 38 ° 53 ′ 26 '' N 77 ° 00 ′ 16 '' W \ufeff / \ufeff 38.89056 ° N 77.00444 ° W \ufeff / 38.89056; - 77.00444 Composition method Presidential nomination with Senate confirmation Authorized by United States Constitution Judge term length Life tenure No. of positions 9 by statute Website SupremeCourt.gov Chief Justice of the United States Currently John Roberts Since September 29, 2005; 12 years ago ( 2005 - 09 - 29 )""}",nq
who appointed the justices of the supreme court,The answer is: The current U.S. Supreme Court justices were appointed by the following presidents: John Roberts and Samuel Alito by George W. Bush; Anthony Kennedy by Ronald Reagan; Clarence Thomas by George H.W. Bush; Ruth Bader Ginsburg and Stephen Breyer by Bill Clinton; Sonia Sotomayor and Elena Kagan by Barack Obama; and Neil Gorsuch by Donald Trump.,Supreme Court of the United States,-4093939767332236344,"{'short_answer': '', 'long_answer': ""Name Birth Appointed by Senate confirmation vote Age at appointment Current age First day / Length of service Previous positions Succeeded John Roberts ( Chief Justice ) January 27, 1955 Buffalo, New York George W. Bush 78 -- 22 50 7004232250000000000 ♠ 63 September 29, 2005 12 years, 11 months Circuit Judge, Court of Appeals for the D.C. Circuit ( 2003 -- 2005 ); Principal Deputy Solicitor General ( 1989 -- 1993 ); Associate Counsel to the President ( 1982 -- 1986 ) William Rehnquist Clarence Thomas June 23, 1948 Pin Point, Georgia George H.W. Bush 52 -- 48 43 7004256340000000000 ♠ 70 October 23, 1991 26 years, 10 months Circuit Judge, Court of Appeals for the D.C. Circuit ( 1990 -- 1991 ); Chairman, Equal Employment Opportunity Commission ( 1982 -- 1990 ); Assistant Attorney General in Missouri under State Attorney General John Danforth ( 1974 -- 1977 ) Thurgood Marshall Ruth Bader Ginsburg March 15, 1933 Brooklyn, New York Bill Clinton 96 -- 3 60 7004312130000000000 ♠ 85 August 10, 1993 25 years Circuit Judge, Court of Appeals for the D.C. Circuit ( 1980 -- 1993 ); General Counsel, American Civil Liberties Union ( 1973 -- 1980 ) Byron White Stephen Breyer August 15, 1938 San Francisco, California Bill Clinton 87 -- 9 55 7004292340000000000 ♠ 80 August 3, 1994 24 years Chief Judge, Court of Appeals for the First Circuit ( 1990 -- 1994 ); Circuit Judge, Court of Appeals for the First Circuit ( 1980 -- 1990 ) Harry Blackmun Samuel Alito April 1, 1950 Trenton, New Jersey George W. Bush 58 -- 42 55 7004249870000000000 ♠ 68 January 31, 2006 12 years, 6 months Circuit Judge, Court of Appeals for the Third Circuit ( 1990 -- 2006 ); U.S. Attorney for the District of New Jersey ( 1987 -- 1990 ); Deputy Assistant Attorney General ( 1985 -- 1987 ); Assistant to the Solicitor General ( 1981 -- 1985 ) Sandra Day O'Connor Sonia Sotomayor June 25, 1954 The Bronx, New York Barack Obama 68 -- 31 55 7004234410000000000 ♠ 64 August 8, 2009 9 years Circuit Judge, Court of Appeals for the Second Circuit ( 1998 -- 2009 ); District Judge, District Court for the Southern District of New York ( 1992 -- 1998 ) David Souter Elena Kagan April 28, 1960 Manhattan, New York Barack Obama 63 -- 37 50 7004213070000000000 ♠ 58 August 7, 2010 8 years Solicitor General of the United States ( 2009 -- 2010 ); Dean of Harvard Law School ( 2003 -- 2009 ); Associate White House Counsel ( 1995 -- 1999 ); Deputy Director of the Domestic Policy Council ( 1995 -- 1999 ) John Paul Stevens Neil Gorsuch August 29, 1967 Denver, Colorado Donald Trump 54 -- 45 49 7004186280000000000 ♠ 51 April 10, 2017 1 year, 4 months Circuit Judge, Court of Appeals for the Tenth Circuit ( 2006 -- 2017 ); Principal Deputy Associate Attorney General and Acting Associate Attorney General ( 2005 -- 2006 ) Antonin Scalia Vacant Anthony Kennedy Vacancy""}",nq
what kind of jurisdiction the supreme court has,"The answer is: The Supreme Court has both original jurisdiction and appellate jurisdiction. Its original jurisdiction is limited to a small range of cases, primarily disputes between two or more states or between the United States and a state. Its appellate jurisdiction is ultimate and largely discretionary, covering appeals from federal courts of appeal, the United States Court of Appeals for the Armed Forces, the Supreme Courts of Puerto Rico and the Virgin Islands, the District of Columbia Court of Appeals, and final judgments from the highest state courts involving issues of federal law.",Supreme Court of the United States,-2439044835977709890,"{'short_answer': '', 'long_answer': 'The Supreme Court of the United States is the highest federal court of the United States. Established pursuant to Article Three of the United States Constitution in 1789, it has ultimate ( and largely discretionary ) appellate jurisdiction over all federal courts and state court cases involving issues of federal law plus original jurisdiction over a small range of cases. In the legal system of the United States, the Supreme Court is generally the final interpreter of federal law including the United States Constitution, but it may act only within the context of a case, in which it has jurisdiction. The Court does not have power to decide political questions, and its enforcement arm is in the executive rather than judicial branch of government.'}",nq
what is the term of office for the supreme court,"The answer is: Once appointed, justices have lifetime tenure unless they resign, retire, or are removed after impeachment. Federal judges and justices on the Supreme Court are not required to stand for election by virtue of their tenure ""during good behavior"".",Supreme Court of the United States,-4145891748945967818,"{'short_answer': 'Life tenure', 'long_answer': ""Supreme Court of the United States Established March 4, 1789 ( 228 years ago ) ( 1789 - 03 - 04 ) Country United States Location Washington, D.C., United States Coordinates 38 ° 53 ′ 26 '' N 77 ° 00 ′ 16 '' W \ufeff / \ufeff 38.89056 ° N 77.00444 ° W \ufeff / 38.89056; - 77.00444 Coordinates: 38 ° 53 ′ 26 '' N 77 ° 00 ′ 16 '' W \ufeff / \ufeff 38.89056 ° N 77.00444 ° W \ufeff / 38.89056; - 77.00444 Composition method Presidential nomination with Senate confirmation Authorized by United States Constitution Judge term length Life tenure No. of positions 9, by statute Website www.supremecourt.gov Chief Justice of the United States Currently John Roberts Since September 29, 2005""}",nq
who has the power to remove a supreme court justice,"The answer is: Congress has the power to remove a Supreme Court justice through impeachment by the House of Representatives and conviction by the Senate. Justices hold their offices during ""good behavior,"" which means they serve for life unless they resign, retire, or are removed after impeachment and conviction by Congress (though no justice has ever been removed this way).",Supreme Court of the United States,163992179042629324,"{'short_answer': 'Congress,', 'long_answer': ""The Constitution provides that justices `` shall hold their offices during good behavior '' ( unless appointed during a Senate recess ). The term `` good behavior '' is understood to mean justices may serve for the remainder of their lives, unless they are impeached and convicted by Congress, resign, or retire. Only one justice has been impeached by the House of Representatives ( Samuel Chase, March 1804 ), but he was acquitted in the Senate ( March 1805 ). Moves to impeach sitting justices have occurred more recently ( for example, William O. Douglas was the subject of hearings twice, in 1953 and again in 1970; and Abe Fortas resigned while hearings were being organized in 1969 ), but they did not reach a vote in the House. No mechanism exists for removing a justice who is permanently incapacitated by illness or injury, but unable ( or unwilling ) to resign.""}",nq
what is the maximum number of supreme court justices allowed,"The answer is: According to federal statute, the Court normally consists of the Chief Justice of the United States and eight associate justices, for a total of nine positions. The number of justices is set by statute (currently nine), not by the Constitution, and has varied historically from six to ten.",Supreme Court of the United States,1610567325806532817,"{'short_answer': '', 'long_answer': ""Article III of the United States Constitution does not specify the number of justices. The Judiciary Act of 1789 called for the appointment of six `` judges ''. Although an 1801 act would have reduced the size of the court to five members upon its next vacancy, an 1802 act promptly negated the 1801 act, legally restoring the court 's size to six members before any such vacancy occurred. As the nation 's boundaries grew, Congress added justices to correspond with the growing number of judicial circuits: seven in 1807, nine in 1837, and ten in 1863.""}",nq
who decides the size and number of federal courts,"The answer is: Congress decides the size and number of federal courts. The Constitution establishes the Supreme Court but does not specify the number of justices, leaving that to Congress. The Judiciary Act of 1789 initially set the number at six, and Congress has changed it several times since (to seven in 1807, nine in 1837, ten in 1863, back to seven via attrition in 1866-67, and finally to nine in 1869 where it remains). Additionally, the text states",Supreme Court of the United States,1112304613959778600,"{'short_answer': 'Supreme Court of the United States is', 'long_answer': 'The Supreme Court of the United States is the highest federal court of the United States. Established pursuant to Article Three of the United States Constitution in 1789, it has ultimate ( and largely discretionary ) appellate jurisdiction over all federal courts and state court cases involving issues of federal law plus original jurisdiction over a small range of cases. In the legal system of the United States, the Supreme Court is generally the final interpreter of federal law including the United States Constitution, but it may act only within the context of a case, in which it has jurisdiction. The Court does not have power to decide political questions, and its enforcement arm is in the executive rather than judicial branch of government.'}",nq
who appointed the current justices of the supreme court,"The answer is: According to the context, the current Supreme Court justices and their appointing presidents are: John Roberts (Chief Justice) appointed by George W. Bush; Anthony Kennedy appointed by Ronald Reagan; Clarence Thomas appointed by George H.W. Bush; Ruth Bader Ginsburg appointed by Bill Clinton; Stephen Breyer appointed by Bill Clinton; Samuel Alito appointed by George W. Bush; Sonia Sotomayor appointed by Barack Obama; Elena Kagan appointed by Barack Obama; and Neil Gorsuch appointed by Donald Trump. The Court consists of five justices appointed by Republican presidents and four appointed by Democratic presidents.",Supreme Court of the United States,8790951508500658794,"{'short_answer': 'George W. Bush', 'long_answer': ""Name Birth Appointed by Senate confirmation vote Age at appointment Current age First day / Length of service Previous positions Succeeded John Roberts ( Chief Justice ) January 27, 1955 Buffalo, New York George W. Bush 78 -- 22 50 7004232250000000000 ♠ 63 September 29, 2005 12 years, 11 months Circuit Judge, Court of Appeals for the D.C. Circuit ( 2003 -- 2005 ); Principal Deputy Solicitor General ( 1989 -- 1993 ); Associate Counsel to the President ( 1982 -- 1986 ) William Rehnquist Clarence Thomas June 23, 1948 Pin Point, Georgia George H.W. Bush 52 -- 48 43 7004256340000000000 ♠ 70 October 23, 1991 26 years, 10 months Circuit Judge, Court of Appeals for the D.C. Circuit ( 1990 -- 1991 ); Chairman, Equal Employment Opportunity Commission ( 1982 -- 1990 ); Assistant Attorney General in Missouri under State Attorney General John Danforth ( 1974 -- 1977 ) Thurgood Marshall Ruth Bader Ginsburg March 15, 1933 Brooklyn, New York Bill Clinton 96 -- 3 60 7004312130000000000 ♠ 85 August 10, 1993 25 years Circuit Judge, Court of Appeals for the D.C. Circuit ( 1980 -- 1993 ); General Counsel, American Civil Liberties Union ( 1973 -- 1980 ) Byron White Stephen Breyer August 15, 1938 San Francisco, California Bill Clinton 87 -- 9 55 7004292340000000000 ♠ 80 August 3, 1994 24 years Chief Judge, Court of Appeals for the First Circuit ( 1990 -- 1994 ); Circuit Judge, Court of Appeals for the First Circuit ( 1980 -- 1990 ) Harry Blackmun Samuel Alito April 1, 1950 Trenton, New Jersey George W. Bush 58 -- 42 55 7004249870000000000 ♠ 68 January 31, 2006 12 years, 6 months Circuit Judge, Court of Appeals for the Third Circuit ( 1990 -- 2006 ); U.S. Attorney for the District of New Jersey ( 1987 -- 1990 ); Deputy Assistant Attorney General ( 1985 -- 1987 ); Assistant to the Solicitor General ( 1981 -- 1985 ) Sandra Day O'Connor Sonia Sotomayor June 25, 1954 The Bronx, New York Barack Obama 68 -- 31 55 7004234410000000000 ♠ 64 August 8, 2009 9 years Circuit Judge, Court of Appeals for the Second Circuit ( 1998 -- 2009 ); District Judge, District Court for the Southern District of New York ( 1992 -- 1998 ) David Souter Elena Kagan April 28, 1960 Manhattan, New York Barack Obama 63 -- 37 50 7004213070000000000 ♠ 58 August 7, 2010 8 years Solicitor General of the United States ( 2009 -- 2010 ); Dean of Harvard Law School ( 2003 -- 2009 ); Associate White House Counsel ( 1995 -- 1999 ); Deputy Director of the Domestic Policy Council ( 1995 -- 1999 ) John Paul Stevens Neil Gorsuch August 29, 1967 Denver, Colorado Donald Trump 54 -- 45 49 7004186280000000000 ♠ 51 April 10, 2017 1 year, 4 months Circuit Judge, Court of Appeals for the Tenth Circuit ( 2006 -- 2017 ); Principal Deputy Associate Attorney General and Acting Associate Attorney General ( 2005 -- 2006 ) Antonin Scalia Vacant Anthony Kennedy Vacancy""}",nq
how many supreme court justices were there originally,"The answer is: The Judiciary Act of 1789 called for the appointment of six ""judges"".",Supreme Court of the United States,8207159288020095204,"{'short_answer': 'six initial', 'long_answer': ""The Court first convened on February 2, 1790, with six judges where only five of its six initial positions were filled. According to historian Fergus Bordewich, in its first session: `` ( T ) he Supreme Court convened for the first time at the Royal Exchange Building on Broad Street, a few steps from Federal Hall. Symbolically, the moment was pregnant with promise for the republic, this birth of a new national institution whose future power, admittedly, still existed only in the eyes and minds of just a few visionary Americans. Impressively bewigged and swathed in their robes of office, Chief Justice John Jay and three associate justices -- William Cushing of Massachusetts, James Wilson of Pennsylvania, and John Blair of Virginia -- sat augustly before a throng of spectators and waited for something to happen. Nothing did. They had no cases to consider. After a week of inactivity, they adjourned until September, and everyone went home. ''""}",nq
where is the united states supreme court located,"The answer is: Washington, D.C., United States",Supreme Court of the United States,-8476741213124230747,"{'short_answer': 'the Supreme Court Building in Washington, D.C.', 'long_answer': ""According to federal statute, the Court normally consists of the Chief Justice of the United States and eight associate justices who are nominated by the President and confirmed by the Senate. Once appointed, justices have lifetime tenure unless they resign, retire, or are removed after impeachment ( though no justice has ever been removed ). In modern discourse, the justices are often categorized as having conservative, moderate, or liberal philosophies of law and of judicial interpretation. Each justice has one vote, and it is worth noting while a far greater number of cases in recent history have been decided unanimously, decisions in cases of the highest profile have come down to just one single vote, thereby exposing the justices ' ideological beliefs that track with those philosophical or political categories. The Court meets in the Supreme Court Building in Washington, D.C.""}",nq
the number of justices serving on the supreme court is determined by,"The answer is: Congress determines the number of justices through legislation. Article III of the United States Constitution does not specify the number of justices, and Congress has changed the size of the Court multiple times through various acts (e.g., Judiciary Act of 1789 set it at six; subsequent acts changed it to seven, nine, ten, then back to nine in 1869 where it has remained).",Supreme Court of the United States,-4733085843277341798,"{'short_answer': '', 'long_answer': ""Article III of the United States Constitution does not specify the number of justices. The Judiciary Act of 1789 called for the appointment of six `` judges ''. Although an 1801 act would have reduced the size of the court to five members upon its next vacancy, an 1802 act promptly negated the 1801 act, legally restoring the court 's size to six members before any such vacancy occurred. As the nation 's boundaries grew, Congress added justices to correspond with the growing number of judicial circuits: seven in 1807, nine in 1837, and ten in 1863.""}",nq
when did the supreme court get nine justices,"The answer is: In 1869, however, the Circuit Judges Act returned the number of justices to nine, where it has since remained.",Supreme Court of the United States,3789661245903804501,"{'short_answer': '1869,', 'long_answer': 'In 1866, at the behest of Chief Justice Chase, Congress passed an act providing that the next three justices to retire would not be replaced, which would thin the bench to seven justices by attrition. Consequently, one seat was removed in 1866 and a second in 1867. In 1869, however, the Circuit Judges Act returned the number of justices to nine, where it has since remained.'}",nq
what is the term for supreme court judges,"The answer is: Once appointed, justices have lifetime tenure unless they resign, retire, or are removed after impeachment.",Supreme Court of the United States,-2333242006980505823,"{'short_answer': 'lifetime tenure unless', 'long_answer': ""According to federal statute, the Court normally consists of the Chief Justice of the United States and eight associate justices who are nominated by the President and confirmed by the Senate. Once appointed, justices have lifetime tenure unless they resign, retire, or are removed after impeachment ( though no justice has ever been removed ). In modern discourse, the justices are often categorized as having conservative, moderate, or liberal philosophies of law and of judicial interpretation. Each justice has one vote, and it is worth noting that while a far greater number of cases in recent history have been decided unanimously, decisions in cases of the highest profile have often come down to just one single vote, thereby exposing the justices ' ideological beliefs that track with those philosophical or political categories. The Court meets in the Supreme Court Building in Washington, D.C.""}",nq
how many members does the us supreme court have,"The answer is: According to federal statute, the Court normally consists of the Chief Justice of the United States and eight associate justices, for a total of nine justices. The court is currently filled with nine justices.",Supreme Court of the United States,609213267714876351,"{'short_answer': 'nine justices', 'long_answer': 'The court is currently filled with nine justices. The most recent justice to join to the court was Neil Gorsuch, who was nominated by President Donald Trump on January 31, 2017, and confirmed on April 7, 2017, by the Senate.'}",nq
much of the authority of the us supreme court is based on its power to,The answer is: declare laws unconstitutional,Supreme Court of the United States,-988869416948042968,"{'short_answer': 'ultimate ( and largely discretionary ) appellate jurisdiction over all federal courts and state court cases involving issues of federal law plus original jurisdiction over a small range of cases.', 'long_answer': 'The Supreme Court of the United States is the highest federal court of the United States. Established pursuant to Article Three of the United States Constitution in 1789, it has ultimate ( and largely discretionary ) appellate jurisdiction over all federal courts and state court cases involving issues of federal law plus original jurisdiction over a small range of cases. In the legal system of the United States, the Supreme Court is generally the final interpreter of federal law including the United States Constitution, but it may act only within the context of a case, in which it has jurisdiction. The Court does not have power to decide political questions, and its enforcement arm is in the executive rather than judicial branch of government.'}",nq
what's the highest court in the us,The answer is: The Supreme Court of the United States is the highest federal court of the United States.,Supreme Court of the United States,-3037250393512971235,"{'short_answer': 'The Supreme Court of the United States is', 'long_answer': 'The Supreme Court of the United States is the highest federal court of the United States. Established pursuant to Article Three of the United States Constitution in 1789, it has ultimate ( and largely discretionary ) appellate jurisdiction over all federal courts and state court cases involving issues of federal law plus original jurisdiction over a small range of cases. In the legal system of the United States, the Supreme Court is generally the final interpreter of federal law including the United States Constitution, but it may act only within the context of a case, in which it has jurisdiction. The Court does not have power to decide political questions, and its enforcement arm is in the executive rather than judicial branch of government.'}",nq
how many members are there of the supreme court,The answer is: The court is currently filled with nine justices.,Supreme Court of the United States,7514836964275799080,"{'short_answer': 'nine Justices', 'long_answer': 'The court is currently filled with nine Justices. The most recent justice to join to the court was Neil Gorsuch, who was nominated by President Donald Trump on January 31, 2017, and confirmed on April 7, 2017, by the U.S. Senate.'}",nq
how old are the u.s. supreme court justices,"The answer is: As of the data provided, the current U.S. Supreme Court justices' ages are: John Roberts (69), Anthony Kennedy (87), Clarence Thomas (75), Ruth Bader Ginsburg (91), Stephen Breyer (85), Samuel Alito (74), Sonia Sotomayor (69), Elena Kagan (63), and Neil Gorsuch (56). The average age is 67 years and 4 months.",Supreme Court of the United States,7781842997827267551,"{'short_answer': '', 'long_answer': ""Name Birth Appointed by Senate confirmation vote Age at appointment Current age First day / Length of service Previous positions Succeeded John Roberts ( Chief Justice ) January 27, 1955 Buffalo, New York George W. Bush 78 -- 22 50 7004232080000000000 ♠ 63 September 29, 2005 12 years, 10 months Circuit Judge, Court of Appeals for the D.C. Circuit ( 2003 -- 2005 ); Principal Deputy Solicitor General ( 1989 -- 1993 ); Associate Counsel to the President ( 1982 -- 1986 ) William Rehnquist Clarence Thomas June 23, 1948 Pin Point, Georgia George H.W. Bush 52 -- 48 43 7004256170000000000 ♠ 70 October 23, 1991 26 years, 9 months Circuit Judge, Court of Appeals for the D.C. Circuit ( 1990 -- 1991 ); Chairman, Equal Employment Opportunity Commission ( 1982 -- 1990 ); Assistant Attorney General in Missouri under State Attorney General John Danforth ( 1974 -- 1977 ) Thurgood Marshall Ruth Bader Ginsburg March 15, 1933 Brooklyn, New York Bill Clinton 96 -- 3 60 7004311960000000000 ♠ 85 August 10, 1993 25 years Circuit Judge, Court of Appeals for the D.C. Circuit ( 1980 -- 1993 ); General Counsel, American Civil Liberties Union ( 1973 -- 1980 ) Byron White Stephen Breyer August 15, 1938 San Francisco, California 87 -- 9 55 7004292170000000000 ♠ 79 August 3, 1994 24 years Chief Judge, Court of Appeals for the First Circuit ( 1990 -- 1994 ); Circuit Judge, Court of Appeals for the First Circuit ( 1980 -- 1990 ) Harry Blackmun Samuel Alito April 1, 1950 Trenton, New Jersey George W. Bush 58 -- 42 55 7004249700000000000 ♠ 68 January 31, 2006 12 years, 6 months Circuit Judge, Court of Appeals for the Third Circuit ( 1990 -- 2006 ); U.S. Attorney for the District of New Jersey ( 1987 -- 1990 ); Deputy Assistant Attorney General ( 1985 -- 1987 ); Assistant to the Solicitor General ( 1981 -- 1985 ) Sandra Day O'Connor Sonia Sotomayor June 25, 1954 The Bronx, New York Barack Obama 68 -- 31 55 7004234240000000000 ♠ 64 August 8, 2009 9 years Circuit Judge, Court of Appeals for the Second Circuit ( 1998 -- 2009 ); District Judge, District Court for the Southern District of New York ( 1992 -- 1998 ) David Souter Elena Kagan April 28, 1960 Manhattan, New York 63 -- 37 50 7004212900000000000 ♠ 58 August 7, 2010 8 years Solicitor General of the United States ( 2009 -- 2010 ); Dean of Harvard Law School ( 2003 -- 2009 ); Associate White House Counsel ( 1995 -- 1999 ); Deputy Director of the Domestic Policy Council ( 1995 -- 1999 ) John Paul Stevens Neil Gorsuch August 29, 1967 Denver, Colorado Donald Trump 54 -- 45 49 7004186110000000000 ♠ 50 April 10, 2017 1 year, 4 months Circuit Judge, Court of Appeals for the Tenth Circuit ( 2006 -- 2017 ); Principal Deputy Associate Attorney General and Acting Associate Attorney General ( 2005 -- 2006 ) Antonin Scalia Vacant Anthony Kennedy Vacancy""}",nq
how many us supreme court justices are there,The answer is: The court is currently filled with nine justices.,Supreme Court of the United States,-4028808201354199914,"{'short_answer': '9,', 'long_answer': ""Supreme Court of the United States Established June 21, 1788; 229 years ago ( 1788 - 06 - 21 ) Country United States Location Washington, D.C., United States Coordinates 38 ° 53 ′ 26 '' N 77 ° 00 ′ 16 '' W \ufeff / \ufeff 38.89056 ° N 77.00444 ° W \ufeff / 38.89056; - 77.00444 Coordinates: 38 ° 53 ′ 26 '' N 77 ° 00 ′ 16 '' W \ufeff / \ufeff 38.89056 ° N 77.00444 ° W \ufeff / 38.89056; - 77.00444 Composition method Presidential nomination with Senate confirmation Authorized by United States Constitution Judge term length Life tenure No. of positions 9, by statute Website www.supremecourt.gov Chief Justice of the United States Currently John G. Roberts Since September 29, 2005""}",nq
what is the length of term of office for a supreme court justice,The answer is: Life tenure,Supreme Court of the United States,-5069407596860940950,"{'short_answer': 'lifetime tenure unless', 'long_answer': ""According to federal statute, the Court normally consists of the Chief Justice of the United States and eight associate justices who are nominated by the President and confirmed by the Senate. Once appointed, justices have lifetime tenure unless they resign, retire, or are removed after impeachment ( though no justice has ever been removed ). In modern discourse, the justices are often categorized as having conservative, moderate, or liberal philosophies of law and of judicial interpretation. Each justice has one vote, and it is worth noting that while a far greater number of cases in recent history have been decided unanimously, decisions in cases of the highest profile have often come down to just one single vote, thereby exposing the justices ' ideological beliefs that track with those philosophical or political categories. The Court meets in the Supreme Court Building in Washington, D.C.""}",nq
where do a majority of supreme court cases come from,The answer is: The Supreme Court has ultimate (and largely discretionary) appellate jurisdiction over all federal courts and state court cases involving issues of federal law plus original jurisdiction over a small range of cases.,Supreme Court of the United States,-8398551791510887037,"{'short_answer': 'by way of petitions for writs of certiorari,', 'long_answer': ""Nearly all cases come before the court by way of petitions for writs of certiorari, commonly referred to as `` cert ''. The Court may review any case in the federal courts of appeals `` by writ of certiorari granted upon the petition of any party to any civil or criminal case. '' Court may only review `` final judgments rendered by the highest court of a state in which a decision could be had '' if those judgments involve a question of federal statutory or constitutional law. The party that appealed to the Court is the petitioner and the non-mover is the respondent. All case names before the Court are styled petitioner v. respondent, regardless of which party initiated the lawsuit in the trial court. For example, criminal prosecutions are brought in the name of the state and against an individual, as in State of Arizona v. Ernesto Miranda. If the defendant is convicted, and his conviction then is affirmed on appeal in the state supreme court, when he petitions for cert the name of the case becomes Miranda v. Arizona.""}",nq
what is the age of supreme court justices,The answer is: The average age is 67 years and 4 months.,Supreme Court of the United States,6861377689727785410,"{'short_answer': '62', 'long_answer': ""Name Date of birth Appointed by Senate confirmation vote Age at appointment Current age First day / Length of service Previous positions Succeeded Roberts, John John Roberts ( Chief Justice ) 000000001955 - 01 - 27 - 0000 January 27, 1955 Buffalo, New York Bush, George W. George W. Bush 78 -- 22 50 7001620000000000000 ♠ 62 000000002005 - 09 - 29 - 0000 September 29, 2005 12 years Circuit Judge, Court of Appeals for the D.C. Circuit ( 2003 -- 2005 ); Principal Deputy Solicitor General ( 1989 -- 1993 ); Associate Counsel to the President ( 1982 -- 1986 ) William Rehnquist Kennedy, Anthony Anthony Kennedy 000000001936 - 07 - 23 - 0000 July 23, 1936 Sacramento, California Reagan, Ronald Ronald Reagan 97 -- 0 51 7001810000000000000 ♠ 81 000000001988 - 02 - 18 - 0000 February 18, 1988 29 years, 8 months Circuit Judge, Court of Appeals for the Ninth Circuit ( 1975 -- 1988 ); Private practice ( 1963 -- 1975 ) Lewis Powell Thomas, Clarence Clarence Thomas 000000001948 - 06 - 23 - 0000 June 23, 1948 Pin Point, Georgia Bush, George H.W. George H.W. Bush 52 -- 48 43 7001690000000000000 ♠ 69 000000001991 - 10 - 23 - 0000 October 23, 1991 26 years Circuit Judge, Court of Appeals for the D.C. Circuit ( 1990 -- 1991 ); Chairman, Equal Employment Opportunity Commission ( 1982 -- 1990 ); Assistant Attorney General in Missouri under State Attorney General John Danforth ( 1974 -- 1977 ) Thurgood Marshall Ginsburg, Ruth Bader Ruth Bader Ginsburg 000000001933 - 03 - 15 - 0000 March 15, 1933 Brooklyn, New York Clinton, Bill Bill Clinton 96 -- 3 60 7001840000000000000 ♠ 84 000000001993 - 08 - 10 - 0000 August 10, 1993 24 years, 2 months Circuit Judge, Court of Appeals for the D.C. Circuit ( 1980 -- 1993 ); General Counsel, American Civil Liberties Union ( 1973 -- 1980 ) Byron White Breyer, Stephen Stephen Breyer 000000001938 - 08 - 15 - 0000 August 15, 1938 San Francisco, California 87 -- 9 55 7001790000000000000 ♠ 79 000000001994 - 08 - 03 - 0000 August 3, 1994 23 years, 2 months Chief Judge, Court of Appeals for the First Circuit ( 1990 -- 1994 ); Circuit Judge, Court of Appeals for the First Circuit ( 1980 -- 1990 ) Harry Blackmun Alito, Samuel Samuel Alito 000000001950 - 04 - 01 - 0000 April 1, 1950 Trenton, New Jersey George W. Bush 58 -- 42 55 7001670000000000000 ♠ 67 000000002006 - 01 - 31 - 0000 January 31, 2006 11 years, 8 months Circuit Judge, Court of Appeals for the Third Circuit ( 1990 -- 2006 ); U.S. Attorney for the District of New Jersey ( 1987 -- 1990 ); Deputy Assistant Attorney General ( 1985 -- 1987 ); Assistant to the Solicitor General ( 1981 -- 1985 ) Sandra Day O'Connor Sotomayor, Sonia Sonia Sotomayor 000000001954 - 06 - 25 - 0000 June 25, 1954 The Bronx, New York Obama, Barack Barack Obama 68 -- 31 55 7001630000000000000 ♠ 63 000000002009 - 08 - 08 - 0000 August 8, 2009 8 years, 2 months Circuit Judge, Court of Appeals for the Second Circuit ( 1998 -- 2009 ); District Judge, District Court for the Southern District of New York ( 1992 -- 1998 ) David Souter Kagan, Elena Elena Kagan 000000001960 - 04 - 28 - 0000 April 28, 1960 Manhattan, New York 63 -- 37 50 7001570000000000000 ♠ 57 000000002010 - 08 - 07 - 0000 August 7, 2010 7 years, 2 months Solicitor General of the United States ( 2009 -- 2010 ); Dean of Harvard Law School ( 2003 -- 2009 ); Associate White House Counsel ( 1995 -- 1999 ); Deputy Director of the Domestic Policy Council ( 1995 -- 1999 ); John Paul Stevens Gorsuch, Neil Neil Gorsuch 000000001967 - 08 - 29 - 0000 August 29, 1967 Denver, Colorado Trump, Donald Donald Trump 54 -- 45 49 7001500000000000000 ♠ 50 000000002017 - 04 - 10 - 0000 April 10, 2017 6 months and 15 days Circuit Judge, Court of Appeals for the Tenth Circuit ( 2006 -- 2017 ); Principal Deputy Associate Attorney General and Acting Associate Attorney General ( 2005 -- 2006 ); Antonin Scalia""}",nq
there are currently how many sitting members on the us supreme court,The answer is: The court is currently filled with nine justices.,Supreme Court of the United States,-7706478460071646122,"{'short_answer': '9 by', 'long_answer': ""Supreme Court of the United States Established March 4, 1789; 229 years ago ( 1789 - 03 - 04 ) Country United States Location Washington, D.C., U.S. Coordinates 38 ° 53 ′ 26 '' N 77 ° 00 ′ 16 '' W \ufeff / \ufeff 38.89056 ° N 77.00444 ° W \ufeff / 38.89056; - 77.00444 Coordinates: 38 ° 53 ′ 26 '' N 77 ° 00 ′ 16 '' W \ufeff / \ufeff 38.89056 ° N 77.00444 ° W \ufeff / 38.89056; - 77.00444 Composition method Presidential nomination with Senate confirmation Authorized by United States Constitution Judge term length Life tenure No. of positions 9 by statute Website www.supremecourt.gov Chief Justice of the United States Currently John Roberts Since September 29, 2005; 12 years ago ( 2005 - 09 - 29 )""}",nq
supreme court justice are appointed for a term of,The answer is: life tenure,Supreme Court of the United States,-326818077463658630,"{'short_answer': 'Life tenure', 'long_answer': ""Supreme Court of the United States Established March 4, 1789; 229 years ago ( 1789 - 03 - 04 ) Country United States Location Washington, D.C., U.S. Coordinates 38 ° 53 ′ 26 '' N 77 ° 00 ′ 16 '' W \ufeff / \ufeff 38.89056 ° N 77.00444 ° W \ufeff / 38.89056; - 77.00444 Coordinates: 38 ° 53 ′ 26 '' N 77 ° 00 ′ 16 '' W \ufeff / \ufeff 38.89056 ° N 77.00444 ° W \ufeff / 38.89056; - 77.00444 Composition method Presidential nomination with Senate confirmation Authorized by United States Constitution Judge term length Life tenure No. of positions 9 by statute Website www.supremecourt.gov Chief Justice of the United States Currently John Roberts Since September 29, 2005; 12 years ago ( 2005 - 09 - 29 )""}",nq
who determines the number of justices on supreme court,"The answer is: Congress determines the number of justices on the Supreme Court through legislation. Article III of the U.S. Constitution does not specify the number of justices. The Judiciary Act of 1789 initially set the number at six, and Congress has changed it several times since then (to seven in 1807, nine in 1837, ten in 1863, back to seven via attrition in 1866-1867, and finally to nine in 1869 where it has remained). President Franklin D. Roosevelt attempted to expand the Court in 1937, but the plan failed in Congress.",Supreme Court of the United States,-1814207563657500361,"{'short_answer': '', 'long_answer': ""Article III of the United States Constitution does not specify the number of justices. The Judiciary Act of 1789 called for the appointment of six `` judges ''. Although an 1801 act would have reduced the size of the court to five members upon its next vacancy, an 1802 act promptly negated the 1801 act, legally restoring the court 's size to six members before any such vacancy occurred. As the nation 's boundaries grew, Congress added justices to correspond with the growing number of judicial circuits: seven in 1807, nine in 1837, and ten in 1863.""}",nq
who won the first stage of the 2018 tour de france,,2018 Tour de France,-8394929068646973254,"{'short_answer': 'Fernando Gaviria of Quick - Step Floors,', 'long_answer': ""The opening stage was won by Fernando Gaviria of Quick - Step Floors, who became the Tour 's first rider to wear the general classification leader 's yellow jersey. Peter Sagan ( Bora -- Hansgrohe ) then took the race lead the following stage. BMC Racing Team won stage three 's team time trial, putting their rider Greg Van Avermaet in yellow. He held the jersey for eight days until the second high mountain stage, where stage winner Thomas took the lead. He held it for the rest of the race to become the first Welshman to win the overall race. As a result, Team Sky -- and additionally British riders -- won six of the previous seven Tours dating back to 2012.""}",nq
what is the grand prize for the tour de france,"The answer is: The overall winner of the general classification received €500,000",2018 Tour de France,3140972739012711701,"{'short_answer': '€ 500,000,', 'long_answer': ""A total of € 2,287,750 was awarded in cash prizes in the race. The overall winner of the general classification received € 500,000, with the second and third placed riders getting € 200,000 and € 100,000 respectively. All finishers in the top 160 were awarded money. The holders of the classifications would benefit on each stage they led; the final winners of the points and mountains would be given € 25,000, while the best young rider and most combative rider would get € 20,000. The team classification winners was given € 50,000. € 11,000 was given to the winners of each stage of the race, with smaller amounts given to places 2 -- 20. There were also two special awards each with a prize of € 5000. The Souvenir Henri Desgrange, given to first rider to pass the summit of the highest climb in the Tour, the Col du Portet on stage seventeen, and the Souvenir Jacques Goddet, given to the first rider to pass Goddet 's memorial at the summit of the Col du Tourmalet in stage nineteen. Nairo Quintana won the Henri Desgrange and Julian Alaphilippe won the Jacques Goddet.""}",nq
what are the dates for the tour de france 2018,,2018 Tour de France,-713612749072568800,"{'short_answer': '7 -- 29 July', 'long_answer': ""2018 Tour de France 2018 UCI World Tour, race 25 of 37 Route of the 2018 Tour de France Race details Dates 7 -- 29 July Stages 21 Distance 3,351 km ( 2,082 mi ) Winning time 83h 17 ' 13 '' Results Winner Geraint Thomas ( GBR ) ( Team Sky ) Second Tom Dumoulin ( NED ) ( Team Sunweb ) Third Chris Froome ( GBR ) ( Team Sky ) Points Peter Sagan ( SVK ) ( Bora -- Hansgrohe ) Mountains Julian Alaphilippe ( FRA ) ( Quick - Step Floors ) Youth Pierre Latour ( FRA ) ( AG2R La Mondiale ) Combativity Dan Martin ( IRL ) ( UAE Team Emirates ) Team Movistar Team ← 2017 2019 →""}",nq
where does the tour de france start 2018,,2018 Tour de France,329176110017141587,"{'short_answer': 'Vendée department, in the region of Pays de la Loire.', 'long_answer': ""The 2018 Tour de France will be the 105th edition of the Tour de France, one of cycling 's three Grand Tours. The start of the 2018 Tour ( known as the Grand Départ ) will be in the Vendée department, in the region of Pays de la Loire. The departments in the Pays de la Loire region hosted the Tour de France 's cyclists on its very first edition back 1903. Since this time, the cities and towns of the Pays de la Loire region have welcomed the Grand Départ of the Tour de France nine times, five of which have set out from the Vendée.""}",nq
where is the first stage of the tour de france,,2018 Tour de France,-7126877452951153761,"{'short_answer': ""Noirmoutier - en - l'Île,"", 'long_answer': ""The 2018 Tour de France was the 105th edition of the Tour de France, one of cycling 's three Grand Tours. The 3,351 km ( 2,082 mi ) race started from Noirmoutier - en - l'Île, in the Vendée department, on 7 July and concluded with the Champs - Élysées stage in Paris, on 29 July. A total of 176 riders across 22 teams were participating in the 21 - stage race. The Tour was the shortest of the millennium and was the fifth time a tour had set out from Vendée. The race was won for the first time by Geraint Thomas of Team Sky. Tom Dumoulin ( Team Sunweb ) placed second, with Thomas ' teammate and four - time Tour champion Chris Froome coming third.""}",nq
where did le tour de france start 2018,,2018 Tour de France,6736627038987537998,"{'short_answer': ""Noirmoutier - en - l'Île,"", 'long_answer': ""The 2018 Tour de France was the 105th edition of the Tour de France, one of cycling 's three Grand Tours. The 3,351 km ( 2,082 mi ) race started from Noirmoutier - en - l'Île, in the Vendée department, on 7 July and concluded with the Champs - Élysées stage in Paris, on 29 July. A total of 176 riders across 22 teams were participating in the 21 - stage race. The Tour was the shortest of the millennium and was the fifth time a tour had set out from Vendée. The race was won for the first time by Geraint Thomas of Team Sky. Tom Dumoulin ( Team Sunweb ) placed second, with Thomas ' teammate and four - time Tour champion Chris Froome coming third.""}",nq
where is the tour de france starting this year,,2018 Tour de France,7061938366566979302,"{'short_answer': ""from Noirmoutier - en - l'Île, in the Vendée department,"", 'long_answer': ""The 2018 Tour de France was the 105th edition of the Tour de France, one of cycling 's three Grand Tours. The 3,351 km ( 2,082 mi ) race started from Noirmoutier - en - l'Île, in the Vendée department, on 7 July and concluded with the Champs - Élysées stage in Paris, on 29 July. A total of 176 riders across 22 teams were participating in the 21 - stage race. The Tour was the shortest of the millennium and was the fifth time a tour had set out from Vendée. The race was won for the first time by Geraint Thomas of Team Sky. Tom Dumoulin ( Team Sunweb ) placed second, with Thomas ' teammate and four - time Tour champion Chris Froome coming third.""}",nq
when does the tour de france finish 2018,The answer is: 29 July 2018,2018 Tour de France,-8861936358522502442,"{'short_answer': 'on 29 July.', 'long_answer': ""The 2018 Tour de France was the 105th edition of the Tour de France, one of cycling 's three Grand Tours. The 3,351 km ( 2,082 mi ) race started from Noirmoutier - en - l'Île, in the Vendée department, on 7 July and concluded with the Champs - Élysées stage in Paris, on 29 July. A total of 176 riders across 22 teams were participating in the 21 - stage race. The Tour was the shortest of the millennium and was the fifth time a tour had set out from Vendée. The race was won for the first time by Geraint Thomas of Team Sky. Tom Dumoulin ( Team Sunweb ) placed second, with Thomas ' teammate and four - time Tour champion Chris Froome coming third.""}",nq
how many riders per team in the tour de france 2018,The answer is: 8 riders per team (reduced from 9 in 2018),2018 Tour de France,7074262590789713570,"{'short_answer': '8,', 'long_answer': ""New rules by the cycling 's governing body, the Union Cycliste Internationale ( UCI ) reduced the number of riders per team for Grand Tours from 9 to 8, resulting in a start list total of 176, instead of the usual 198. Of these, 35 competed in their first Tour de France. The total number of riders that finished the race was 145. The riders came from 30 countries. Seven countries had more than 10 riders in the race: France ( 35 ), Belgium ( 19 ), the Netherlands ( 13 ), Italy ( 13 ), Australia ( 11 ), Germany ( 11 ) and Spain ( 11 ). The average age of riders in the race was 29.37 years, ranging from the 21 - year - old Egan Bernal ( Team Sky ) to the 40 - year - old Franco Pellizotti ( Bahrain -- Merida ). Groupama -- FDJ had the youngest average age while Bahrain -- Merida had the oldest.""}",nq
when will tour de france teams be announced,,2018 Tour de France,-5514927031084251120,"{'short_answer': '6 January 2018,', 'long_answer': ""The 18 UCI WorldTeams were automatically invited to the race. On 6 January 2018, organisers of the Tour, the Amaury Sport Organisation ( ASO ), announced the four second - tier UCI Professional Continental teams that received a wildcard invitation to participate in the event. The four teams were Cofidis, Direct Énergie, Fortuneo -- Samsic, from France and Belgium 's Wanty -- Groupe Gobert, all of which have participated in the race before. This meant that new French team Vital Concept, with their team leader, sprinter Bryan Coquard, missed out on the race. Christian Prudhomme wished the team the best in their inaugural season. The presentation of the teams -- where the members of each team 's roster are introduced in front of the media and local dignitaries -- took place on Place Napoleon ( fr ) in the town of La Roche - sur - Yon on 5 July, two days before the opening stage.""}",nq
who came second in tour de france 2018,,2018 Tour de France,4373755116203252946,"{'short_answer': 'Tom Dumoulin (', 'long_answer': ""2018 Tour de France 2018 UCI World Tour, race 25 of 37 Route of the 2018 Tour de France Race details Dates 7 -- 29 July Stages 21 Distance 3,351 km ( 2,082 mi ) Winning time 83h 17 ' 13 '' Results Winner Geraint Thomas ( GBR ) ( Team Sky ) Second Tom Dumoulin ( NED ) ( Team Sunweb ) Third Chris Froome ( GBR ) ( Team Sky ) Points Peter Sagan ( SVK ) ( Bora -- Hansgrohe ) Mountains Julian Alaphilippe ( FRA ) ( Quick - Step Floors ) Youth Pierre Latour ( FRA ) ( AG2R La Mondiale ) Combativity Dan Martin ( IRL ) ( UAE Team Emirates ) Team Movistar Team ← 2017 2019 →""}",nq
where did le tour de france start this year,"The answer is: The provided context does not specify where the 2018 Tour de France started. The references mention stages, results, teams, and controversies but do not include the Grand Départ location.",2018 Tour de France,-7438581239387654701,"{'short_answer': ""Noirmoutier - en - l'Île, in the Vendée department,"", 'long_answer': ""The 2018 Tour de France was the 105th edition of the Tour de France, one of cycling 's three Grand Tours. The 3,351 km ( 2,082 mi ) race started from Noirmoutier - en - l'Île, in the Vendée department, on 7 July and concluded with the Champs - Élysées stage in Paris, on 29 July. A total of 176 riders across 22 teams were participating in the 21 - stage race. The Tour was the shortest of the millennium and was the fifth time a tour had set out from Vendée. The race was won for the first time by Geraint Thomas of Team Sky. Tom Dumoulin ( Team Sunweb ) placed second, with Thomas ' teammate and four - time Tour champion Chris Froome coming third.""}",nq
when does the 2018 tour de france start,,2018 Tour de France,708037729197446651,"{'short_answer': '7 July and', 'long_answer': ""The 2018 Tour de France was the 105th edition of the Tour de France, one of cycling 's three Grand Tours. The 3,351 km ( 2,082 mi ) race started from Noirmoutier - en - l'Île, in the Vendée department, on 7 July and concluded with the Champs - Élysées stage in Paris, on 29 July. A total of 176 riders across 22 teams were participating in the 21 - stage race. The Tour was the shortest of the millennium and was the fifth time a tour had set out from Vendée. The race was won for the first time by Geraint Thomas of Team Sky. Tom Dumoulin ( Team Sunweb ) placed second, with Thomas ' teammate and four - time Tour champion Chris Froome coming third.""}",nq
what episode of black mirror was hannah john kamen in,"The answer is: Hannah John-Kamen appeared in two episodes of Black Mirror: ""Fifteen Million Merits"" (2011) as Selma, and ""Playtest"" (2016) as Sonja.",Hannah John-Kamen,-6718102858366318183,"{'short_answer': ""Episode `` Fifteen Million Merits ''"", 'long_answer': ""Year Title Role Notes 2011 Misfits Carly Episode # 3.6 Black Mirror Selma Episode `` Fifteen Million Merits '' 2012 Whitechapel Roxy 2 episodes The Syndicate Young Shop Assistant Episode # 1.2 The Midnight Beast Pizza Girls Episode: `` Someone Called Sam '' The Hour Rosa Maria Ramírez 4 episodes 2014 Death in Paradise Yasmin Blake Series 3; Episode 6 Happy Valley Justine 2015 Cucumber Violet The Ark Nahlab Television film Banana Violet 2015 -- present Killjoys Dutch / Aneela Main role 2016 The Tunnel: Sabotage Rosa Persaud Game of Thrones Ornela Episodes: `` Oathbreaker '', `` Book of the Stranger '' Black Mirror Sonja Episode: `` Playtest ''""}",nq
where is oklahoma located in the united states,The answer is: The state is in the Southern United States. Oklahoma is between the Great Plains and the Ozark Plateau in the Gulf of Mexico watershed.,Oklahoma,3340122335577060793,"{'short_answer': 'in the Great Plains near the geographical center of the 48 contiguous states.', 'long_answer': 'Oklahoma is the 20th - largest state in the United States, covering an area of 69,898 square miles ( 181,030 km ), with 68,667 square miles ( 177,850 km ) of land and 1,281 square miles ( 3,320 km ) of water. It lies partly in the Great Plains near the geographical center of the 48 contiguous states. It is bounded on the east by Arkansas and Missouri, on the north by Kansas, on the northwest by Colorado, on the far west by New Mexico, and on the south and near - west by Texas. Much of its border with Texas lies along the Southern Oklahoma Aulacogen, a failed continental rift. The geologic figure defines the placement of the Red River.'}",nq
what part of the country is oklahoma considered,The answer is: Oklahoma is a state in the South Central region of the United States.,Oklahoma,-4372236156247664542,"{'short_answer': 'a state in the South Central', 'long_answer': ""Oklahoma ( / ˌoʊkləˈhoʊmə / ( listen ); Pawnee: Uukuhuúwa, Cayuga: Gahnawiyoˀgeh ) is a state in the South Central region of the United States. It is the 20th-most extensive and the 28th-most populous of the 50 United States. The state 's name is derived from the Choctaw words okla and humma, meaning `` red people. '' It is also known informally by its nickname, `` The Sooner State, '' in reference to the non-Native settlers who staked their claims on land before the official opening date and the Indian Appropriations Act of 1889, which dramatically increased European - American settlement in the Indian Territory. Oklahoma Territory and Indian Territory were merged and Indian was dropped from the name. On November 16, 1907, Oklahoma became the 46th state to enter the union. Its residents are known as Oklahomans, or informally as Okies, and its capital and largest city is Oklahoma City.""}",nq
how many states share a border with oklahoma,,Oklahoma,3749925031204735637,"{'short_answer': '', 'long_answer': 'Oklahoma is the 20th - largest state in the United States, covering an area of 69,898 square miles ( 181,035 km ), with 68,667 square miles ( 177,847 km ) of land and 1,281 square miles ( 3,188 km ) of water. It lies partly in the Great Plains near the geographical center of the 48 contiguous states. It is bounded on the east by Arkansas and Missouri, on the north by Kansas, on the northwest by Colorado, on the far west by New Mexico, and on the south and near - west by Texas. Much of its border with Texas lies along the Southern Oklahoma Aulacogen, a failed continental rift. The geologic figure defines the placement of the Red River.'}",nq
where is oklahoma located on the map of the united states,"The answer is: The state is in the Southern United States. Oklahoma is between the Great Plains and the Ozark Plateau in the Gulf of Mexico watershed, generally sloping from the high plains of its western boundary to the low wetlands of its southeastern boundary. Cimarron County in Oklahoma's panhandle is the only county in the United States that touches four other states: New Mexico, Texas, Colorado and Kansas.",Oklahoma,-8736122236866420014,"{'short_answer': '', 'long_answer': 'Oklahoma is the 20th - largest state in the United States, covering an area of 69,898 square miles ( 181,030 km ), with 68,667 square miles ( 177,850 km ) of land and 1,281 square miles ( 3,320 km ) of water. It lies partly in the Great Plains near the geographical center of the 48 contiguous states. It is bounded on the east by Arkansas and Missouri, on the north by Kansas, on the northwest by Colorado, on the far west by New Mexico, and on the south and near - west by Texas. Much of its border with Texas lies along the Southern Oklahoma Aulacogen, a failed continental rift. The geologic figure defines the placement of the Red River.'}",nq
when did oklahoma become a state what does the word oklahoma mean,,Oklahoma,-3485714005907152096,"{'short_answer': '', 'long_answer': ""Oklahoma ( / ˌoʊkləˈhoʊmə / ( listen ); Pawnee: Uukuhuúwa, Cayuga: Gahnawiyoˀgeh ) is a state in the South Central region of the United States. It is the 20th-most extensive and the 28th-most populous of the 50 United States. The state 's name is derived from the Choctaw words okla and humma, meaning `` red people ''. It is also known informally by its nickname, `` The Sooner State '', in reference to the non-Native settlers who staked their claims on land before the official opening date of lands in the western Oklahoma Territory or before the Indian Appropriations Act of 1889, which dramatically increased European - American settlement in the eastern Indian Territory. Oklahoma Territory and Indian Territory were merged into the State of Oklahoma when it became the 46th state to enter the union on November 16, 1907. Its residents are known as Oklahomans, or informally as Okies, and its capital and largest city is Oklahoma City.""}",nq
when did oklahoma become part of the united states,"The answer is: On November 16, 1907, Oklahoma became the 46th state to enter the union.",Oklahoma,-6235538092288743840,"{'short_answer': 'November 16, 1907 (', 'long_answer': 'Admission to Union November 16, 1907 ( 46th )'}",nq
when did oklahoma become a state in the us,"The answer is: On November 16, 1907, Oklahoma became the 46th state to enter the union.",Oklahoma,6534456092518679771,"{'short_answer': '', 'long_answer': ""Oklahoma ( / ˌoʊkləˈhoʊmə / ( listen ); Pawnee: Uukuhuúwa, Cayuga: Gahnawiyoˀgeh ) is a state in the South Central region of the United States. It is the 20th-most extensive and the 28th-most populous of the fifty United States. The state 's name is derived from the Choctaw words okla and humma, meaning `` red people ''. It is also known informally by its nickname, `` The Sooner State '', in reference to the non-Native settlers who staked their claims on land before the official opening date of lands in the western Oklahoma Territory or before the Indian Appropriations Act of 1889, which dramatically increased European - American settlement in the eastern Indian Territory. Oklahoma Territory and Indian Territory were merged into the State of Oklahoma when it became the 46th state to enter the union on November 16, 1907. Its residents are known as Oklahomans, and its capital and largest city is Oklahoma City.""}",nq
