no,question_id,dataset,difficulty,failure_type,question,ground_truth,llm_answer,doc_name,response,context_snippet,model,prompt_strategy,dataset_actual
30,S3_FINHYBRID_ABMD/2012/page_75.pdf-1,finhybrid,hard,WRONG,"during the 2012 year , did the equity awards in which the prescribed performance milestones were achieved exceed the equity award compensation expense for equity granted during the year?",yes,"The provided text states that for the year ended March 31, 2012, the Company recorded $3.3 million in stock-based compensation expense for equity awards in which the prescribed performance milestones have been achieved or are probable of being achieved. Regarding equity awards granted during the year, the text notes that 607,000 restricted stock and restricted stock units were granted with a weighted-average grant date fair value of $18.13 per share, and 72,000 stock options were granted with a weighted-average exercise price of $17.53. The total compensation expense for all equity awards (including options, restricted stock, restricted stock units, and ESPP) for 2012 was $7.773 million. Since the $3.3 million figure specifically refers to performance-based awards and is a component of the total compensation expense, it does not exceed the total compensation expense for all equity awards granted or recognized during the year.

The answer is: No",ABMD_2012,"The user is asking about whether during the 2012 year, the equity awards in which prescribed performance milestones were achieved exceeded the equity award compensation expense for equity granted during the year.

Let me analyze the text carefully.

From the text: ""During the year ended March 31, 2012, the Company has recorded $3.3 million in stock-based compensation expense for equity awards in which the prescribed performance milestones have been achieved or are probable of being achieved.""

This is the expense recorded for performance-based awards where milestones were achieved or probable.

Now, what about ""equity award compensation expense for equity granted during the year""? This would be the total stock-based compensation expense for all equity awards granted during the year ended March 31, 2012.

Looking at the stock-based compensation expense table:
For fiscal year ended March 31, 2012: $7,773 thousand (or $7.773 million)

But this is total stock-based compensation expense for the year, not just for equity granted during the year. The expense includes amortization of prior grants as well.

The question asks: ""did the equity awards in which the prescribed performance milestones were achieved exceed the equity award compensation expense for equity granted during the year?""

The $3.3 million is specifically for performance-based awards where milestones were achieved or probable.

The ""equity award compensation expense for equity granted during the year"" - this is ambiguous. It could mean:
1. The expense recognized in 2012 for awards granted in 2012
2. The total grant-date fair value of awards granted in 2012
3. The total stock-based compensation expense for 2012 ($7.773 million)

Given the context, I think the question is comparing the $3.3 million (performance-based awards expense) to the total stock-based compensation expense for the year ($7.773 million), or perhaps to the expense related to new grants.

But the text doesn't explicitly state the expense for equity granted during the year separately from total expense. The $7.773 million is total expense for the year, which includes amortization of previous years' grants.

The $3.3 million is a subset of the total $7.773 million.

So $3.3 million < $7.773 million.

But the question is phrased:","During the three months ended June 30, 2011, performance-based awards of restricted stock units for the potential issuance of 284,000 shares
of common stock were issued to certain executive officers and members of the senior management, all of which would vest upon achievementof prescribed service m",nemotron-nvidia,simple,finhybrid
31,S3_FINHYBRID_ABMD/2012/page_75.pdf-2,finhybrid,hard,WRONG,"for equity awards where the performance criteria has been met in 2012 , what is the average compensation expense per year over which the cost will be expensed?",1719526 | 1714285.71429,"The provided text states that the remaining unrecognized compensation expense for equity awards as of March 31, 2012, is $3.6 million, and the weighted-average period over which this cost will be recognized is 2.1 years. Dividing the total expense by the number of years ($3.6 million / 2.1 years) results in approximately $1.71 million per year.

The answer is: 1.71 million",ABMD_2012,"The user is asking for the average compensation expense per year over which the cost will be expensed for equity awards where performance criteria has been met in 2012.

Let me search the text for relevant information about equity awards, performance criteria met in 2012, compensation expense, and the period over which cost will be recognized.

From the text:

""During the year ended March 31, 2012, the Company has recorded $3.3 million in stock-based compensation expense for equity awards in which the prescribed performance milestones have been achieved or are probable of being achieved. The remaining unrecognized compensation expense related to these equity awards at March 31, 2012 is $3.6 million based on the Company's current assessment of probability of achieving the performance milestones. The weighted-average period over which this cost will be recognized is 2.1 years.""

This seems to be the relevant information. The question asks for ""average compensation expense per year over which the cost will be expensed"" for equity awards where the performance criteria has been met in 2012"".

The text says: ""During the year ended March 31, 2012, the Company has recorded $3.3 million in stock-based compensation expense for equity awards in which the prescribed performance milestones have been achieved or are probable of being achieved.""

And: ""The remaining unrecognized compensation expense related to these equity awards at March 31, 2012 is $3.6 million... The weighted-average period over which this cost will be recognized is 2.1 years.""

The question is asking for the average compensation expense per year over which the cost will be expensed. This could mean:
1. The $3.3 million already recorded in 2012 (but that's for the year ended March 31, 2012)
2. The remaining $3.6 million to be recognized over 2.1 years
3. Total expense (recorded + remaining) over total period

But the question specifically says ""for equity awards where the performance criteria has been met in 2012"" and ""average compensation expense per year over which the cost will be expensed"".

The phrase ""will be expensed"" suggests future expense. The remaining unrecognized compensation expense is $3.6 million over 2.1 years.

So average per year = $3.6 million / 2","During the three months ended June 30, 2011, performance-based awards of restricted stock units for the potential issuance of 284,000 shares
of common stock were issued to certain executive officers and members of the senior management, all of which would vest upon achievementof prescribed service m",nemotron-nvidia,simple,finhybrid
32,S3_FINHYBRID_ABMD/2012/page_41.pdf-2,finhybrid,hard,REFUSED,did abiomed outperform the nasdaq medical equipment index?,yes | yes,"The provided text contains a graph description comparing the company's performance to the Nasdaq Medical Equipment index, but it does not provide a definitive conclusion on whether Abiomed outperformed the index.

The answer is: Not specified",ABMD_2012,The answer is: Cannot be determined from the provided context. The report shows Nasdaq Medical Equipment index performance (100 to 74.40) but does not include Abiomed's (ABMD) stock price performance for comparison.,"Corporate Background
We are incorporated in Delaware and trade on the NASDAQ Global Select Market under the ticker symbol ABMD.Our principal executive offices are located at 22 Cherry Hill Drive, Danvers, Massachusetts 01923. Our telephone number is
(978) 646-1400. We make available, free of charge ",nemotron-nvidia,simple,finhybrid
33,S3_FINHYBRID_ABMD/2012/page_41.pdf-1,finhybrid,hard,REFUSED,did abiomed outperform the nasdaq composite index?,yes | yes,"The provided context includes a graph index for the ""Nasdaq Composite Index"" and ""Nasdaq Medical Equipment"" but does not provide the specific performance data or a comparison analysis required to determine if Abiomed outperformed the index.

The answer is: Not mentioned",ABMD_2012,"The answer is: Cannot be determined from the provided context. The context shows Nasdaq Composite Index and Nasdaq Medical Equipment sector index performance, but does not include Abiomed's specific stock price performance data for comparison.","Nasdaq Composite Index 100 94.11 63.12 99.02 114.84 127.66Nasdaq Medical Equipment SIC Code 3840-3849 100 82.91 41.56 77.93 94.54 74.40
This graph is not “soliciting material” under Regulation 14A or 14C of the rules promulgated under the Securities Exchange Act of 1934,
is not deemed filed with the",nemotron-nvidia,simple,finhybrid
34,S3_FINHYBRID_ABMD/2012/page_79.pdf-2,finhybrid,hard,WRONG,how much of total future minimum lease payments are due currently?,35% | 2845.5,"The answer is: 1,473",ABMD_2012,,"(approximately U.S. $50,000 at March 31, 2012 exchange rates) per month and the lease term expires in December 2012.
In July 2008, the Company entered into a lease agreement providing for the lease of a 33,000 square foot manufacturing facility in Athlone,
Ireland. The lease agreement was for a term",nemotron-nvidia,simple,finhybrid
35,S3_FINHYBRID_ABMD/2012/page_41.pdf-3,finhybrid,hard,REFUSED,what is the roi of an investment in abiomed inc from march 2007 to march 2010?,-24.5% | -0.2445,"The provided context does not contain the specific stock price data for March 2007 and March 2010 required to calculate the exact ROI.

The answer is: Not available",ABMD_2012,"The user is asking for the ROI (Return on Investment) of an investment in Abiomed Inc from March 2007 to March 2010. I need to find the stock price or cumulative shareholder return data for those dates in the provided context.

Looking at the context, there's a section titled ""comparative shareholder return *"" with a chart showing ""cumulative worldwide patent portfolio"" and ""impella® 2.5 u.s. sites"" but also a graph description: ""Assumes the investment of $100 on 3/31/2004 and the reinvestment of any and all dividends"" with lines for ""abiomed"", ""nasdaq composite index (u.s. companies)"", ""nasdaq medical equipment (sic code 3840-3849 index)"". The x-axis shows ""fy 04 fy 05 fy 06 fy 07 fy 08 fy 09 fy 10 fy 11 fy 12"". The y-axis shows dollar values from $0 to $300.

The question asks for ROI from March 2007 to March 2010. March 2007 corresponds to FY 2007 (since fiscal year ends March 31). March 2010 corresponds to FY 2010.

The graph shows cumulative return starting from $100 on 3/31/2004. I need to estimate the values for FY 2007 and FY 2010 from the graph description. However, the graph is not numerically precise in the text. The text only shows the y-axis labels: $300, $270, $240, $210, $180, $150, $120, $90, $60, $30, $0. And the x-axis labels: fy 04 fy 05 fy 06 fy 07 fy 08 fy 09 fy 10 fy 11 fy 12.

I need to infer the values for Abiomed line at fy 07 and fy 10. The graph is described in ASCII art. Let's parse the ASCII chart:

```
$300
$270
$240
$21","Indicate by check mark whether the registrant is a shell company (as defined in Rule 12b-2 of the Exchange Act). Yes ‘ NoÈ
The aggregate market value of the registrant’s common stock as of September 30, 2011, held by non-affiliates of the registrant (without admitting tha t
any person whose shares a",nemotron-nvidia,simple,finhybrid
36,S3_FINHYBRID_ABMD/2012/page_41.pdf-4,finhybrid,hard,REFUSED,what is the roi of an investment in nasdaq composite index from march 2007 to march 2010?,-1.0% | -0.0098,"The provided context does not contain the specific numerical data required to calculate the ROI for the Nasdaq Composite Index between March 2007 and March 2010. While a graph is mentioned, the specific index values for those years are not provided in the text.

The answer is: Not available",ABMD_2012,"The user is asking for the ROI of an investment in the Nasdaq Composite Index from March 2007 to March 2010. I need to find the relevant data in the provided context.

Looking at the context, there's a section with ""Comparative Shareholder Return"" that shows a table with values for different indices over time. Let me find the Nasdaq Composite Index values for March 2007 and March 2010.

In the context, I see:
""Nasdaq Composite Index 100 94.11 63.12 99.02 114.84 127.66""

This appears to be a table showing index values over time. The first value ""100"" is likely the base value (March 2004 based on the footnote ""*Assumes the investment of $100 on 3/31/2004""). Then there are values for subsequent years.

The footnote says: ""*Assumes the investment of $100 on 3/31/2004 and the reinvestment of any and all dividends""

And the graph shows: ""fy 04 fy 05 fy 06 fy 07 fy 08 fy 09 fy 10 fy 11 fy 12""

So the values correspond to fiscal years ending March 31:
- fy 04 (March 2004): 100 (base)
- fy 05 (March 2005): 94.11
- fy 06 (March 2006): 63.12
- fy 07 (March 2007): 99.02
- fy 08 (March 2008): 114.84
- fy 09 (March 2009): 127.66
- fy 10 (March 2010): ? (not shown in the numbers but there's ""fy 10"" in the graph labels)
- fy 11 (March 2011): ?
- fy 12 (March 2012): ?

Wait, the numbers given are: ""100 94.11 ","March 31,
2012 2011 2010
(in $000’s)
Diluted Net Income (Loss) Per ShareNet income (loss) $ 1,495 $(11,755) $(19,024)
Weighted average shares used in computing basic net income per share 38,374 37,167 36,875
Effect of dilutive securities 1,798 — —
Weighted average shares used in computing diluted ne",nemotron-nvidia,simple,finhybrid
37,S3_FINHYBRID_ADI/2009/page_49.pdf-1,finhybrid,hard,WRONG,what is the the interest expense in 2009?,380 | 3.8,"The answer is: 4,094",ADI_2009,"The answer is: 4,094 (in thousands)","Interest expense . . . ....................................... 4,094 — —
Interest income . . . ....................................... (15,621) (41,041) (77,007)
Other, net . . ............................................ (1,100) (36) (15,727)
(12,627) (41,077) (92,734)
Earnings
Income from continui",nemotron-nvidia,simple,finhybrid
38,S3_FINHYBRID_ADI/2009/page_59.pdf-2,finhybrid,hard,REFUSED,what is the expected growth rate in amortization expense in 2010?,-27.0% | -0.26689,"The provided context does not contain information regarding the growth rate of amortization expense for 2010, only the expected total expense amount.

The answer is: Not available",ADI_2009,"The user is asking for the ""expected growth rate in amortization expense in 2010"" based on the provided context.

Looking at the context, I see a section about amortization expense:
""Amortization expense from continuing operations, related to intangibles was $7.4 million, $9.3 million and $9.2 million in fiscal 2009, 2008 and 2007, respectively.
The Company expects annual amortization expense for these intangible assets to be:
Fiscal Years Amortization Expense
2010 ............................................................... $5,425
2011 ............................................................... $1,430""

The amortization expense for 2009 was $7.4 million (or $7,400 thousand).
The expected amortization expense for 2010 is $5,425 thousand.

To calculate the growth rate: (Expected 2010 - Actual 2009) / Actual 2009
= ($5,425 - $7,400) / $7,400
= -$1,975 / $7,400
= -0.2669 or -26.69%

However, the question asks for ""expected growth rate"". The context doesn't explicitly state a growth rate percentage. It just provides the expected dollar amount for 2010 and the historical amounts.

The expected expense for 2010 is $5,425 thousand. The 2009 expense was $7,400 thousand. This represents a decrease, not growth.

The question might be tricky. Let me check if there's any mention of growth rate elsewhere in the text. Scanning through... I don't see any explicit ""growth rate"" mentioned for amortization expense.

The user might be expecting me to calculate it. But the format says ""The answer is: <answer>"" and ""<answer> must be simple and short (e.g. just an accurate numerical value or phrases)"".

If I calculate: (5425 - 7400) / 7400 = -26.7% approximately.

But wait, the units: 2009 is stated as ""$7.4 million"" and ","Amortization expense from continuing operations, related to intangibles was $7.4 million, $9.3 million and
$9.2 million in fiscal 2009, 2008 and 2007, respectively.
The Company expects annual amortization expense for these intangible assets to be:
Fiscal Years Amortization Expense
2010 .............",nemotron-nvidia,simple,finhybrid
39,S3_FINHYBRID_ADI/2009/page_90.pdf-1,finhybrid,hard,REFUSED,what is the percentage increase in interest expanse and penalties in 2009?,30.8% | 0.30769,"The provided report does not contain information regarding ""penalties,"" and interest expense was $0 in 2008, making a percentage increase calculation mathematically undefined.

The answer is: Not applicable",ADI_2009,"The user is asking for the percentage increase in interest expense and penalties in 2009. I need to find interest expense data for 2009 and compare it to a previous year (likely 2008) to calculate the percentage increase. The context mentions ""Interest expense"" in the Nonoperating (Income) Expense table: 2009: 4,094; 2008: —; 2007: —. So interest expense in 2008 and 2007 is zero (or not reported). The question asks for ""percentage increase in interest expanse and penalties in 2009"". ""Expanse"" likely means ""expense"". Penalties? Not sure if penalties are mentioned. The context shows ""Interest expense"" only. There's no mention of penalties. The interest expense in 2009 is $4,094 thousand. In 2008 it's zero (or dash). Percentage increase from zero is undefined (infinite). However, maybe they want the percentage increase from 2008 to 2009. Since 2008 is zero, the increase is 100%? Or maybe they want the interest expense as a percentage of something? The question: ""what is the percentage increase in interest expanse and penalties in 2009?"" Could be misinterpreted. Let's search for ""penalties"" in the context. I don't see any mention of penalties. The context includes ""Interest expense"" and ""Interest income"". There's also ""Other, net"". No penalties.

Maybe the question refers to ""interest expense and penalties"" as a line item in some other statement? The context includes a table ""Nonoperating (Income) Expense"" with Interest expense, Interest income, Other, net. The interest expense in 2009 is 4,094 (thousands). In 2008 it's — (zero). So the increase is from 0 to 4,094. Percentage increase is not defined. However, sometimes they might consider the increase as 100%? Or maybe they want the interest expense as a percentage of total revenue? The question says ""percentage increase in interest expanse and penalties in 2009"". Could be a trick: there is no penalties, and interest expense increased from zero to ","settlement and a $7.9 million gain from the sale of an investment.
Provision for Income Taxes
2009 2008 2007Fiscal Year
Provision for Income Taxes .................................... $50,036 $140,925 $159,553
Effective Income Tax Rate .................................... 16.8% 21.2% 24.1%
Our effec",nemotron-nvidia,simple,finhybrid
40,S3_FINHYBRID_ADI/2009/page_49.pdf-2,finhybrid,hard,WRONG,"what is the lobor rate as of october 31 , 2009?",29.0% | 0.0029,The answer is: 2.34%,ADI_2009,,"Other DSP .............. 6,208 0% (79)% 29,188 1% 33,430 1%
Total DSP products ...... $ 173,341 9% (34)% $ 264,134 10% $ 247,769 10%
Total Product Revenue .... $2,014,908 100% (22)% $2,582,931 100% $2,429,721 100%
Revenue from one-time IP
license ............... — — 35,000
Total Revenue ........... ",nemotron-nvidia,simple,finhybrid
41,S3_FINHYBRID_ADI/2009/page_90.pdf-3,finhybrid,hard,REFUSED,what percentage did the balance increase from 2007 to 2009?,83.6% | 0.83648,"The provided text does not contain a specific ""balance"" figure to calculate a percentage increase from 2007 to 2009.

The answer is: Not available",ADI_2009,"The user is asking about a percentage increase from 2007 to 2009 for ""the balance"". However, the context provided is a financial report with various figures (revenue, operating income, gross margin, R&D expenses, etc.) but no specific line item labeled ""balance"". I need to infer what ""the balance"" refers to. It could be total revenue, total product revenue, operating income, gross margin, or something else.

Looking at the context:
- Total Revenue: 2007: $2,464,721; 2009: $2,014,908. That's a decrease, not an increase.
- Total Product Revenue: 2007: $2,429,721; 2009: $2,014,908. Decrease.
- Operating income from continuing operations: 2007: not directly given, but 2008 increase of $56.3M over 2007, and 2009 decrease of $340.2M from 2008. Hard to compute.
- Gross Margin: 2007: $1,508,276; 2009: $1,118,637. Decrease.
- R&D Expenses: 2007: $509,553; 2009: $446,980. Decrease.
- Income from Continuing Operations, net of tax: 2007: $502,123; 2009: $247,408. Decrease.
- Diluted EPS: 2007: $1.51; 2009: $0.85. Decrease.
- Nonoperating income: 2007: $(92,734); 2009: $(12,627). That's an increase (less negative). But it's negative.
- Provision for Income Taxes: 2007: $159,553; 2009: $50,036. Decrease.
- Effective Income Tax Rate: 2007: 24.","Revenue ............................................... 14.1% 24.2% 23.1%
The $340.2 million, or 54%, decrease in operating income from continuing operations in fiscal 2009 as
compared to fiscal 2008 was primarily the result of a decrease in revenue of $568.0 million, a 560 basis point
decrease in g",nemotron-nvidia,simple,finhybrid
42,S3_FINHYBRID_ADI/2009/page_90.pdf-4,finhybrid,hard,WRONG,what would be the balance if the company suffered the potential total tax liability of the 2006 and 2007 irs examination?,$ 17966 million | 17966.0,"The provided text states that the Company has not recorded any additional tax liability for the four items related to the 2006 and 2007 IRS examination, which have a potential total tax liability of $195 million. If the company were to suffer this liability, the balance would be reduced by $195 million.

The answer is: $195 million",ADI_2009,,"these proposed adjustments. There are four items with an additional potential total tax liability of $46 million. The
Company has concluded, based on discussions with its tax advisors, that these four items are not likely to result in
any additional tax liability. Therefore, the Company has not reco",nemotron-nvidia,simple,finhybrid
43,S3_FINHYBRID_GS/2016/page_186.pdf-2,finhybrid,hard,REFUSED,"in millions , for 2016 , 2015 , and 2014 what was the total amount of common share repurchases?",90.1 | 90.5,The answer is: Not provided,GS_2016,"The user is asking for the total amount of common share repurchases in millions for 2016, 2015, and 2014. I need to find this information in the provided context.

Looking at the context, I see a table showing share repurchases for October, November, and December 2016. It shows:
- October 2016: 2,650,628 shares at $172.13 average price
- November 2016: 3,164,013 shares at $198.20 average price
- December 2016: 1,768,622 shares at $235.57 average price
- Total: 7,583,263 shares

But this is only for Q4 2016, not the full year 2016, and not for 2015 and 2014.

I need to look for information about total share repurchases for each year. Let me search the text for ""repurchase"" or ""share repurchase"" amounts.

In the cash flow statement section, I see ""Cash flows related to common stock repurchased includes common stock repurchased in the prior period for which settlement occurred during the current period and excludes common stock repurchased during the current period for which settlement occurred in the following period."" But no dollar amounts are given for the total repurchases per year.

In the Selected Financial Data section (Item 6), it says ""The Selected Financial Data table is set forth under Part II, Item 8 of this Form 10-K."" But that table isn't provided in the context.

In the Quarterly Results section, there's no mention of share repurchase amounts.

In the EPS section, there's information about weighted average shares but not repurchase amounts.

Let me check the cash flow statements more carefully. There are two cash flow statements in the text. The first one shows:
""Net cash provided by financing activities 2,062 9,225 4,293"" for what appears to be 2016, 2015, 2014 (though the years aren't clearly labeled in that snippet).

The second cash flow statement shows:
""Net cash provided by financing activities 13,4","Excess tax benefit related to share-based
awards 202 407 782
Cash settlement of share-based awards — (2) (1)
Net cash provided by financing activities 2,062 9,225 4,293
Net increase in cash and cash equivalents 1,745
1,294 25
Cash and cash equivalents, beginning balance 1,336 42 17
Cash and cash e q",nemotron-nvidia,simple,finhybrid
44,S3_FINHYBRID_GS/2016/page_79.pdf-4,finhybrid,hard,REFUSED,of the total aus net inflows/ ( outflows ) for 2014 were fixed income asset inflows in connection with our acquisition of deutsche asset & wealth management 2019s stable value business greater than the liquidity products inflows in connection with our acquisition of rbs asset management 2019s money market funds?,yes | yes,"The provided text does not contain information regarding acquisitions of Deutsche Asset & Wealth Management's stable value business or RBS Asset Management's money market funds, nor does it provide a breakdown of net inflows/outflows for 2014.

The answer is: Not mentioned in the report",GS_2016,"The answer is: The provided text does not contain information about 2014 acquisitions of Deutsche Asset & Wealth Management's stable value business or RBS Asset Management's money market funds, so the comparison cannot be made from this question asks for cannot be determined from this context.","Alternative investments $ 149 $ 145 $ 145
Equity 256 247 225
Fixed income 578 530 499
Total long-term assets under supervision 983 922 869
Liquidity products 326 272 248
Total assets under supervision $1,309 $1,194 $1,117
Operating Environment. Following a challenging first
quarter of 2016, market c",nemotron-nvidia,simple,finhybrid
45,S3_FINHYBRID_GS/2016/page_79.pdf-2,finhybrid,hard,WRONG,"in billions , for 2016 , 2015 , and 2014 , what are total alternative investments?",439 | 439.0,"The answer is: 2016: $154, 2015: $148, 2014: $143",GS_2016,"The answer is: 154, 148, 143","Investment Management segment.
Year Ended December
$ in millions 2016 2015 2014
Management and other fees $4,798 $4,887 $4,800
Incentive fees 421 780 776
Transaction revenues 569 539 466
Total net revenues 5,788 6,206 6,042
Operating expenses 4,654 4,841 4,647
Pre-tax earnings $1,134 $1,365 $1,395
T",nemotron-nvidia,simple,finhybrid
46,S3_FINHYBRID_GS/2016/page_186.pdf-1,finhybrid,hard,REFUSED,what was the difference in millions between the total cost of common shares repurchases from 2015 to 2016?,1874 | 1874.0,"[Assistant]: To determine the difference in the total cost of common share repurchases between 2015 and 2016, we look at the provided data for share repurchases:

1.  **2016 Data:**
    *   October 2016: 2,650,628 shares at $172.13 = $456,256,665.64
    *   November 2016: 3,164,013 shares at $198.20 = $627,107,376.60
    *   December 2016: 1,768,622 shares at $235.57 = $416,636,664.54
    *   Total for the period provided: $1,500,000,706.78 (approx. $1.5 billion).

However, the report does not provide a full annual total for common share repurchases for 2015 or 2016 in the provided text, only the specific months of October, November, and December 2016. Based strictly on the provided context, there is insufficient information to calculate the total annual difference.

The answer is: Insufficient information",GS_2016,"The user is asking for the difference in millions between the total cost of common shares repurchases from 2015 to 2016. I need to find the total cost of common shares repurchased in 2015 and 2016 from the context.

Looking at the context, I see a table at the beginning showing share repurchases for October, November, December 2016:
- October 2016: 2,650,628 shares at $172.13
- November 2016: 3,164,013 shares at $198.20
- December 2016: 1,768,622 shares at $235.57
- Total: 7,583,263 shares

But this only shows 2016 data (Q4 2016). I need the total for full year 2016 and full year 2015.

Let me search for ""common stock repurchased"" or ""repurchase"" in the context to find annual totals.

In the cash flow statement section, I see:
""Cash flows related to common stock repurchased includes common stock repurchased in the prior period for which settlement occurred during the current period and excludes common stock repurchased during the current period for which settlement occurred in the following period.""

But I don't see the actual dollar amounts for 2015 and 2016 total repurchases.

Let me look more carefully. In the first table, it shows Q4 2016 repurchases with prices and shares. The total shares for Q4 2016 is 7,583,263. But I need the dollar amount.

Calculating Q4 2016 cost:
- Oct: 2,650,628 × $172.13 = ~$456.2 million
- Nov: 3,164,013 × $198.20 = ~$627.1 million
- Dec: 1,768,622 × $235.57 = ~$416.6 million
- Total Q4 2016: ~","Shares
Purchased
as Part of
a Publicly
Announced
ProgramMaximum
Shares
That May
Yet Be
Purchased
Under the
Program
October 2016 2,650,628 $172.13 2,650,628 31,545,097
November 2016 3,164,013 $198.20 3,164,013 28,381,084
December 2016 1,768,622 $235.57 1,768,622 26,612,462
Total 7,583,263 7,583,263
S",nemotron-nvidia,simple,finhybrid
47,S3_FINHYBRID_GS/2016/page_183.pdf-1,finhybrid,hard,WRONG,what were total investment commitments in billions for 2016 and 2015 related to commitments to invest in funds managed by the firm?,4.96 | 4.96,The answer is: 2.10 and 2.86,GS_2016,The answer is: $2.10 billion for 2016 and $2.86 billion for 2015,"Year Ended December
$ in millions 2016 2015 2014
Investment banking $ 6,273 $ 7,027 $ 6,464
Investment management 5,407 5,868 5,748
Commissions and fees 3,208 3,320 3,316
Market making 9,933 9,523 8,365
Other principal transactions 3,200 5,018 6,588
Total non-interest revenues 28,021 30,756 30,481
I",nemotron-nvidia,simple,finhybrid
48,S3_FINHYBRID_GS/2016/page_186.pdf-3,finhybrid,hard,REFUSED,what was the difference in millions between the total cost of common shares repurchases from 2015 to 2016?,-1274 | -1274.0,"[Assistant]: To determine the difference in the total cost of common share repurchases between 2015 and 2016, we look at the provided data for share repurchases:

1.  **2016 Data:**
    *   October 2016: 2,650,628 shares at $172.13 = $456,256,665.64
    *   November 2016: 3,164,013 shares at $198.20 = $627,107,376.60
    *   December 2016: 1,768,622 shares at $235.57 = $416,636,664.54
    *   Total for the period provided: $1,500,000,706.78 (approx. $1.5 billion).

However, the report does not provide a full annual total for common share repurchases for 2015 or 2016 in the provided text, only the specific months of October, November, and December 2016. Based strictly on the provided context, there is insufficient information to calculate the total annual difference.

The answer is: Insufficient information",GS_2016,"The user is asking for the difference in millions between the total cost of common shares repurchases from 2015 to 2016. I need to find the total cost of common shares repurchased in 2015 and 2016 from the context.

Looking at the context, I see a table at the beginning showing share repurchases for October, November, December 2016:
- October 2016: 2,650,628 shares at $172.13
- November 2016: 3,164,013 shares at $198.20
- December 2016: 1,768,622 shares at $235.57
- Total: 7,583,263 shares

But this only shows 2016 data (Q4 2016). I need the total for full year 2016 and full year 2015.

Let me search for ""common stock repurchased"" or ""repurchase"" in the context to find annual totals.

In the cash flow statement section, I see:
""Cash flows related to common stock repurchased includes common stock repurchased in the prior period for which settlement occurred during the current period and excludes common stock repurchased during the current period for which settlement occurred in the following period.""

But I don't see the actual dollar amounts for 2015 and 2016 total repurchases.

Let me look more carefully. There's a table at the very beginning showing Q4 2016 repurchases with prices and share counts. I could calculate the Q4 2016 total cost:
- Oct: 2,650,628 × $172.13 = ~$456.3 million
- Nov: 3,164,013 × $198.20 = ~$627.1 million
- Dec: 1,768,622 × $235.57 = ~$416.6 million
- Total Q4 2016: ~$1,500 million

But this is only Q4 2016, not full year 2","Shares
Purchased
as Part of
a Publicly
Announced
ProgramMaximum
Shares
That May
Yet Be
Purchased
Under the
Program
October 2016 2,650,628 $172.13 2,650,628 31,545,097
November 2016 3,164,013 $198.20 3,164,013 28,381,084
December 2016 1,768,622 $235.57 1,768,622 26,612,462
Total 7,583,263 7,583,263
S",nemotron-nvidia,simple,finhybrid
49,S3_FINHYBRID_GS/2016/page_186.pdf-4,finhybrid,hard,WRONG,"what was total shareholders 2019 equity common equity dividends declared per common share in 2016 , 2015 and 2014?",7.40 | 7.4,"The answer is: 2016: $2.60, 2015: $2.55, 2014: $2.25",GS_2016,"The answer is: 2016: $2.60, 2015: $2.55, 2014: $2.25","2016March
2016
Non-interest revenues $7,834 $7,554 $7,178 $ 5,455
Interest income 2,424 2,389 2,530 2,348
Interest expense 2,088 1,775 1,776 1,465
Net interest income 336 614 754 883
Net revenues, including net
interest income 8,170 8,168 7,932 6,338
Operating expenses 4,773 5,300 5,469 4,762
Pre-ta",nemotron-nvidia,simple,finhybrid
50,S3_FINHYBRID_GS/2016/page_81.pdf-2,finhybrid,hard,REFUSED,what is the debt-to-total asset ratio in 2015?,2.7% | 0.02695,"To calculate the debt-to-total asset ratio for 2015, we use the provided data:
1. Total assets in 2015 = $861,395 million.
2. The context defines the leverage ratio as total assets divided by total shareholders' equity, but does not provide a specific ""total debt"" figure for the entire firm. However, the ""debt to equity ratio"" is defined as ""unsecured long-term borrowings divided by total shareholders’ equity.""
3. Based on the provided tables, there is no explicit ""total debt"" line item provided to calculate a ""debt-to-total asset"" ratio.

Given the information provided in the context, the specific debt-to-total asset ratio is not explicitly stated or calculable from the provided figures.

The answer is: Not available",GS_2016,"The user is asking for the debt-to-total asset ratio in 2015 based on the provided context. Let me search through the context for relevant information.

The context contains a lot of financial data from Goldman Sachs' 2016 Form 10-K. I need to find:
1. Total assets for 2015
2. Total debt (or liabilities) for 2015
3. Calculate the debt-to-total asset ratio

Looking through the context, I see:
- ""Total assets $860,165 $861,395"" - this appears to be for 2016 and 2015 respectively (since the table says ""As of December $ in millions 2016 2015"")
- So total assets for 2015 = $861,395 million

Now I need to find total debt or total liabilities for 2015. The context mentions:
- ""Total financial liabilities at fair value $271,284 $280,939"" for 201016 and 2015
- But this is only financial liabilities at fair value, not total liabilities

The context also mentions:
- ""unsecured long-term borrowings"" in the debt to equity ratio definition
- ""secured financings, unsecured long-term and short-term borrowings, and deposits"" as funding sources

But I don't see a clear ""Total liabilities"" or ""Total debt"" figure for 2015 in the provided text. The context shows:
- Total shareholders' equity for 2015: $86,728 million
- Total assets for 2015: $861,395 million

If I assume the balance sheet equation: Assets = Liabilities + Equity
Then Liabilities = Assets - Equity = $861,395 - $86,728 = $774,667 million

Debt-to-total asset ratio = Total Liabilities / Total Assets = $774,667 / $861,395 ≈ 0.899 or 89.9%

But the question asks for ""debt-to-total asset ratio"" which might specifically mean interest-bearing debt / total assets, not total","In the table above:
‰The leverage ratio equals total assets divided by total
shareholders’ equity and measures the proportion ofequity and debt we use to finance assets. This ratio isdifferent from the Tier 1 leverage ratio included inNote 20 to the consolidated financial statements.
‰The debt to eq",nemotron-nvidia,simple,finhybrid
51,S3_FINHYBRID_GS/2016/page_161.pdf-3,finhybrid,hard,WRONG,"for december 2016 and december 2015 , what was total fair value of loans receivable in billions?",94.99 | 94.99,The answer is: $49.80 billion and $45.19 billion,GS_2016,The answer is: $49.80 billion (December 2016) and $45.19 billion (December 2015),"Loans backed by residential real estate 3,865 2,316
Other loans 2,890 3,533
Total loans receivable, gross 50,181 45,821
Allowance for loan losses (509) (414)
Total loans receivable $49,672 $45,407
As of December 2016 and December 2015, the fair value of
loans receivable was $49.80 billion and $45.19",nemotron-nvidia,simple,finhybrid
52,S3_FINHYBRID_GS/2016/page_183.pdf-2,finhybrid,hard,WRONG,"what was total rent charged to operating expense in millions for 2016 , 2015 and 2014?",802 | 802.0,"The answer is: 2016: $244 million, 2015: $249 million, 2014: $309 million",GS_2016,"The user is asking for the total rent charged to operating expense in millions for 2016, 2015, and 2014. I need to find this information in the provided context.

Looking through the context, I see a section about ""Leases"" that mentions: ""Rent charged to operating expense was $244 million for 2016, $249 million for 2015 and $309 million for 2014.""

This is exactly what the question is asking for. The values are:
- 2016: $244 million
- 2015: $249 million
- 2014: $309 million

The question asks for ""total rent charged to operating expense in millions for 2016, 2015 and 2014"". This could be interpreted as the individual values for each year, or the sum across all three years. Given the phrasing ""for 2016, 2015 and 2014"", it's likely asking for the values for each year. However, ""total"" might imply the sum. Let me check the context again.

The text says: ""Rent charged to operating expense was $244 million for 2016, $249 million for 2015 and $309 million for 2014.""

It lists them separately. The question says ""what was total rent charged to operating expense in millions for 2016 , 2015 and 2014?"" The word ""total"" might be a bit ambiguous. It could mean ""what were the totals for each year"" or ""what is the sum total across the three years"". In financial reporting contexts, when asked for values for multiple years, they usually want the individual annual figures. But the word ""total"" is singular.

Let me re-read: ""what was total rent charged to operating expense in millions for 2016 , 2015 and 2014?""

I think the safest answer is to provide the three figures as stated in the text. The format should be simple and short. I'll list them as: 2016: $244 million, 2015: $249 million, 2014:","provisions of $3.37 billion recorded for the settlementagreement with the RMBS Working Group. See Note 27 tothe consolidated financial statements in Part II, Item 8 ofthe 2015 Form 10-K for further information.
2016 versus 2015. Operating expenses in the consolidated
statements of earnings were $20.",nemotron-nvidia,simple,finhybrid
53,S3_FINHYBRID_GS/2016/page_81.pdf-1,finhybrid,hard,REFUSED,what is the debt-to-total asset ratio in 2016?,2.5% | 0.0252,"To determine the debt-to-total asset ratio for 2016, we look at the provided financial data:

1.  **Total Assets** for 2016: $860,165 million.
2.  **Debt**: The context defines ""unsecured long-term borrowings"" as a component of debt, but does not provide a single ""Total Debt"" figure. However, the ""Funding Sources"" section lists various forms of debt. Looking at the provided tables, there is no explicit ""Total Debt"" line item to calculate a standard debt-to-asset ratio. 

If we look at the provided ""Financial Overview"" and ""Balance Sheet"" tables, the information required to calculate a comprehensive ""debt-to-total asset ratio"" (which typically requires total liabilities or specific debt categories not fully aggregated in the provided text) is not explicitly stated as a single ratio.

However, based strictly on the provided text, the data necessary to calculate this specific ratio is not available.

The answer is: Not provided",GS_2016,"The user is asking for the debt-to-total asset ratio in 2016 based on the provided context. Let me search through the text for relevant information.

The context contains a lot of financial data from Goldman Sachs' 2016 Form 10-K. I need to find:
1. Total assets for 2016
2. Total debt (or liabilities) for 2016
3. Calculate debt-to-total asset ratio = Total Debt / Total Assets

Looking through the text:

From the first table: ""Total assets $860,165 $861,395"" - this appears to be for 2016 and 2015 respectively. So Total assets in 2016 = $860,165 million.

Now I need total debt. The text mentions various types of debt:
- ""unsecured long-term borrowings"" (mentioned in debt to equity ratio definition)
- ""secured financings""
- ""unsecured long-term and short-term borrowings""
- ""deposits""
- ""Collateralized financings""
- ""Long-term unsecured debt""
- ""Short-term unsecured debt""

But I don't see a clear ""Total Debt"" or ""Total Liabilities"" figure explicitly stated. Let me look for a balance sheet or liabilities summary.

The text mentions: ""Total financial liabilities at fair value $271,284 $280,939"" for 2016 and 2015.

But that's only financial liabilities at fair value, not total liabilities.

There's also: ""Total shareholders' equity $ 86,893 $ 86,728"" for 2016 and 2015.

In accounting: Total Assets = Total Liabilities + Total Shareholders' Equity

So Total Liabilities (Debt) = Total Assets - Total Shareholders' Equity
= $860,165 - $86,893 = $773,272 million

Debt-to-total asset ratio = Total Liabilities / Total Assets = $773,272 / $860,165 = 0.899 or 89.9%

Let me verify this calculation:
- Total assets 2016:","In the table above:
‰The leverage ratio equals total assets divided by total
shareholders’ equity and measures the proportion ofequity and debt we use to finance assets. This ratio isdifferent from the Tier 1 leverage ratio included inNote 20 to the consolidated financial statements.
‰The debt to eq",nemotron-nvidia,simple,finhybrid
54,S3_FINHYBRID_GS/2016/page_70.pdf-1,finhybrid,hard,WRONG,what is the net change in the number of staff in 2016?,-2400 | -2400.0,"The provided text states that total staff decreased by 7% during 2016.

The answer is: 7% decrease",GS_2016,The answer is: Decreased by 7%,"The impact of our efforts can be seen by comparing our 
results in 2016 to 2011. 2011 was an instructive year — as it was a tough net revenues year, similar to 2016. In 2011, we had net revenues of approximately $29 billion with operating expenses of approximately $23 billion. Our compensation and b",nemotron-nvidia,simple,finhybrid
55,S3_FINHYBRID_GS/2016/page_70.pdf-2,finhybrid,hard,REFUSED,what is the net change in the number of staff in 2015?,2800 | 2800.0,"The provided text states that total staff increased 8% during 2015, but it does not provide the specific numerical count of staff at the beginning or end of the year to calculate a net change in the number of individuals.

The answer is: Not mentioned",GS_2016,The answer is: increased 8%,"Operating expenses were $4.65 billion for 2016, 4% lower
than 2015, due to decreased compensation and benefitsexpenses, reflecting lower net revenues. Pre-tax earningswere $1.13 billion in 2016, 17% lower than 2015.
2015 versus 2014. Net revenues in Investment
Management were $6.21 billion for 2015,",nemotron-nvidia,simple,finhybrid
56,S3_FINHYBRID_GS/2016/page_77.pdf-2,finhybrid,hard,REFUSED,"in millions for 2016 2015 , and 2014 , what are total equity securities?",10933 | 10933.0,"The provided context does not contain information regarding the total value of equity securities for the years 2016, 2015, and 2014.

The answer is: Not available",GS_2016,,"As of December
$ in millions 2016 2015
Total level 1 financial assets $135,401 $153,051
Total level 2 financial assets 419,585 432,445
Total level 3 financial assets 23,280 24,046
Investments in funds at NAV 6,465 7,757
Counterparty and cash collateral netting (87,038) (90,612)
Total financial asset",nemotron-nvidia,simple,finhybrid
57,S3_FINHYBRID_GS/2016/page_77.pdf-3,finhybrid,hard,WRONG,operating expenses were what multiple of pre-tax earnings in 2015?,11.52 | 11.52066,The answer is: 2.85,GS_2016,The answer is: 2.85,"provisions of $3.37 billion recorded for the settlementagreement with the RMBS Working Group. See Note 27 tothe consolidated financial statements in Part II, Item 8 ofthe 2015 Form 10-K for further information.
2016 versus 2015. Operating expenses in the consolidated
statements of earnings were $20.",nemotron-nvidia,simple,finhybrid
58,S3_FINHYBRID_JKHY/2015/page_20.pdf-2,finhybrid,hard,WRONG,what was the percentage change in the 5 year annual performance of the peer group stock from 2010 to 2011,8.3% | 0.08276,The answer is: 36.78%,JKHY_2015,The answer is: 36.78%,"Total 150,146 65.87 150,100 8,147,984
(1) 150,100 shares were purchased through a publicly announced repurchase plan. There were 46 shares surrendered to the Company to satisfy tax 
withholding obligations in connection with employee restricted stock awards.
(2) Total stock repurchase authorizations",nemotron-nvidia,simple,finhybrid
59,S3_FINHYBRID_JKHY/2015/page_20.pdf-3,finhybrid,hard,WRONG,"in 2010 , what was the cumulative total return of the s&p 500?",30.69 | 30.69,The answer is: 100.00,JKHY_2015,"The user is asking for the cumulative total return of the S&P 500 in 2010 based on the provided context. The context includes a performance graph comparing Jack Henry & Associates (JKHY), the S&P 500 Index, and a Peer Group over a five-year period ended June 30, 2015. The graph shows values for 2010, 2011, 2012, 2013, 2014, 2015.

Looking at the data:
- 2010: S&P 500 = 100.00
- 2011: S&P 500 = 130.69
- 2012: S&P 500 = 137.81
- 2013: S&P 500 = 166.20
- 2014: S&P 500 = 207.10
- 2015: S&P 500 = 222.47

The question asks: ""in 2010, what was the cumulative total return of the s&p 500?""

The graph shows the cumulative total return index values, with 2010 as the base year (100.00). The cumulative total return in 2010 would be the base value, which is 100.00 (or 0% return from the starting point). However, the question might be asking for the value shown for 2010, which is 100.00.

The context says: ""This comparison assumes $100 was invested on June 30, 2010, and assumes reinvestments of dividends."" So the index starts at 100.00 on June 30, 2010.

Thus, the cumulative total return of the S&P 500 in 2010 (the starting point) is 100.00 (index value). If they want the return percentage, it would be 0% (since it's the base). But the graph shows ""100.00"" for 2010.

The answer should","Total 150,146 65.87 150,100 8,147,984
(1) 150,100 shares were purchased through a publicly announced repurchase plan. There were 46 shares surrendered to the Company to satisfy tax 
withholding obligations in connection with employee restricted stock awards.
(2) Total stock repurchase authorizations",nemotron-nvidia,simple,finhybrid
60,S3_FINHYBRID_JKHY/2015/page_20.pdf-1,finhybrid,hard,WRONG,"for the 2010 , what was the cumulative total return on jkhy?",27.44 | 27.44,The answer is: 100.00,JKHY_2015,,"Total 150,146 65.87 150,100 8,147,984
(1) 150,100 shares were purchased through a publicly announced repurchase plan. There were 46 shares surrendered to the Company to satisfy tax 
withholding obligations in connection with employee restricted stock awards.
(2) Total stock repurchase authorizations",nemotron-nvidia,simple,finhybrid
61,S2_Q001,music_structured,medium,WRONG,Which artist has the highest popularity score and how many albums have they released?,The Ortegas 1.0 10 albums,"The answer is: The artist with the highest popularity score is The Haydens (ART_0347) with a score of 0.145, and they have released 1 album (ALB_0151).",music_dataset,"The user is asking for the artist with the highest popularity score and how many albums they have released. I need to examine the context data to find this information.

Looking at the context, I see there's an ""Artists"" section with 294 records, showing artist_id, name, country, primary_genre, secondary_genre, debut_year, label_id, is_active, and popularity_score.

I need to scan through the artist data to find the highest popularity_score. Let me look through the provided artist records:

ART_0172: James Elliott - 0.031
ART_0423: The Browns - 0.039
ART_0655: Kelly Torres - 0.027
ART_0283: David Wilson - 0.017
ART_0662: Todd Moore - 0.027
ART_0336: The Knights - 0.018
ART_0241: Duane Mendoza - 0.017
ART_0197: The Odonnells - 0.017
ART_0643: The Wards - 0.039
ART_0212: Timothy Ramirez - 0.024
ART_0082: Kimberly Davenport - 0.03
ART_0505: Jeremiah Harrison - 0.017
ART_0652: The Deleons - 0.021
ART_0512: The Bests - 0.019
ART_0693: The Lunas - 0.022
ART_0314: Patrick Thornton - 0.055
ART_0096: Richard Rodriguez - 0.018
ART_0572: Gabriela Thomas - 0.019
ART_0348: Ryan Gonzalez - 0.021
ART_0395: Brittany Perry - 0.051
ART_0055: Timothy Walls - 0.02
ART_0397: The Lynns - 0.027
ART_0155: George Orozco - 0.044
ART","2018
True
AWD_0081
ART_0437
Global	Music	Award
Breakthrough	Artist
2020
True
AWD_0382
ART_0437
Streaming	Record	Award
Best	Album
2016
TrueAWD_0304
ART_0147
Sound	&	Vision	Prize
Best	Pop	Artist
2013
False
AWD_0286
ART_0437
Golden	Mic
Song	of	the	Year
2014
True
AWD_0041
ART_0437
Golden	Mic
Top	Produce",nemotron-nvidia,simple,music_structured
62,S2_Q002,music_structured,medium,WRONG,What is the average track duration in minutes across all tracks?,4.74 minutes,The answer is: 4.38 minutes,music_dataset,"The user is asking for the average track duration in minutes across all tracks. I need to look at the context provided, which contains a dataset of tracks with their durations in milliseconds. I need to calculate the average duration in minutes.

First, I need to extract all track durations from the context. The context includes a ""Tracks"" section with 44 records. Each track has a ""duration_ms"" field. I need to sum all duration_ms values and divide by the number of tracks (44), then convert milliseconds to minutes (1 minute = 60,000 ms).

Let me list all the tracks and their durations from the context:

From the Tracks section:

1. TRK_03893: 263761 ms
2. TRK_02758: 168594 ms
3. TRK_00993: 336646 ms
4. TRK_04234: 182322 ms
5. TRK_00996: 272142 ms
6. TRK_05633: 308467 ms
7. TRK_04913: 198214 ms
8. TRK_04735: 217255 ms
9. TRK_03791: 347031 ms
10. TRK_01994: 730398 ms
11. TRK_05826: 324690 ms
12. TRK_01062: 755134 ms
13. TRK_01654: 182935 ms

Wait, there are only 13 tracks listed in the Tracks section? The header says ""44 records"" but only 13 are shown in the provided context. The context might be truncated. However, I must work with the data provided. The user asks ""across all tracks"" - but the context only shows 13 tracks. Perhaps the dataset includes more tracks in the earlier ""Track Features"" section? That section also lists tracks with IDs like TRK_00139, TRK_004","2
297314
False
2026-04-27
CG061JJU537
0.043
TRK_02964
ALB_0481
ART_0270
Himself
7
286090
False
2018-10-07
BH499HIL887
0.046
TRK_03819
ALB_1283
ART_0613
Region	Back	Character
3
281790
False
2013-02-07
AD447JMW120
0.059
TRK_05413
ALB_1020
ART_0161
Single	Almost	Where
4
189503
False
2022-08-17
MM905HFW",nemotron-nvidia,simple,music_structured
63,S2_Q003,music_structured,medium,WRONG,Which music genre has the most artists and how many?,Hip-Hop 42 artists,"The answer is: The Hip-Hop genre has the most artists, with 41 artists listed in the provided context.",music_dataset,,"Electronic
2014
LBL_0025
True
0.026
ART_0599
Dayxx
Switzerland
Electronic
Indie
2012
LBL_0032
True
0.019
ART_0373
Misty	Whitney
Tanzania
Electronic
R&B
1998
LBL_0016
True
0.046
ART_0463
Amber	Miller
UK
Electronic
Indie
2004
LBL_0036
True
0.017
ART_0231
Tapiax
UK
Electronic
Rock
2001
LBL_0050
True
0.",nemotron-nvidia,simple,music_structured
64,S2_Q004,music_structured,medium,WRONG,What percentage of artists are currently active?,84.69%,The answer is: 80%,music_dataset,"The user is asking for the percentage of artists that are currently active based on the provided context. I need to analyze the Artists data in the context.

Looking at the context, there's an ""Artists"" section with 294 records. Each record has an ""is_active"" field which is either ""True"" or ""False"". I need to count how many are ""True"" and calculate the percentage.

However, the context shows only a portion of the 294 records - it's a sample. I cannot count all 294 from the visible data. The context says ""Artists 294 records"" but only shows a subset.

I need to check if the full data is provided or if I should calculate from the visible sample. Since the full 294 records aren't shown, I cannot accurately calculate the exact percentage. But perhaps I should count from the visible records as an approximation, or state that the full data isn't provided.

Let me count the visible records in the context. The context shows many artist records, but it's truncated. I'll need to count the ""is_active"" values in the visible portion.

Actually, looking more carefully, the context appears to be a CSV-like format with many rows. But it's cut off. The user might expect me to calculate from the provided data.

Let me scan through the visible artist records and count True/False for is_active.

From the visible data:
ART_0172: True
ART_0423: False
ART_0655: True
ART_0283: True
ART_0662: False
ART_0336: False
ART_0241: True
ART_0197: True
ART_0643: True
ART_0212: True
ART_0082: True
ART_0505: True
ART_0652: True
ART_0512: False
ART_0693: False
ART_0314: False
ART_0096: True
ART_0572: False
ART_0348: True
ART_0395: True
ART_0055: True
ART_0397: True
ART_0155: True
ART_0022: True","Music	Industry	Dataset
Record	Labels
50	records
label_id
name
country
founding_year
label_type
royalty_rate_per_stream
LBL_0001
Universal	Records
USA
1970
Major
0.00456
LBL_0002
Sony	Records
France
1973
Major
0.00538
LBL_0003
Warner	Records
Canada
1957
Major
0.0047
LBL_0004
Capitol	Records
UK
1953
M",nemotron-nvidia,simple,music_structured
65,S2_Q005,music_structured,medium,WRONG,How many tracks have explicit content?,6 tracks,The answer is: 0,music_dataset,"The answer is: The provided context does not contain information about explicit content for tracks. The track features table includes tempo, energy, danceability, valence, acousticness, loudness, instrumentalness, speechiness, liveness, key, mode, and time signature, but no explicit content field.","2
297314
False
2026-04-27
CG061JJU537
0.043
TRK_02964
ALB_0481
ART_0270
Himself
7
286090
False
2018-10-07
BH499HIL887
0.046
TRK_03819
ALB_1283
ART_0613
Region	Back	Character
3
281790
False
2013-02-07
AD447JMW120
0.059
TRK_05413
ALB_1020
ART_0161
Single	Almost	Where
4
189503
False
2022-08-17
MM905HFW",nemotron-nvidia,simple,music_structured
66,S2_Q006,music_structured,medium,WRONG,Which record label has signed the most artists?,Gray-Mayo Entertainment 10,The answer is: LBL_0006,music_dataset,"The user is asking which record label has signed the most artists based on the provided context. I need to analyze the Artists data to count how many artists are associated with each label_id.

Looking at the context, I can see there's an ""Artists"" section with 294 records. Each artist has a label_id field. I need to count the frequency of each label_id in the artist data.

Let me scan through the artist data to count label occurrences. The data shows artists with their label_ids. I'll need to tally them up.

From the visible data:
- LBL_0006 appears multiple times (ART_0172, ART_0655, ART_0162, ART_0028)
- LBL_0010 appears twice (ART_0241, ART_0197)
- LBL_0011 appears twice (ART_0242, ART_0466)
- LBL_0012 appears twice (ART_0693, ART_0618)
- LBL_0015 appears twice (ART_0008222, ART_0227)
- LBL_0016 appears multiple times (ART_0336, ART_0022, ART_0373, ART_0275)
- LBL_0017 appears once (ART_0276)
- LBL_0019 appears twice (ART_0514, ART_0245)
- LBL_0020 appears three times (ART_0662, ART_0398, ART_0666)
- LBL_0021 appears four times (ART_0692, ART_0261, ART_0691, ART_0334)
- LBL_0022 appears once (ART_0161)
- LBL_0023 appears once (ART_0263)
- LBL_0024 appears once (ART_0040)
- LBL_0025 appears once (ART_0505)
- LBL_0026 appears four times (ART_0423, ART_02","Music	Industry	Dataset
Record	Labels
50	records
label_id
name
country
founding_year
label_type
royalty_rate_per_stream
LBL_0001
Universal	Records
USA
1970
Major
0.00456
LBL_0002
Sony	Records
France
1973
Major
0.00538
LBL_0003
Warner	Records
Canada
1957
Major
0.0047
LBL_0004
Capitol	Records
UK
1953
M",nemotron-nvidia,simple,music_structured
67,S2_Q007,music_structured,hard,REFUSED,What is the average number of tracks per album for each genre?,Jazz 2.0,"The answer is: Based on the provided dataset, the average number of tracks per album cannot be calculated because the ""Tracks"" table does not contain a complete list of tracks for every album, and the ""Albums"" table does not provide a track count for each entry.",music_dataset,"The user is asking for the average number of tracks per album for each genre. I need to look at the context provided. The context contains several tables: Record Labels, Artists, Albums, Tracks, and some other data. However, the data seems to be fragmented and not fully structured. There are tables for Albums, Tracks, Artists, etc. But the data is presented in a messy format, with multiple tables concatenated.

I need to parse the data to compute average tracks per album per genre. The genre information is likely in the Albums table (primary_genre, secondary_genre) or Artists table (primary_genre, secondary_genre). The Albums table has columns: album_id, artist_id, title, release_year, release_date, primary_genre, secondary_genre, type, track_count, popularity_score. The Tracks table has track_id, album_id, artist_id, title, track_number, duration_ms, explicit, release_date, isrc, popularity_score.

To compute average tracks per album per genre, I need to group albums by genre (probably primary_genre) and calculate average track_count. However, the track_count column in Albums might already indicate the number of tracks per album. But the user might want to compute from Tracks table (count tracks per album then average per genre). The Albums table includes track_count, which might be the number of tracks. But the data is messy; I need to extract the relevant rows.

Looking at the context, there is a section ""Albums"" with many rows. Then ""Tracks"" with 44 records. Then ""Artists"" with 294 records. Then ""Record Labels"" with 50 records. The data is not perfectly aligned; there are many rows but the formatting is off.

I need to answer based on the context. However, the context is huge and I cannot compute manually. The user expects an answer from the context. But the context does not contain a precomputed average. I might need to state that the information is not directly available, or I need to compute from the given data. But as an AI, I can attempt to parse the data from the context.

Given the format, the context is a text representation of tables. I could try to extract the Albums table and compute average track_count per primary_genre. But the data is not clean; there are many lines that are not properly separated.

Alternatively, maybe the answer is not in the context, and I should respond that the context does not","Music	Industry	Dataset
Record	Labels
50	records
label_id
name
country
founding_year
label_type
royalty_rate_per_stream
LBL_0001
Universal	Records
USA
1970
Major
0.00456
LBL_0002
Sony	Records
France
1973
Major
0.00538
LBL_0003
Warner	Records
Canada
1957
Major
0.0047
LBL_0004
Capitol	Records
UK
1953
M",nemotron-nvidia,simple,music_structured
68,S2_Q008,music_structured,hard,WRONG,Which artists have won at least one award and how many awards have they won in total?,6 artists Ortegas=12,"The answer is: ART_0437 has won 6 awards, ART_0147 has won 1 award, ART_0476 has won 1 award, and ART_0034 has won 1 award.",music_dataset,,"2018
True
AWD_0081
ART_0437
Global	Music	Award
Breakthrough	Artist
2020
True
AWD_0382
ART_0437
Streaming	Record	Award
Best	Album
2016
TrueAWD_0304
ART_0147
Sound	&	Vision	Prize
Best	Pop	Artist
2013
False
AWD_0286
ART_0437
Golden	Mic
Song	of	the	Year
2014
True
AWD_0041
ART_0437
Golden	Mic
Top	Produce",nemotron-nvidia,simple,music_structured
69,S2_Q009,music_structured,hard,WRONG,"What is the distribution of album types (Single, EP, Album) by record label type (Major, Independent)?",10 combinations,"The answer is: Based on the provided dataset, there is no explicit ""Single"" album type listed. The album types present are ""Studio,"" ""Live,"" ""Compilation,"" and ""EP."" Among the records associated with Major labels, there are 2 Studio albums and 0 EPs. Among the records associated with Independent labels, there are 18 Studio albums, 4 Live albums, 2 Compilation albums, and 2 EPs.",music_dataset,"The user is asking for the distribution of album types (Single, EP, Album) by record label type (Major, Independent). I need to look at the context provided to find this information.

Looking at the context, I see several tables:
1. Record Labels (50 records) with columns: label_id, name, country, founding_year, label_type, royalty_rate_per_stream
2. Artists (294 records) with columns: artist_id, name, country, primary_genre, secondary_genre, debut_year, label_id, is_active, popularity_score
3. Awards (some records)
4. Charts (1 record)
5. Albums (many records) with columns: album_id, artist_id, name, year, release_date, primary_genre, secondary_genre, album_type, tracks, popularity_score

The question asks for distribution of album types (Single, EP, Album) by record label type (Major, Independent). 

I need to:
1. Look at the Albums table to see album_type values
2. Look at the Artists table to get label_id for each artist
3. Look at the Record Labels table to get label_type for each label_id
4. Then cross-reference to get distribution

However, the context provided is just raw data tables. I need to analyze this data to answer the question. But the data is quite large - 294 artists, 50 labels, and many albums. I can't manually compute this from the raw data in the context.

Wait, the context shows album data with album_type column. Let me check what album_type values exist. Scanning through the album records, I see values like ""Studio"", ""Live"", ""Compilation"", ""EP"". I don't see ""Single"" or ""Album"" explicitly - ""Studio"" might correspond to ""Album"", ""EP"" is there, but ""Single"" might not be present or might be called something else.

Actually, looking at the album records:
- ALB_1331: album_type ""Live""
- ALB_1283: album_type ""Studio""
- ALB_0749: album_type ""Studio""
- ALB_0695: album_type ""Compilation""
- ALB_1411: album_type ""Studio""
- ALB_0578: album_type ""Studio""
- ALB_0565: album_type ""Live""
- AL","Music	Industry	Dataset
Record	Labels
50	records
label_id
name
country
founding_year
label_type
royalty_rate_per_stream
LBL_0001
Universal	Records
USA
1970
Major
0.00456
LBL_0002
Sony	Records
France
1973
Major
0.00538
LBL_0003
Warner	Records
Canada
1957
Major
0.0047
LBL_0004
Capitol	Records
UK
1953
M",nemotron-nvidia,simple,music_structured
70,S2_Q012,music_structured,hard,REFUSED,Which artists have tracks in multiple albums and how many albums do they have?,3 artists,"The answer is: Based on the provided dataset, the artist with ID ART_0437 is associated with multiple awards and tracks, but the provided document does not explicitly list a mapping of artists to multiple albums. Therefore, the information to determine which artists have tracks in multiple albums is not available in the context.",music_dataset,"The user is asking: ""Which artists have tracks in multiple albums and how many albums do they have?"" I need to answer based on the provided context. The context includes several tables: Record Labels, Artists, Tracks, Albums, Awards, Charts, Track Features. I need to find artists who have tracks in multiple albums, and count how many albums each such artist has.

First, I need to understand the data structure. There's an Artists table with artist_id, name, etc. There's an Albums table with album_id, artist_id, etc. There's a Tracks table with track_id, album_id, artist_id, etc. So an artist can have multiple albums, and each album can have multiple tracks. The question: ""Which artists have tracks in multiple albums and how many albums do they have?"" This could be interpreted as: For each artist, count the number of distinct albums they have tracks on. Since each track belongs to an album, and each album has an artist_id (presumably the primary artist), but tracks also have an artist_id (maybe featuring artists). The question likely means: artists who have tracks appearing in more than one album (i.e., their tracks are spread across multiple albums). Could be the primary artist of the album, or any artist credited on tracks. The context shows Tracks table has artist_id column. Albums table has artist_id column. Usually, an album is by a primary artist, but tracks might feature other artists. The question: ""Which artists have tracks in multiple albums"" suggests we look at the Tracks table, group by artist_id, count distinct album_id. Then filter those with count > 1. Then output artist name and count.

But the context provided is a large text dump of tables. I need to parse the data from the context. However, the context is not fully structured; it's a mix of tables. I see sections: Record Labels, Artists, Tracks, Albums, Awards, Charts, Track Features. The data seems to be in a tabular format but with spaces. I need to extract the relevant information.

Given the large amount of data, it's impractical to manually parse all. But as an AI, I can simulate querying the data. However, the instruction: ""Given a section of a document, please answer the question according to the context."" The context is the entire provided text. I need to answer based on that context. I should extract the answer from the context. But the context doesn't explicitly have a precomputed","Music	Industry	Dataset
Record	Labels
50	records
label_id
name
country
founding_year
label_type
royalty_rate_per_stream
LBL_0001
Universal	Records
USA
1970
Major
0.00456
LBL_0002
Sony	Records
France
1973
Major
0.00538
LBL_0003
Warner	Records
Canada
1957
Major
0.0047
LBL_0004
Capitol	Records
UK
1953
M",nemotron-nvidia,simple,music_structured
71,S2_Q013,music_structured,hard,WRONG,What is the average speechiness score for explicit vs non-explicit tracks?,Explicit 0.103 Non 0.161,"The answer is: Based on the provided dataset, the average speechiness score for explicit tracks is 0.118, while the average speechiness score for non-explicit tracks is 0.096.",music_dataset,"The user is asking for the average speechiness score for explicit vs non-explicit tracks. I need to look at the context provided to find this information. The context appears to be a music industry dataset with tracks, artists, labels, awards, charts, etc. I need to find where explicit/non-explicit information is stored and speechiness scores.

Looking at the context, I see a table of tracks with columns: track_id, tempo_bpm, energy, danceability, valence, acousticness, loudness_db, instrumentalness, speechiness, liveness, key, mode, time_signature. There are 44 records shown. However, I don't see an ""explicit"" column in this track data. The track data includes speechiness values for each track.

But the question asks for average speechiness score for explicit vs non-explicit tracks. The context doesn't seem to have an explicit flag for tracks. Let me search through the context for ""explicit"". Scanning... I see ""False"" and ""True"" values in some rows, but those appear to be for other fields (like maybe ""is_explicit""?). Let's examine the first few lines:

The context starts with:
""2
297314
False
2026-04-27
CG061JJU537
0.043
TRK_02964
ALB_0481
ART_0270
Himself
7
286090
False
2018-10-07
BH499HIL887
0.046
TRK_03819
ALB_1283
ART_0613
Region	Back	Character
3
281790
False
2013-02-07
AD447JMW120
0.059
TRK_05413
ALB_1020
ART_0161
Single	Almost	Where
4
189503
False
2022-08-17
MM905HFW273
0.045
Track	Features
44	records
track_id
tempo_bpm
energy
dance","2
297314
False
2026-04-27
CG061JJU537
0.043
TRK_02964
ALB_0481
ART_0270
Himself
7
286090
False
2018-10-07
BH499HIL887
0.046
TRK_03819
ALB_1283
ART_0613
Region	Back	Character
3
281790
False
2013-02-07
AD447JMW120
0.059
TRK_05413
ALB_1020
ART_0161
Single	Almost	Where
4
189503
False
2022-08-17
MM905HFW",nemotron-nvidia,simple,music_structured
72,S2_Q014,music_structured,extremely hard,REFUSED,"Calculate the ""musical diversity score"" for each artist based on the variance of their track features (energy, danceability, valence). Which artist has the highest diversity?",David Davis 0.126,"The answer is: The provided document does not contain information regarding track features such as energy, danceability, or valence, nor does it provide a ""musical diversity score"" for the artists listed. Therefore, it is not possible to calculate these scores or determine which artist has the highest diversity based on the context provided.",music_dataset,"The answer is: The provided context does not contain track-level audio features such as energy, danceability, or valence needed to calculate a musical diversity score. The dataset includes artist information (names, countries, genres, labels), album data, record label details, awards, and a single chart entry, but no track feature metrics for variance analysis.","2002
LBL_0026
True
0.024
ART_0602
Chad	Baldwin
France
Jazz
2003
LBL_0038
False
0.02
ART_0413
Hunter	Kramer
Germany
Jazz
Hip-Hop
2023
LBL_0016
True
0.04
ART_0119
Katie	Estrada
Greece
Jazz
1996
LBL_0029
True
0.019
ART_0595
The	Allens
Japan
Jazz
2014
LBL_0031
True
0.019
ART_0563
The	Daviss
Japan
Jazz
P",nemotron-nvidia,simple,music_structured
73,S2_Q015,music_structured,extremely hard,WRONG,"Identify ""overperforming"" artists: those whose award count is disproportionately high relative to their album count and popularity score.",Ortegas 12.00 awards/album,"The answer is: Based on the provided dataset, ART_0437 is the most prominent ""overperforming"" artist. While the dataset lists a single entry for this artist in the Artists table, they are associated with seven distinct awards (AWD_0081, AWD_0382, AWD_0304, AWD_0286, AWD_0041, AWD_0476, and AWD_0043), indicating a high level of industry recognition that is disproportionate to the single record entry provided.",music_dataset,"The user wants to identify ""overperforming"" artists based on the context provided. The context includes three tables: Record Labels, Artists, and Awards (and a Charts table with 1 record). The definition of ""overperforming"" is: artists whose award count is disproportionately high relative to their album count and popularity score.

However, looking at the context, I don't see an ""album count"" column in the Artists table. The Artists table has: artist_id, name, country, primary_genre, secondary_genre, debut_year, label_id, is_active, popularity_score. There is no album count column.

The Awards table has: award_id, artist_id, award_name, category, year, won (True/False).

So I need to calculate award count per artist (presumably only won awards), and compare to popularity_score. But album count is missing. Perhaps ""album count"" is not available, so maybe the user expects me to use the data available: award count vs popularity_score. Or maybe there's an implicit assumption that album count is not in the data, so we can't compute that. But the instruction says ""according to the context"". The context doesn't have album count. So perhaps we need to interpret ""album count"" as something else? Or maybe the user expects us to note that album count is not available.

But the question: ""Identify 'overperforming' artists: those whose award count is disproportionately high relative to their album count and popularity score.""

Given the data, we can compute award count per artist (from Awards table). We have popularity_score per artist. We don't have album count. So we cannot compute relative to album count. However, maybe the ""Charts"" table or something else has album count? The Charts table has only one record: chart_id, track_id, artist_id, chart_name, week_date, peak_position, current_position, weeks_on_chart, movement. That's about tracks, not albums.

Thus, we cannot compute album count. Perhaps the user expects us to use the data we have: award count vs popularity_score. Or maybe we need to state that album count is not available in the context.

But the instruction: ""please answer the question according to the context. The final answer output should be in the format of 'The answer is: <answer>', and the <answer> should be a paragraph from the context or a summarized short phrase.""

So we need to provide an answer based on the context.","Music	Industry	Dataset
Record	Labels
50	records
label_id
name
country
founding_year
label_type
royalty_rate_per_stream
LBL_0001
Universal	Records
USA
1970
Major
0.00456
LBL_0002
Sony	Records
France
1973
Major
0.00538
LBL_0003
Warner	Records
Canada
1957
Major
0.0047
LBL_0004
Capitol	Records
UK
1953
M",nemotron-nvidia,simple,music_structured
74,S2_Q017,music_structured,extremely hard,WRONG,"Calculate the ""genre dominance score"" for each genre based on artist count, album count, and average popularity. Which genre is most dominant?",Rock 0.9127,"The answer is: To calculate the genre dominance score, we first aggregate the data:

*   **Classical:** 19 artists, 3 albums, average popularity 0.031. Score: 19 + 3 + 0.031 = 22.031
*   **Country:** 11 artists, 3 albums, average popularity 0.035. Score: 11 + 3 + 0.035 = 14.035
*   **Electronic:** 10 artists, 0 albums, average popularity 0.035. Score: 10 + 0 + 0.035 = 10.035
*   **Hip-Hop:** 38 artists, 2 albums, average popularity 0.031. Score: 38 + 2 + 0.031 = 40.031
*   **Indie:** 0 artists, 5 albums, average popularity 0.082. Score: 0 + 5 + 0.082 = 5.082
*   **Jazz:** 0 artists, 2 albums, average popularity 0.118. Score: 0 + 2 + 0.118 = 2.118
*   **Metal:** 0 artists, 3 albums, average popularity 0.075. Score: 0 + 3 + 0.075 = 3.075
*   **Pop:** 0 artists, 1 album, average popularity 0.15. Score: 0 + 1 + 0.15 = 1.15
*   **Rock:** 0 artists, 4 albums, average popularity 0.088. Score: 0 + 4 + 0.088 = 4.088

The most dominant genre is Hip-Hop.",music_dataset,"The user wants me to calculate a ""genre dominance score"" for each genre based on artist count, album count, and average popularity, and then determine which genre is most dominant.

First, I need to understand the data structure. The context contains several tables:
1. Record Labels (50 records)
2. Artists (294 records) - with fields: artist_id, name, country, primary_genre, secondary_genre, debut_year, label_id, is_active, popularity_score
3. Albums (many records) - with fields: album_id, artist_id, title, release_year, release_date, primary_genre, secondary_genre, type, track_count, popularity_score
4. Tracks (44 records) - with fields: track_id, album_id, artist_id, title, track_number, duration_ms, explicit, release_date, isrc, popularity_score
5. Awards (some records)
6. Charts (1 record)
7. Electronic genre data (some records)

The question asks for genre dominance score based on:
- Artist count
- Album count  
- Average popularity

I need to calculate this for each genre. The genres appear in multiple places: artists have primary_genre and secondary_genre, albums have primary_genre and secondary_genre.

I should probably focus on primary_genre for both artists and albums. I'll need to:
1. Count artists per primary_genre
2. Count albums per primary_genre
3. Calculate average popularity per genre (from artists and/or albums)

Then combine these into a ""dominance score"". The question doesn't specify the exact formula, so I'll need to create a reasonable composite score. Perhaps normalize each metric and sum them, or weight them equally.

Let me first extract the genre data from the context.

From the Artists table (294 records), I can see primary_genre values like: Classical, Country, Electronic, Hip-Hop, Indie, Jazz, Metal, Pop, R&B, Rock, etc.

From the Albums table, primary_genre values include: Classical, Country, Electronic, Hip-Hop, Indie, Jazz, Metal, Pop, R&B, Rock, etc.

I need to parse the data. Since the context is large, I'll need to scan through it systematically.

Let me start by listing all unique primary genres from artists and albums.

From Artists section (first part):
- Classical
- Country
- Electronic
- Hip-Hop
- Indie
- Jazz
-","Music	Industry	Dataset
Record	Labels
50	records
label_id
name
country
founding_year
label_type
royalty_rate_per_stream
LBL_0001
Universal	Records
USA
1970
Major
0.00456
LBL_0002
Sony	Records
France
1973
Major
0.00538
LBL_0003
Warner	Records
Canada
1957
Major
0.0047
LBL_0004
Capitol	Records
UK
1953
M",nemotron-nvidia,simple,music_structured
75,S2_Q018,music_structured,extremely hard,WRONG,"Identify ""prolific years"" for the music industry by counting albums released per year and calculating the year-over-year growth rate.",2011 400% 2008 300% 2000 200%,"The answer is: To identify the prolific years, we count the albums released per year: 1998 (1), 2000 (1), 2002 (1), 2003 (1), 2008 (1), 2011 (2), 2012 (1), 2014 (2), 2015 (2), 2016 (2), 2017 (3), 2018 (1), 2019 (1), 2020 (2), 2021 (2), 2022 (5), 2023 (4), and 2024 (7). The year-over-year growth rate shows significant spikes in activity, particularly in 2022 (a 150% increase from 2021) and 2024 (a 75% increase from 2023), marking these as the most prolific periods in the provided dataset.",music_dataset,"The user is asking me to identify ""prolific years"" for the music industry by counting albums released per year and calculating the year-over-year growth rate. I need to analyze the context provided, which appears to be a music industry dataset with tables for Record Labels, Artists, Albums, and possibly other entities.

Looking at the context, I can see there's an ""Albums"" section with records like:
- ALB_1331, ART_0585, ""Right-Sized 3Rdgeneration Model"", 2018, 2021-02-16, Country, Live, 8, 0.128
- ALB_1283, ART_0613, ""Stories Clear"", 2000, 2013-02-07, R&B, Electronic, Studio, 12, 0.059
- ALB_0749, ART_0677, ""De-Engineered Bi-Directional Info-Mediaries"", 2021, 2024-10-29, R&B, Studio, 12, 0.63
- ALB_0695, ART_0551, ""Profound Stable Hub"", 2002, 2016-09-01, Jazz, Compilation, 12, 0.089
- ALB_1411, ART_0407, ""Synergistic Reciprocal Product"", 2022, 2025-09-09, Pop, Rock, Studio, 8, 0.056
- ALB_0578, ART_0185, ""Visionary Non-Volatile Alliance"", 2008, 2013-03-26, Country, Hip-Hop, Studio, 14, 0.06
- ALB_0565, ART_0089, ""Vision-Oriented Bifurcated Moderator"", 2017, 2025-05-05, Pop, Live, 16, 0.078
- ALB_0674, ART_","Music	Industry	Dataset
Record	Labels
50	records
label_id
name
country
founding_year
label_type
royalty_rate_per_stream
LBL_0001
Universal	Records
USA
1970
Major
0.00456
LBL_0002
Sony	Records
France
1973
Major
0.00538
LBL_0003
Warner	Records
Canada
1957
Major
0.0047
LBL_0004
Capitol	Records
UK
1953
M",nemotron-nvidia,simple,music_structured
76,S2_Q020,music_structured,extremely hard,WRONG,"Identify ""hidden gem"" tracks: high audio quality features (low speechiness, high instrumentalness) from less popular artists (popularity < 0.5) that have not been heavily streamed.",NO RESULTS,"The answer is: Based on the provided data, tracks that exhibit high audio quality features (low speechiness and high instrumentalness) from artists with a popularity score below 0.5 include TRK_00470 (speechiness 0.079, instrumentalness 0.514), TRK_00980 (speechiness 0.106, instrumentalness 0.425), and TRK_01457 (speechiness 0.079, instrumentalness 0.773). These tracks are associated with artists who have lower popularity scores and limited streaming records in the provided context.",music_dataset,"The user wants to identify ""hidden gem"" tracks based on specific criteria:
1. High audio quality features: low speechiness, high instrumentalness.
2. From less popular artists: popularity < 0.5.
3. Not heavily streamed (though streaming data is limited in the context, I need to infer from available data).

Let me analyze the context provided. The context contains several data tables:
1. Awards data (AWD_...)
2. Charts data (CHT_...)
3. Track metadata (TRK_... with features like tempo, energy, danceability, valence, acousticness, loudness, instrumentalness, speechiness, liveness, key, mode, time_signature)
4. Artist metadata (ART_... with name, country, genre, debut_year, label_id, is_active, popularity_score)
5. Album metadata (ALB_...)
6. Label metadata (LBL_...)

I need to join track features with artist popularity. The track features table has `track_id` and audio features including `speechiness` and `instrumentalness`. The artist table has `artist_id` and `popularity_score`. However, there's no direct link between track_id and artist_id in the provided track features table. Wait, looking at the charts data, there is a `CHT_00226` row with `TRK_01911` and `ART_0677`. Also in the track metadata section (before Track Features), there are rows like `TRK_02964 ALB_0481 ART_0270`, `TRK_03819 ALB_1283 ART_0613`, etc. So there is a mapping between track_id and artist_id in that section.

Let me extract the track-to-artist mapping from the ""Track Features"" preceding section (the one with 297314, False, 2026-04-27, CG061JJU537, 0.043, TRK_02964, ALB_0481, ART_0270, Himself, 7...). It seems there are 4 records there:
1. TRK_02964 -> ART_0270
2. TRK_03819 -> ART_0","2018
True
AWD_0081
ART_0437
Global	Music	Award
Breakthrough	Artist
2020
True
AWD_0382
ART_0437
Streaming	Record	Award
Best	Album
2016
TrueAWD_0304
ART_0147
Sound	&	Vision	Prize
Best	Pop	Artist
2013
False
AWD_0286
ART_0437
Golden	Mic
Song	of	the	Year
2014
True
AWD_0041
ART_0437
Golden	Mic
Top	Produce",nemotron-nvidia,simple,music_structured
1,S3_TATHYBRID_cf649b7b26933abd29572697283fbf67,tathybrid,hard,WRONG,What was the change in Accumulated amortization from 2018 to 2019?,-1073,"The answer is: 3,633",inpixon_2019,,"December 31,
 
 
December 31,
 
 
 
2019
 
 
2018
 
 
2019
 
 
2018
 
Trade Name/Trademarks
 
$
780
 
 
$
780
 
 
$
(724
)
 
$
(574
)
Customer Relationships
 
 
4,070
 
 
 
2,620
 
 
 
(2,574
)
 
 
(2,318
)
Developed Technology
 
 
21,422
 
 
 
15,871
 
 
 
(14,996
)
 
 
(11,873
)
Non-compete Agreem",nemotron-nvidia,simple,tathybrid
2,S3_TATHYBRID_f14766d60aaa9fc5ad134af01d563db4,tathybrid,hard,REFUSED,What was the amount in escrow as restricted cash at 2019 and 2018 respectively?,"72,000, 140,000","[Assistant]: The provided text does not contain information regarding the amount in escrow as restricted cash for 2019 and 2018.

The answer is: Not mentioned",inpixon_2019,"The provided context does not contain information about restricted cash or escrow amounts for 2019 and 2018. The text includes cash and cash equivalents ($4,777 thousand in 2019 and $1,008 thousand in 2018) but does not mention restricted cash or escrow balances.

The answer is: Not specified in the provided context","31, 2018 was $29.0 million. During the year ended December 31, 2019, the Company received incoming cash flows of $20.7 million from the issuance of common stock, preferred stock and warrants,
$1.8 million of repayments from a related party note, $7.5 million from promissory notes and $127,000 of net",nemotron-nvidia,simple,tathybrid
3,S3_TATHYBRID_4a97a3a079b9d171bb3e3c05a5d558fa,tathybrid,hard,WRONG,What was the Compensation and related benefits in 2019 and 2018 respectively?,"$3,247, $949","The answer is: 2019: $3,489,000; 2018: $1,494,000",inpixon_2019,"The answer is: 2019: $3,489,000; 2018: $1,494,000 (in thousands: 3,489 and 1,494)","became CEO in September 2011. Mr. Ali’s salary under the agreement was initially $240,000 per annum plus other benefits including a bonus plan, a housing allowance, health insurance, life insurance
and other standard Inpixon employee benefits. If Mr. Ali’s employment is terminated without Cause (as ",nemotron-nvidia,simple,tathybrid
4,S3_TATHYBRID_f3f36466e3595177dee05fd432122387,tathybrid,hard,REFUSED,What is the value of real estate taxes in 2018?,398,"The provided report does not contain information regarding the value of real estate taxes for 2018.

The answer is: Not available",lifeway-foods-inc_2019,,"Selling expenses      11,062        13,477    
General and administrative      12,828        13,616    
Goodwill and intangible asset impairment      –       1,244    
Amortization expense      192       631   
Total operating expenses      24,082        28,968    
                  
Loss from opera",nemotron-nvidia,simple,tathybrid
5,S3_TATHYBRID_75006d911eb541bafc8bfdfe43399b83,tathybrid,hard,REFUSED,What is the average real estate taxes for 2018 and 2019?,398,"The provided report does not contain information regarding real estate taxes for 2018 and 2019.

The answer is: Not available",lifeway-foods-inc_2019,"The provided financial statements and notes do not contain a specific line item or disclosure for ""real estate taxes"" or ""property taxes"" for 2018 and 2019. The operating expenses are summarized as Selling expenses, General and administrative, Goodwill and intangible asset impairment, and Amortization expense, without a breakdown for real estate taxes.

The answer is: Not available in the provided context.","2019      2018    
Current assets                  
Cash and cash equivalents    $ 3,836      $ 2,998    
Accounts receivable, net of allowance for doubtful accounts and discounts & 
allowances of $1,100 and $1,220 at December 31, 2019 and 2018, 
respectively      6,692        6,276    
Inventories,",nemotron-nvidia,simple,tathybrid
6,S3_TATHYBRID_4b33b977256836fc6c3fbda16ba5844d,tathybrid,hard,REFUSED,What is the change in payroll and incentive compensation between 2018 and 2019?,1072,"The provided report does not contain a specific line item for total ""payroll"" or a consolidated figure for ""incentive compensation"" that allows for a direct calculation of the change between 2018 and 2019. While the report details specific stock-based compensation expenses for various plans (e.g., 2017 Plan, 2019 Plan, Retention Award), it does not provide the total payroll or aggregate incentive compensation figures.

The answer is: Not available",lifeway-foods-inc_2019,"The user is asking for the change in payroll and incentive compensation between 2018 and 2019. I need to find information about payroll and incentive compensation in the provided context.

Looking through the context, I see several sections discussing compensation:
1. Stock-based compensation expenses
2. Long-term incentive plans (2017, 2018, 2019 plans)
3. Retention awards
4. Retirement benefits
5. Stock options and restricted stock awards

Let me search for specific payroll and incentive compensation numbers for 2018 and 2019.

From the text:
- ""For the years ended December 31, 2019 and 2018 total pre-tax stock-based compensation expense recognized in the consolidated statements of operations was $109 and $47, respectively."" (This is for RSAs)
- ""For the years ended December 31, 2019 and 2018 total pre-tax stock-based compensation expense recognized in the consolidated statements of operations was $1 and $9, respectively."" (This is for stock options)
- ""For the year ended December 31, 2019 and 2018, $288 and $636 was expensed under the 2017 Plan as stock-based compensation expense""
- ""For the year ended December 31, 2019, $51 was expensed under the 2019 Plan as stock-based compensation expense""
- ""For the period ended December 31, 2019, $342 was expensed under the 2019 Retention Award as stock-based compensation expense""
- ""For the years ended December 31, 2019 and 2018 total contribution expense recognized in the consolidated statements of operations was $367 and $417, respectively."" (This is for retirement benefits)

But I don't see a specific line item called ""payroll and incentive compensation"" or a clear total for all compensation expenses. The question might be referring to a specific line in the financial statements that isn't fully shown in the context.

Looking at the Consolidated Statements of Operations, I see:
- Selling expenses: $11,062 (2019) vs $13,477 (20","awards, and the provision for unrecognized tax benefits. The increase in the effective tax rate from 2018 to 2019 is 
due to the fact that the company has a number of items that are nondeductible or are discrete adjustments to tax 
expense. Although similar items were reflected in 2018, the percenta",nemotron-nvidia,simple,tathybrid
7,S3_TATHYBRID_5b53e0ca06203f7703b6c4f8057e3c87,tathybrid,hard,WRONG,What is the percentage constitution of net sales from Frozen Kefir among the total net sales in 2019?,1.73,The answer is: 2%,lifeway-foods-inc_2019,,"20     
  
Net Sales  
  
Net sales were $93,662 for the year ended December 31, 2019, a decrease of $9,688 or 9.4% versus prior year. The 
net sales softness continued to reflect the overall lower consumption in the dairy and cultured dairy product 
categories. Versus prior year, the decline was pr",nemotron-nvidia,simple,tathybrid
8,S3_TATHYBRID_077fac86dd9c8cd78b834fbdbe0885be,tathybrid,hard,REFUSED,What is the percentage change in ingredients between 2018 and 2019?,22.91,The answer is: Not mentioned,lifeway-foods-inc_2019,"The provided context does not contain specific data on ingredient costs or values for 2018 and 2019, so the percentage change in ingredients cannot be calculated from this information.

The answer is: Not available in the provided context","believe Lifeway is well positioned for long -term growth and value creation with strong industry tailwinds to fuel our 
business as we increasingly serve consumers looking for more self -care, immunity and gut health options during this 
time of global health cri sis and uncertainty.”  
  
Lifeway e",nemotron-nvidia,simple,tathybrid
9,S3_TATHYBRID_4cb79dfe572f814f50c02a61639f2094,tathybrid,hard,REFUSED,What is the value of recipes in 2018 and 2019 respectively?,"$ 44, $ 44","The provided text does not contain information regarding the value of recipes. The financial tables provided relate to a share repurchase program.

The answer is: Not mentioned",lifeway-foods-inc_2019,The answer is: Not mentioned in the provided context.,"operations could be adversely affected.  
  
One key element of our business strategy is to introduce timely, new, cost -effective, and appealing products and to 
innovate successfully within our existing product categories. New items introduced through our innovation efforts 
partially offset lower",nemotron-nvidia,simple,tathybrid
10,S3_TATHYBRID_7622984778061cb2468425d5534a99e6,tathybrid,hard,NO ANSWER,What is the change in the value of customer relationships between 2018 and 2019?,0,,lifeway-foods-inc_2019,"The provided context does not contain information about the value of customer relationships for either 2018 or 2019. The intangible assets listed in Note 5 only include Goodwill and Brand names, with no mention of customer relationships as a separate line item.

The answer is: Not available in the provided context","and results of operations.  
  
Customers, such as supermarkets and food distributors, cont inue to consolidate. This consolidation has produced 
larger, more sophisticated organizations with increased negotiating and buying power that are able to resist price 
increases or demand increased promotio",nemotron-nvidia,simple,tathybrid
11,S3_TATHYBRID_3ead03b4712e86e15034c9fabc0f1b9b,tathybrid,hard,WRONG,What is the average value of trade names for both 2018 and 2019?,2248,"To determine the average value of trade names for 2018 and 2019, we look at the ""Issuer Purchases of Equity Securities"" table provided in the context, which lists the ""Average price paid per share"" for the share repurchase programs during those years.

1.  For Fiscal Year 2018, the average price paid per share was $6.33.
2.  For Fiscal Year 2019, the average price paid per share was $2.55.
3.  The average of these two values is ($6.33 + $2.55) / 2 = $8.88 / 2 = $4.44.

The answer is: 4.44",lifeway-foods-inc_2019,"The provided context does not contain information about the value of trade names for 2018 and 2019. The text includes share repurchase data, stock prices, stock option activity, and restricted stock awards, but no mention of trade name valuations.

The answer is: Not available in the provided context","Plans or 
Programs  
($ in 
thousands)    
                          
1/1/2018 to 1/31/2018      106,441      $ 8.22       106,441      $ 5,007    
2/1/2018 to 2/28/2018      24,486      $ 7.21       24,486      $ 4,830    
4/1/2018 to 4/30/2018      15,433      $ 6.09       15,433      $ 4,736    
",nemotron-nvidia,simple,tathybrid
12,S3_TATHYBRID_30e01bc5c375a0ca44ab4c0dd14e5e1e,tathybrid,hard,REFUSED,What is the value of vehicles in 2018 and 2019 respectively?,"937, 778","The provided report does not contain information regarding the value of vehicles.

The answer is: Not available",lifeway-foods-inc_2019,The answer is: Not specified in the provided context,"Plans or 
Programs  
($ in 
thousands)    
                          
1/1/2018 to 1/31/2018      106,441      $ 8.22       106,441      $ 5,007    
2/1/2018 to 2/28/2018      24,486      $ 7.21       24,486      $ 4,830    
4/1/2018 to 4/30/2018      15,433      $ 6.09       15,433      $ 4,736    
",nemotron-nvidia,simple,tathybrid
13,S3_TATHYBRID_fe59aeaff2948f598d69f262c6464889,tathybrid,hard,REFUSED,What is the average value of vehicles for 2018 and 2019?,857.5,"[Assistant]: The provided report does not contain information regarding the value of vehicles.

The answer is: Not available",lifeway-foods-inc_2019,"The answer is: Not available in the provided context. The document contains financial data for Lifeway Foods, Inc. (a kefir/probiotic beverage company) including share repurchase programs, balance sheets, and income statements, but no information about vehicles or vehicle values.","Plans or 
Programs  
($ in 
thousands)    
                          
1/1/2018 to 1/31/2018      106,441      $ 8.22       106,441      $ 5,007    
2/1/2018 to 2/28/2018      24,486      $ 7.21       24,486      $ 4,830    
4/1/2018 to 4/30/2018      15,433      $ 6.09       15,433      $ 4,736    
",nemotron-nvidia,simple,tathybrid
14,S3_TATHYBRID_f4c8e2d0155ac338249d0fe6feba49ac,tathybrid,hard,WRONG,What was the low sale price per share for each quarters in 2018 in chronological order?,"$ 5.99, $ 4.79, $ 2.66, $ 1.88","[Assistant]: Based on the provided table of share repurchase programs for 2018, the prices per share listed in chronological order are: $8.22, $7.21, $6.09, $5.46, $3.96, $3.35, $2.99, and $2.25.

The answer is: $8.22, $7.21, $6.09, $5.46, $3.96, $3.35, $2.99, $2.25",lifeway-foods-inc_2019,"The user is asking for the low sale price per share for each quarter in 2018 in chronological order. I need to look at the context provided to find this information.

Looking at the context, I see a table at the beginning with data for 2018 and 2019. The table shows monthly data with columns that appear to be: date range, number of shares, price per share, number of shares, and dollar amount.

Let me examine the 2018 data:
- 1/1/2018 to 1/31/2018: 106,441 shares at $8.22
- 2/1/2018 to 2/28/2018: 24,486 shares at $7.21
- 4/1/2018 to 4/30/2018: 15,433 shares at $6.09
- 6/1/2018 to 6/30/2018: 4,143 shares at $5.46
- 8/1/2018 to 8/31/2018: 1,332 shares at $3.96
- 9/1/2018 to 9/30/18: 40,364 shares at $3.35
- 11/1/2018 to 11/30/18: 17,228 shares at $2.99
- 12/1/2018 to 12/31/18: 8,305 shares at $2.25
- Fiscal Year 2018: 217,732 shares at $6.33

The question asks for ""low sale price per share for each quarters in 2018 in chronological order"". 

First, I need to identify the quarters:
- Q1 2018: January, February, March (but March data is missing)
- Q2 2018: April, May, June (May data missing)
- Q3 2018: July, August, September","Plans or 
Programs  
($ in 
thousands)    
                          
1/1/2018 to 1/31/2018      106,441      $ 8.22       106,441      $ 5,007    
2/1/2018 to 2/28/2018      24,486      $ 7.21       24,486      $ 4,830    
4/1/2018 to 4/30/2018      15,433      $ 6.09       15,433      $ 4,736    
",nemotron-nvidia,simple,tathybrid
15,S3_TATHYBRID_719ef48aead1f283a692fedbeae4622a,tathybrid,hard,REFUSED,What is the value of customer relationships in 2018 and 2019 respectively?,"985, 985","The provided text does not contain information regarding the specific value of customer relationships for the years 2018 and 2019.

The answer is: Not mentioned",lifeway-foods-inc_2019,"The user is asking for the value of customer relationships in 2018 and 2019 respectively. I need to search the provided context for this information. The context appears to be from a 10-K filing, but it's fragmented. I see sections about risk factors, properties, forward-looking statements, financial data, etc. I need to look for intangible assets, specifically customer relationships, and their values for 2018 and 2019.

Scanning the text: I see ""Table of Contents"" and various items. There's mention of ""Selected Financial Data"" on page 19, ""Financial Statements"" on page 26. But the actual financial statements or notes might not be fully included in this excerpt. The context provided seems to be a mix of different parts of the 10-K. I need to find where intangible assets are discussed.

Looking through the text: There's a section about ""Lifeway's financial assets and liabilities that are not carried at fair value..."" but that's about investments. There's a section about ""Income taxes"". There's a section about ""Pandemics or disease outbreaks"". There's a section about ""Properties"". There's a section about ""Risk Factors"". There's a section about ""Forward Looking Statements"". There's a section about ""Market for Registrant's Common Equity"". There's a section about ""Selected Financial Data"" but no data shown. There's a section about ""Management's Discussion and Analysis"" but not shown. There's a section about ""Financial Statements and Supplementary Data"" but not shown.

The context provided does not appear to contain the specific values for customer relationships for 2018 and 2019. The user might be expecting me to find it in the context, but it's not there. However, the instruction says ""given a section of a company's annual report, please answer the question according to the report context."" If the information is not in the context, I should not make it up. But the example shows a response with a calculation based on context. The context here is large but doesn't seem to have the specific intangible asset values.

Wait, maybe I missed it. Let me search for ""customer relationships"" in the text. I can do a mental search. The text includes: ""Customers, such as supermarkets and food distributors, continue to consolidate."" ""Two of our customers together accounted for","and results of operations.  
  
Customers, such as supermarkets and food distributors, cont inue to consolidate. This consolidation has produced 
larger, more sophisticated organizations with increased negotiating and buying power that are able to resist price 
increases or demand increased promotio",nemotron-nvidia,simple,tathybrid
16,S3_TATHYBRID_83cb95ba9efedd8346b5f66758f4ab85,tathybrid,hard,REFUSED,What is the value of buildings and improvements in 2018 and 2019 respectively?,"17,520, 17,332","The provided annual report context does not break down the ""Property, plant and equipment"" line item into specific categories such as buildings and improvements. Therefore, the value of buildings and improvements cannot be determined from the provided text.

The answer is: Not available",lifeway-foods-inc_2019,The answer is: Not specified in the provided context.,"Plans or 
Programs  
($ in 
thousands)    
                          
1/1/2018 to 1/31/2018      106,441      $ 8.22       106,441      $ 5,007    
2/1/2018 to 2/28/2018      24,486      $ 7.21       24,486      $ 4,830    
4/1/2018 to 4/30/2018      15,433      $ 6.09       15,433      $ 4,736    
",nemotron-nvidia,simple,tathybrid
17,S3_TATHYBRID_0022a9993b61830a838d232e2e840b27,tathybrid,hard,WRONG,What is the amount of net sales from ProBugs Kelir in 2018 and 2019 respectively?,"2,795, 2,780","The answer is: 2019: $2,780; 2018: $2,795",lifeway-foods-inc_2019,"The answer is: 2019: $2,780 thousand; 2018: $2,795 thousand","20     
  
Net Sales  
  
Net sales were $93,662 for the year ended December 31, 2019, a decrease of $9,688 or 9.4% versus prior year. The 
net sales softness continued to reflect the overall lower consumption in the dairy and cultured dairy product 
categories. Versus prior year, the decline was pr",nemotron-nvidia,simple,tathybrid
18,S3_TATHYBRID_05d6f0b7266caa424d82675ec4d0ca2e,tathybrid,hard,REFUSED,What is net sales from cream and other in 2018 and 2019 respectively?,"5,276, 4,228","The provided text does not contain the specific numerical breakdown of net sales for ""cream and other"" for the years 2018 and 2019.

The answer is: Not mentioned",lifeway-foods-inc_2019,The answer is: Not provided in the given context.,"20     
  
Net Sales  
  
Net sales were $93,662 for the year ended December 31, 2019, a decrease of $9,688 or 9.4% versus prior year. The 
net sales softness continued to reflect the overall lower consumption in the dairy and cultured dairy product 
categories. Versus prior year, the decline was pr",nemotron-nvidia,simple,tathybrid
19,S3_TATHYBRID_1098c97fef920d0f4107fa3be6f84e3a,tathybrid,hard,REFUSED,What is the deferred provision (benefit) for income tax for 2018 and 2019 respectively?,"(461), 533","The provided report does not explicitly state the deferred provision (benefit) for income tax for 2018 and 2019. While it mentions deferred income taxes in the balance sheet ($922 for 2019 and $390 for 2018), the specific provision (benefit) amounts are not provided in the text.

The answer is: Not available",lifeway-foods-inc_2019,"The user is asking for the deferred provision (benefit) for income tax for 2018 and 2019 respectively. I need to find this information in the provided context.

Looking through the context, I see financial statements including balance sheets and income statements. The balance sheet shows ""Deferred income taxes, net"" as $922 for 2019 and $390 for 2018. However, this is a balance sheet item (deferred tax assets/liabilities), not the income statement provision.

The income statement (Consolidated Statements of Operations) shows:
- Net sales
- Cost of goods sold
- Gross profit
- Operating expenses
- Loss from operations

But I don't see a line item for ""Income tax expense"" or ""Provision for income taxes"" in the provided income statement excerpt. The income statement seems to be cut off after ""Loss from operations"".

Let me search for ""income tax"" or ""provision"" in the text.

In the first part of the context, there's discussion about income taxes:
""Income taxes are discussed in Note 10 in the Notes to the Consolidated Financial Statements.""

And there's discussion about Section 162(m) and tax deductions.

But I don't see the actual deferred tax provision numbers for 2018 and 2019 in the provided text. The balance sheet shows deferred income taxes, net, but that's the cumulative balance, not the annual provision.

The question asks for ""deferred provision (benefit) for income tax"" which would be the income statement line item showing the deferred portion of income tax expense/benefit.

Since the provided context doesn't include the full income statement (it cuts off at ""Loss from operations"") and doesn't include Note 10 which discusses income taxes, I cannot find this information in the given text.

However, I should check if there's any mention of deferred tax provision elsewhere. Let me scan again...

I see in the balance sheet: ""Deferred income taxes, net      922       390"" for 2019 and 2018 respectively. But again, this is a balance sheet account.

The text mentions: ""Lifeway recognizes penalties and interest related to unrecognized tax benefits in the provision (benefit) for income taxes in the consolidated statements of operations.""

But no numbers are given for the deferred provision.

Given","awards, and the provision for unrecognized tax benefits. The increase in the effective tax rate from 2018 to 2019 is 
due to the fact that the company has a number of items that are nondeductible or are discrete adjustments to tax 
expense. Although similar items were reflected in 2018, the percenta",nemotron-nvidia,simple,tathybrid
20,S3_TATHYBRID_4b7153cbb854c224d6bb0fb509fe74fe,tathybrid,medium,REFUSED,What is the provision (benefit) for total current income taxes for 2018 and 2019 respectively?,"236, 249","[Assistant]: The provided context does not contain the specific breakdown of the provision for total current income taxes for 2018 and 2019.

The answer is: Not available",lifeway-foods-inc_2019,The provision (benefit) for total current income taxes,"awards, and the provision for unrecognized tax benefits. The increase in the effective tax rate from 2018 to 2019 is 
due to the fact that the company has a number of items that are nondeductible or are discrete adjustments to tax 
expense. Although similar items were reflected in 2018, the percenta",nemotron-nvidia,simple,tathybrid
21,S3_TATHYBRID_ccc7a9080e0fea2e3181976dc634e30f,tathybrid,hard,WRONG,"In which year was Operating Leases greater than 100,000?",2022,The answer is: 2019,overseas-shipholding-group-inc_2019,,"adjusted for risk based on the length of the lease term because the rate implicit in the lease is not readily determinable.
 
The Company applied the package of practical expedients that allows companies not to reassess whether any expired or expiring
contracts are or contain leases, lease classific",nemotron-nvidia,simple,tathybrid
22,S3_TATHYBRID_70b9c20fdab23a9cd16c8474c2be6d9c,tathybrid,hard,REFUSED,"In which year was Increases for positions taken in prior years less than 1,000?",2018,"The provided text does not contain information regarding ""Increases for positions taken in prior years.""

The answer is: Not mentioned",overseas-shipholding-group-inc_2019,The answer is: Information not provided in the context,"Statement on Form S-1 filed on August 20, 2014 and incorporated herein by reference).
  
*10.30 Settlement, Release and Indemnity Agreement dated as of February 3, 2015 between the Registrant, certain subsidiaries
of the Registrant and an executive (filed as Exhibit 10.27 to the Registrant’s Annual ",nemotron-nvidia,simple,tathybrid
23,S3_TATHYBRID_918d6fb907a4ff383e5d8e9da7db2728,tathybrid,hard,REFUSED,What was the Rate change in 2019 and 2018 respectively?,"(84), 0","The provided text does not contain a single ""Rate change"" value for 2019 and 2018, but it does provide the ""Average rate"" for various vessel categories (Jones Act Handysize Product Carriers, Non-Jones Act Handysize Product Carriers, ATBs, and Lightering) for both years.

The answer is: The average rates varied by vessel category and earnings type (Spot vs. Fixed) as detailed in the provided tables.",overseas-shipholding-group-inc_2019,,"primarily resulted from three fewer vessels in operation during most of 2019 compared to 2018 and one less Government of Israel
voyage in 2019 compared to 2018. This decrease was partially offset by the addition of two new vessels to our fleet at the
beginning of the fourth quarter of 2019.
 
Reconc",nemotron-nvidia,simple,tathybrid
24,S3_TATHYBRID_65dac64cb09b645dd52cc8f4a696544e,tathybrid,hard,REFUSED,"What is the change in Liabilities: Deferred income taxes from Balance at December 31, 2017 to January 1, 2018?",-108,"The provided text does not contain information regarding the specific balance of ""Liabilities: Deferred income taxes"" at December 31, 2017, or January 1, 2018, nor does it provide a reconciliation that would allow for the calculation of a change between those two specific dates.

The answer is: Not mentioned",overseas-shipholding-group-inc_2019,,"in the financial statements. Under this method, deferred tax assets and liabilities are determined based on the differences
between the financial statements and tax basis of assets and liabilities using enacted tax rates in effect for the year in
which the differences are expected to reverse. The ef",nemotron-nvidia,simple,tathybrid
25,S3_TATHYBRID_6122b1882bcd7b0a238a04bce284e40e,tathybrid,hard,REFUSED,"In which year was Prepaid expenditures less than 6,000?",2019,"The provided text does not contain information regarding ""Prepaid expenditures.""

The answer is: Not mentioned",overseas-shipholding-group-inc_2019,,"deferred finance costs, was not material.
 
In August 2019, two of the Company’s subsidiaries entered into term loans in an aggregate principal amount of $50,000, due 2024,
to finance the Overseas Gulf Coast and the Overseas Sun Coast. The loans are secured by first preferred ship mortgages on the
v",nemotron-nvidia,simple,tathybrid
26,S3_TATHYBRID_f0a1bd31aa64c790c41e42920619040b,tathybrid,hard,REFUSED,What was the Prepaid expenditures in 2019 and 2018 respectively?,"5,621, 7,108","The provided text does not contain information regarding ""Prepaid expenditures"" for 2019 and 2018.

The answer is: Not mentioned",overseas-shipholding-group-inc_2019,"The provided context does not contain information about ""Prepaid expenditures"" for 2019 and 2018. The text includes data on accumulated other comprehensive loss, pension plans, TCE revenues, vessel expenses, debt, leases, and capital commitments, but no balance sheet line item for prepaid expenditures or prepaid expenses.

The answer is: Not available in the provided context.","Years Ended December 31,  
  2019   2018  
Items not yet recognized as a component of net periodic benefit cost (pension and
other postretirement benefit plans)   (6,409)  (7,192)
  $ (6,409) $ (7,192)
 
76 Overseas Shipholding Group, Inc. 
 
The following tables present the changes in the balances ",nemotron-nvidia,simple,tathybrid
27,S3_TATHYBRID_0edf2f7aeed2b8ca6a2e0ed95641bf15,tathybrid,hard,REFUSED,What was the Contracts of affreightment revenues in 2019 and 2018 respectively?,"58,589, 68,698","The provided text does not contain information regarding ""Contracts of affreightment revenues"" for 2019 and 2018.

The answer is: Not mentioned",overseas-shipholding-group-inc_2019,The answer is: Not mentioned in the provided context.,"primarily resulted from three fewer vessels in operation during most of 2019 compared to 2018 and one less Government of Israel
voyage in 2019 compared to 2018. This decrease was partially offset by the addition of two new vessels to our fleet at the
beginning of the fourth quarter of 2019.
 
Reconc",nemotron-nvidia,simple,tathybrid
28,S3_TATHYBRID_ff06d83c2832cd8f43f1a6c350b5b7ae,tathybrid,hard,WRONG,"What was the value of Vessels, net in 2019 and 2018 respectively?","644,312, 596,929","The provided context lists ""Vessels and other property, less accumulated depreciation and amortization"" as $737,212 (in thousands) for 2019 and $597,659 (in thousands) for 2018.

The answer is: 2019: $737,212; 2018: $597,659",overseas-shipholding-group-inc_2019,"The user is asking for the value of ""Vessels, net"" in 2019 and 2018 respectively. I need to look at the consolidated balance sheets provided in the context.

Looking at the balance sheet section:

```
OVERSEAS SHIPHOLDING GROUP, INC. AND SUBSIDIARIES
CONSOLIDATED BALANCE SHEETS
DOLLARS IN THOUSANDS

  December 31,
2019   December 31,
2018  
ASSETS         
Current Assets:         
Cash and cash equivalents  $ 41,503  $ 80,417 
Restricted cash   60   59 
Voyage receivables, including unbilled of $5,611 and $10,160, net of reserve for
doubtful accounts   9,247   16,096 
Income tax recoverable   1,192   439 
Other receivables   3,037   3,027 
Prepaid expenses   1,292   9,886 
Inventories and other current assets   1,178   2,456 
Total Current Assets   57,509   112,380 
Vessels and other property, less accumulated depreciation and amortization   737,212   597,659 
Deferred drydock expenditures, net   23,734   26,099 
Total Vessels, Deferred Drydock and Other Property   760,946   623,758 
```

The line item ""Vessels and other property, less accumulated depreciation and amortization"" shows:
- 2019: $737,212 (in thousands)
- 2018: $597,659 (in thousands)

This appears to be the net value of vessels (and other property). The question asks for ""Vessels, net"" which likely refers to this line item.

The values are in thousands of","primarily resulted from three fewer vessels in operation during most of 2019 compared to 2018 and one less Government of Israel
voyage in 2019 compared to 2018. This decrease was partially offset by the addition of two new vessels to our fleet at the
beginning of the fourth quarter of 2019.
 
Reconc",nemotron-nvidia,simple,tathybrid
29,S3_TATHYBRID_f7af7aebbd48ae1684ba8f8d7402c3fa,tathybrid,hard,REFUSED,What was the Time and bareboat charter revenues revenues in 2019 and 2018 respectively?,"$263,683, $213,923","The provided text does not explicitly state a single line item for ""Time and bareboat charter revenues."" However, it provides ""Time charter equivalent revenues"" of $335,133 for 2019 and $326,707 for 2018, and mentions that total time charter revenue for 2019 was $263,683 ($263,416 lease income + $267 adjustments). The report does not provide a specific breakdown for bareboat charter revenues.

The answer is: Not provided",overseas-shipholding-group-inc_2019,"The user is asking for ""Time and bareboat charter revenues"" for 2019 and 2018. I need to find this specific line item in the provided text.

Looking through the context, I see a table labeled ""Shipping Revenues"" with breakdowns:
- Time Charter Revenues
- Voyage charter revenues
- Contracts of affreightment revenues
- Total shipping revenues

But I don't see a specific line for ""bareboat charter revenues"" or ""Time and bareboat charter revenues"" combined.

Let me search more carefully. The text mentions:
""Time Charter Revenues"" section describes time charters.
""Bareboat Charter"" is defined in the glossary: ""Bareboat Charter—A Charter under which a customer pays a fixed daily or monthly rate for a fixed period of time for use of the vessel. The customer pays all costs of operating the vessel, including voyage and vessel expenses. Bareboat charters are usually long term.""

But in the revenue breakdown table, I only see:
- Time Charter Revenues (implied by the section header, but the table shows ""Voyage charter revenues"", ""Contracts of affreightment revenues"", ""Total shipping revenues"")

Wait, there's a table earlier:
""Years Ended December 31, 2019 2018
Time charter equivalent revenues $ 335,133 $ 326,707
Add: Voyage expenses 20,414 39,456
Shipping revenues $ 355,547 $ 366,163""

And later:
""Voyage charter revenues(1) 33,275 83,542
Contracts of affreightment revenues 58,589 68,698
Total shipping revenues $ 355,547 $ 366,163""

So Time Charter Revenues would be Total shipping revenues minus Voyage charter revenues minus Contracts of affreightment revenues.
For 2019: 355,547 - 33,275 - 58,589 = 263,683
For 2018: 366,163 - 83,542 - 68,698 = 213,","primarily resulted from three fewer vessels in operation during most of 2019 compared to 2018 and one less Government of Israel
voyage in 2019 compared to 2018. This decrease was partially offset by the addition of two new vessels to our fleet at the
beginning of the fourth quarter of 2019.
 
Reconc",nemotron-nvidia,simple,tathybrid
