question,response,doc,q_uid,answers,dataset,prompt_type,em_score,f1_score,is_empty,is_correct,is_partial,is_wrong
who determines the size of the supreme court,"Based on the provided context, **Congress determines the size of the Supreme Court through federal statute**.

Key evidence from the text:
- ""Article III of the United States Constitution does not specify the number of justices.""
- ""The Judiciary Act of 1789 called for the appointment of six 'judges'.""
- Congress changed the size multiple times: 7 in 1807, 9 in 1837, 10 in 1863, then reduced to 7 by attrition in 1866-1867, and finally set at 9 by the Circuit Judges Act of 1869 ""where it has since remained.""
- The text explicitly states ""Number of positions 9, by statute""
- ""According to federal statute, the Court normally consists of the Chief Justice of the United States and eight associate justices""
- FDR's 1937 court-packing plan failed in Congress, confirming Congress controls the size",Supreme Court of the United States,-8377155967940203923,"{'short_answer': 'Congress added', 'long_answer': ""Article III of the United States Constitution does not specify the number of justices. The Judiciary Act of 1789 called for the appointment of six `` judges ''. Although an 1801 act would have reduced the size of the court to five members upon its next vacancy, an 1802 act promptly negated the 1801 act, legally restoring the court 's size to six members before any such vacancy occurred. As the nation 's boundaries grew, Congress added justices to correspond with the growing number of judicial circuits: seven in 1807, nine in 1837, and ten in 1863.""}",nq,cot,0.0,0.4263959390862944,False,False,True,False
where is the supreme court of the united states located,"The Supreme Court of the United States is located in Washington, D.C., United States. It meets in the Supreme Court Building there.",Supreme Court of the United States,-1986245258191974330,"{'short_answer': 'Washington, D.C.,', 'long_answer': ""Supreme Court of the United States Established March 4, 1789 ( 228 years ago ) ( 1789 - 03 - 04 ) Country United States Location Washington, D.C., United States Coordinates 38 ° 53 ′ 26 '' N 77 ° 00 ′ 16 '' W \ufeff / \ufeff 38.89056 ° N 77.00444 ° W \ufeff / 38.89056; - 77.00444 Coordinates: 38 ° 53 ′ 26 '' N 77 ° 00 ′ 16 '' W \ufeff / \ufeff 38.89056 ° N 77.00444 ° W \ufeff / 38.89056; - 77.00444 Composition method Presidential nomination with Senate confirmation Authorized by United States Constitution Judge term length Life tenure No. of positions 9, by statute Website www.supremecourt.gov Chief Justice of the United States Currently John G. Roberts Since September 29, 2005""}",nq,cot,0.0,0.1904761904761905,False,False,False,True
who is the supreme court made up of,"Based on the provided context, the Supreme Court of the United States is made up of:

**Structural Composition:**
- **Nine justices total** (by federal statute)
- **One Chief Justice of the United States** (currently John G. Roberts as of 2017)
- **Eight Associate Justices**

**Appointment Process:**
- Justices are **nominated by the President** and **confirmed by the Senate**
- Once appointed, they have **life tenure** (unless they resign, retire, or are removed through impeachment)

**Current Composition (as of 2017, following Neil Gorsuch's confirmation):**
- **Five justices appointed by Republican presidents**: Chief Justice Roberts, and Associate Justices Thomas, Alito, Kennedy, and Gorsuch
- **Four justices appointed by Democratic presidents**: Justices Ginsburg, Breyer, Sotomayor, and Kagan
- **Dem",Supreme Court of the United States,-8295623681645206109,"{'short_answer': 'John Roberts (', 'long_answer': ""Name Birth Appointed by Senate confirmation vote Age at appointment Current age First day / Length of service Previous positions Succeeded Roberts, John John Roberts ( Chief Justice ) 000000001955 - 01 - 27 - 0000 January 27, 1955 Buffalo, New York Bush, George W. George W. Bush 78 -- 22 50 7001630000000000000 ♠ 63 000000002005 - 09 - 29 - 0000 September 29, 2005 12 years, 6 months Circuit Judge, Court of Appeals for the D.C. Circuit ( 2003 -- 2005 ); Principal Deputy Solicitor General ( 1989 -- 1993 ); Associate Counsel to the President ( 1982 -- 1986 ) William Rehnquist Kennedy, Anthony Anthony Kennedy 000000001936 - 07 - 23 - 0000 July 23, 1936 Sacramento, California Reagan, Ronald Ronald Reagan 97 -- 0 51 7001810000000000000 ♠ 81 000000001988 - 02 - 18 - 0000 February 18, 1988 30 years, 1 month Circuit Judge, Court of Appeals for the Ninth Circuit ( 1975 -- 1988 ); Private practice ( 1963 -- 1975 ) Lewis Powell Thomas, Clarence Clarence Thomas 000000001948 - 06 - 23 - 0000 June 23, 1948 Pin Point, Georgia Bush, George H.W. George H.W. Bush 52 -- 48 43 7001690000000000000 ♠ 69 000000001991 - 10 - 23 - 0000 October 23, 1991 26 years, 5 months Circuit Judge, Court of Appeals for the D.C. Circuit ( 1990 -- 1991 ); Chairman, Equal Employment Opportunity Commission ( 1982 -- 1990 ); Assistant Attorney General in Missouri under State Attorney General John Danforth ( 1974 -- 1977 ) Thurgood Marshall Ginsburg, Ruth Bader Ruth Bader Ginsburg 000000001933 - 03 - 15 - 0000 March 15, 1933 Brooklyn, New York Clinton, Bill Bill Clinton 96 -- 3 60 7001850000000000000 ♠ 85 000000001993 - 08 - 10 - 0000 August 10, 1993 24 years, 7 months Circuit Judge, Court of Appeals for the D.C. Circuit ( 1980 -- 1993 ); General Counsel, American Civil Liberties Union ( 1973 -- 1980 ) Byron White Breyer, Stephen Stephen Breyer 000000001938 - 08 - 15 - 0000 August 15, 1938 San Francisco, California 87 -- 9 55 7001790000000000000 ♠ 79 000000001994 - 08 - 03 - 0000 August 3, 1994 23 years, 8 months Chief Judge, Court of Appeals for the First Circuit ( 1990 -- 1994 ); Circuit Judge, Court of Appeals for the First Circuit ( 1980 -- 1990 ) Harry Blackmun Alito, Samuel Samuel Alito 000000001950 - 04 - 01 - 0000 April 1, 1950 Trenton, New Jersey George W. Bush 58 -- 42 55 7001680000000000000 ♠ 68 000000002006 - 01 - 31 - 0000 January 31, 2006 12 years, 2 months Circuit Judge, Court of Appeals for the Third Circuit ( 1990 -- 2006 ); U.S. Attorney for the District of New Jersey ( 1987 -- 1990 ); Deputy Assistant Attorney General ( 1985 -- 1987 ); Assistant to the Solicitor General ( 1981 -- 1985 ) Sandra Day O'Connor Sotomayor, Sonia Sonia Sotomayor 000000001954 - 06 - 25 - 0000 June 25, 1954 The Bronx, New York Obama, Barack Barack Obama 68 -- 31 55 7001630000000000000 ♠ 63 000000002009 - 08 - 08 - 0000 August 8, 2009 8 years, 7 months Circuit Judge, Court of Appeals for the Second Circuit ( 1998 -- 2009 ); District Judge, District Court for the Southern District of New York ( 1992 -- 1998 ) David Souter Kagan, Elena Elena Kagan 000000001960 - 04 - 28 - 0000 April 28, 1960 Manhattan, New York 63 -- 37 50 7001570000000000000 ♠ 57 000000002010 - 08 - 07 - 0000 August 7, 2010 7 years, 8 months Solicitor General of the United States ( 2009 -- 2010 ); Dean of Harvard Law School ( 2003 -- 2009 ); Associate White House Counsel ( 1995 -- 1999 ); Deputy Director of the Domestic Policy Council ( 1995 -- 1999 ); John Paul Stevens Gorsuch, Neil Neil Gorsuch 000000001967 - 08 - 29 - 0000 August 29, 1967 Denver, Colorado Trump, Donald Donald Trump 54 -- 45 49 7001500000000000000 ♠ 50 000000002017 - 04 - 10 - 0000 April 10, 2017 11 months and 26 days Circuit Judge, Court of Appeals for the Tenth Circuit ( 2006 -- 2017 ); Principal Deputy Associate Attorney General and Acting Associate Attorney General ( 2005 -- 2006 ); Antonin Scalia""}",nq,cot,0.0,0.10876132930513595,False,False,False,True
what is the highest court in the united states,The Supreme Court of the United States is the highest federal court in the United States.,Supreme Court of the United States,3785127548796555411,"{'short_answer': 'The Supreme Court of the United States (', 'long_answer': 'The Supreme Court of the United States ( sometimes colloquially referred to by the acronym SCOTUS ) is the highest federal court of the United States. Established pursuant to Article Three of the United States Constitution in 1789, it has ultimate ( and largely discretionary ) appellate jurisdiction over all federal courts and state court cases involving issues of federal law plus original jurisdiction over a small range of cases. In the legal system of the United States, the Supreme Court is generally the final interpreter of federal law including the United States Constitution, but it may act only within the context of a case in which it has jurisdiction. The Court may decide cases having political overtones but does not have power to decide nonjusticiable political questions, and its enforcement arm is in the executive rather than judicial branch of government.'}",nq,cot,0.0,0.5882352941176471,False,False,True,False
how long has the supreme court has 9 justices,"Based on the provided context, the Supreme Court has had 9 justices since **1869**, when the Circuit Judges Act returned the number to nine, ""where it has since remained.""

The text outlines the historical changes:
- 1789: 6 justices (Judiciary Act of 1789)
- 1807: 7 justices
- 1837: 9 justices
- 1863: 10 justices
- 1866-1867: Reduced to 7 by attrition (two seats removed)
- **1869: Returned to 9 justices (Circuit Judges Act), where it has remained**",Supreme Court of the United States,-824653642806880036,"{'short_answer': '', 'long_answer': 'In 1866, at the behest of Chief Justice Chase, Congress passed an act providing that the next three justices to retire would not be replaced, which would thin the bench to seven justices by attrition. Consequently, one seat was removed in 1866 and a second in 1867. In 1869, however, the Circuit Judges Act returned the number of justices to nine, where it has since remained.'}",nq,cot,0.0,0.36800000000000005,False,False,True,False
ages of the judges on the supreme court,,Supreme Court of the United States,2538907278819984497,"{'short_answer': '', 'long_answer': ""Name Birth Appointed by Senate confirmation vote Age at appointment Current age First day / Length of service Previous positions Succeeded John Roberts ( Chief Justice ) January 27, 1955 Buffalo, New York George W. Bush 78 -- 22 50 7004232080000000000 ♠ 63 September 29, 2005 12 years, 10 months Circuit Judge, Court of Appeals for the D.C. Circuit ( 2003 -- 2005 ); Principal Deputy Solicitor General ( 1989 -- 1993 ); Associate Counsel to the President ( 1982 -- 1986 ) William Rehnquist Clarence Thomas June 23, 1948 Pin Point, Georgia George H.W. Bush 52 -- 48 43 7004256170000000000 ♠ 70 October 23, 1991 26 years, 9 months Circuit Judge, Court of Appeals for the D.C. Circuit ( 1990 -- 1991 ); Chairman, Equal Employment Opportunity Commission ( 1982 -- 1990 ); Assistant Attorney General in Missouri under State Attorney General John Danforth ( 1974 -- 1977 ) Thurgood Marshall Ruth Bader Ginsburg March 15, 1933 Brooklyn, New York Bill Clinton 96 -- 3 60 7004311960000000000 ♠ 85 August 10, 1993 25 years Circuit Judge, Court of Appeals for the D.C. Circuit ( 1980 -- 1993 ); General Counsel, American Civil Liberties Union ( 1973 -- 1980 ) Byron White Stephen Breyer August 15, 1938 San Francisco, California 87 -- 9 55 7004292170000000000 ♠ 79 August 3, 1994 24 years Chief Judge, Court of Appeals for the First Circuit ( 1990 -- 1994 ); Circuit Judge, Court of Appeals for the First Circuit ( 1980 -- 1990 ) Harry Blackmun Samuel Alito April 1, 1950 Trenton, New Jersey George W. Bush 58 -- 42 55 7004249700000000000 ♠ 68 January 31, 2006 12 years, 6 months Circuit Judge, Court of Appeals for the Third Circuit ( 1990 -- 2006 ); U.S. Attorney for the District of New Jersey ( 1987 -- 1990 ); Deputy Assistant Attorney General ( 1985 -- 1987 ); Assistant to the Solicitor General ( 1981 -- 1985 ) Sandra Day O'Connor Sonia Sotomayor June 25, 1954 The Bronx, New York Barack Obama 68 -- 31 55 7004234240000000000 ♠ 64 August 8, 2009 9 years Circuit Judge, Court of Appeals for the Second Circuit ( 1998 -- 2009 ); District Judge, District Court for the Southern District of New York ( 1992 -- 1998 ) David Souter Elena Kagan April 28, 1960 Manhattan, New York 63 -- 37 50 7004212900000000000 ♠ 58 August 7, 2010 8 years Solicitor General of the United States ( 2009 -- 2010 ); Dean of Harvard Law School ( 2003 -- 2009 ); Associate White House Counsel ( 1995 -- 1999 ); Deputy Director of the Domestic Policy Council ( 1995 -- 1999 ) John Paul Stevens Neil Gorsuch August 29, 1967 Denver, Colorado Donald Trump 54 -- 45 49 7004186110000000000 ♠ 50 April 10, 2017 1 year, 4 months Circuit Judge, Court of Appeals for the Tenth Circuit ( 2006 -- 2017 ); Principal Deputy Associate Attorney General and Acting Associate Attorney General ( 2005 -- 2006 ) Antonin Scalia Vacant Anthony Kennedy Vacancy""}",nq,cot,0.0,0.0,True,False,False,False
currently how many supreme court justices are there,"Based on the provided context, there are **nine** Supreme Court justices currently serving on the Court.

The text explicitly states: ""The court is currently filled with nine justices"" and ""Following the confirmation of Neil Gorsuch in 2017, the Court consists of five justices appointed by Republican presidents and four appointed by Democratic presidents.""

The current justices listed are:
1. John Roberts (Chief Justice)
2. Anthony Kennedy
3. Clarence Thomas
4. Ruth Bader Ginsburg
5. Stephen Breyer
6. Samuel Alito
7. Sonia Sotomayor
8. Elena Kagan
9. Neil Gorsuch",Supreme Court of the United States,7425154493384697205,"{'short_answer': 'nine justices', 'long_answer': 'The court is currently filled with nine justices. The most recent justice to join to the court was Neil Gorsuch, who was nominated by President Donald Trump on January 31, 2017, and confirmed on April 7, 2017, by the Senate.'}",nq,cot,0.0,0.30769230769230765,False,False,True,False
what is a supreme court justices term of office,"Based on the provided context, Supreme Court justices have **lifetime tenure** (life tenure). 

The text explicitly states: ""Once appointed, justices have lifetime tenure unless they resign, retire, or are removed after impeachment (though no justice has ever been removed)."" This is also confirmed in the infobox section which lists ""Judge term length: Life tenure.""

Justices serve until they voluntarily resign or retire, or until they are removed through the impeachment process (which has never happened in U.S. history).",Supreme Court of the United States,-548329466383357895,"{'short_answer': 'lifetime tenure', 'long_answer': ""According to federal statute, the Court normally consists of the Chief Justice of the United States and eight associate justices who are nominated by the President and confirmed by the Senate. Once appointed, justices have lifetime tenure unless they resign, retire, or are removed after impeachment ( though no justice has ever been removed ). In modern discourse, the justices are often categorized as having conservative, moderate, or liberal philosophies of law and of judicial interpretation. Each justice has one vote, and it is worth noting that while a far greater number of cases in recent history have been decided unanimously, decisions in cases of the highest profile have often come down to just one single vote, thereby exposing the justices ' ideological beliefs that track with those philosophical or political categories. The Court meets in the Supreme Court Building in Washington, D.C.""}",nq,cot,0.0,0.3645320197044335,False,False,True,False
what is the role of the united states supreme court,"Based on the provided context, the role of the United States Supreme Court includes:

1. **Highest Federal Court**: It is the highest federal court in the United States, established pursuant to Article Three of the Constitution in 1789.

2. **Final Interpreter of Federal Law**: It serves as ""the final interpreter of federal law including the United States Constitution,"" though it may act only within the context of a case over which it has jurisdiction.

3. **Judicial Review**: It has the power to declare laws unconstitutional (established in *Marbury v. Madison*, 1803), which Chief Justice John Marshall described as ""the particular province of the courts... to say what the law is.""

4. **Jurisdiction**:
   - **Ultimate appellate jurisdiction** over all federal courts and state court cases involving issues of federal law (largely discretionary)
   - **",Supreme Court of the United States,6340746173756830055,"{'short_answer': '', 'long_answer': 'The Supreme Court of the United States ( sometimes colloquially referred to by the acronym SCOTUS ) is the highest federal court of the United States. Established pursuant to Article Three of the United States Constitution in 1789, it has ultimate ( and largely discretionary ) appellate jurisdiction over all federal courts and state court cases involving issues of federal law plus original jurisdiction over a small range of cases. In the legal system of the United States, the Supreme Court is generally the final interpreter of federal law including the United States Constitution, but it may act only within the context of a case in which it has jurisdiction. The Court may decide cases having political overtones but does not have power to decide nonjusticiable political questions, and its enforcement arm is in the executive rather than judicial branch of government.'}",nq,cot,0.0,0.6134453781512605,False,False,True,False
when were the current supreme court justices appointed,,Supreme Court of the United States,7593720238967084586,"{'short_answer': '', 'long_answer': ""Name Date of birth Appointed by Senate confirmation vote Age at appointment Current age First day / Length of service Previous positions Succeeded Roberts, John John Roberts ( Chief Justice ) 000000001955 - 01 - 27 - 0000 January 27, 1955 Buffalo, New York Bush, George W. George W. Bush 78 -- 22 50 7001620000000000000 ♠ 62 000000002005 - 09 - 29 - 0000 September 29, 2005 12 years, 1 month Circuit Judge, Court of Appeals for the D.C. Circuit ( 2003 -- 2005 ); Principal Deputy Solicitor General ( 1989 -- 1993 ); Associate Counsel to the President ( 1982 -- 1986 ) William Rehnquist Kennedy, Anthony Anthony Kennedy 000000001936 - 07 - 23 - 0000 July 23, 1936 Sacramento, California Reagan, Ronald Ronald Reagan 97 -- 0 51 7001810000000000000 ♠ 81 000000001988 - 02 - 18 - 0000 February 18, 1988 29 years, 8 months Circuit Judge, Court of Appeals for the Ninth Circuit ( 1975 -- 1988 ); Private practice ( 1963 -- 1975 ) Lewis Powell Thomas, Clarence Clarence Thomas 000000001948 - 06 - 23 - 0000 June 23, 1948 Pin Point, Georgia Bush, George H.W. George H.W. Bush 52 -- 48 43 7001690000000000000 ♠ 69 000000001991 - 10 - 23 - 0000 October 23, 1991 26 years Circuit Judge, Court of Appeals for the D.C. Circuit ( 1990 -- 1991 ); Chairman, Equal Employment Opportunity Commission ( 1982 -- 1990 ); Assistant Attorney General in Missouri under State Attorney General John Danforth ( 1974 -- 1977 ) Thurgood Marshall Ginsburg, Ruth Bader Ruth Bader Ginsburg 000000001933 - 03 - 15 - 0000 March 15, 1933 Brooklyn, New York Clinton, Bill Bill Clinton 96 -- 3 60 7001840000000000000 ♠ 84 000000001993 - 08 - 10 - 0000 August 10, 1993 24 years, 2 months Circuit Judge, Court of Appeals for the D.C. Circuit ( 1980 -- 1993 ); General Counsel, American Civil Liberties Union ( 1973 -- 1980 ) Byron White Breyer, Stephen Stephen Breyer 000000001938 - 08 - 15 - 0000 August 15, 1938 San Francisco, California 87 -- 9 55 7001790000000000000 ♠ 79 000000001994 - 08 - 03 - 0000 August 3, 1994 23 years, 2 months Chief Judge, Court of Appeals for the First Circuit ( 1990 -- 1994 ); Circuit Judge, Court of Appeals for the First Circuit ( 1980 -- 1990 ) Harry Blackmun Alito, Samuel Samuel Alito 000000001950 - 04 - 01 - 0000 April 1, 1950 Trenton, New Jersey George W. Bush 58 -- 42 55 7001670000000000000 ♠ 67 000000002006 - 01 - 31 - 0000 January 31, 2006 11 years, 8 months Circuit Judge, Court of Appeals for the Third Circuit ( 1990 -- 2006 ); U.S. Attorney for the District of New Jersey ( 1987 -- 1990 ); Deputy Assistant Attorney General ( 1985 -- 1987 ); Assistant to the Solicitor General ( 1981 -- 1985 ) Sandra Day O'Connor Sotomayor, Sonia Sonia Sotomayor 000000001954 - 06 - 25 - 0000 June 25, 1954 The Bronx, New York Obama, Barack Barack Obama 68 -- 31 55 7001630000000000000 ♠ 63 000000002009 - 08 - 08 - 0000 August 8, 2009 8 years, 2 months Circuit Judge, Court of Appeals for the Second Circuit ( 1998 -- 2009 ); District Judge, District Court for the Southern District of New York ( 1992 -- 1998 ) David Souter Kagan, Elena Elena Kagan 000000001960 - 04 - 28 - 0000 April 28, 1960 Manhattan, New York 63 -- 37 50 7001570000000000000 ♠ 57 000000002010 - 08 - 07 - 0000 August 7, 2010 7 years, 2 months Solicitor General of the United States ( 2009 -- 2010 ); Dean of Harvard Law School ( 2003 -- 2009 ); Associate White House Counsel ( 1995 -- 1999 ); Deputy Director of the Domestic Policy Council ( 1995 -- 1999 ); John Paul Stevens Gorsuch, Neil Neil Gorsuch 000000001967 - 08 - 29 - 0000 August 29, 1967 Denver, Colorado Trump, Donald Donald Trump 54 -- 45 49 7001500000000000000 ♠ 50 000000002017 - 04 - 10 - 0000 April 10, 2017 6 months and 19 days Circuit Judge, Court of Appeals for the Tenth Circuit ( 2006 -- 2017 ); Principal Deputy Associate Attorney General and Acting Associate Attorney General ( 2005 -- 2006 ); Antonin Scalia""}",nq,cot,0.0,0.0,True,False,False,False
retirement age of supreme court judges in usa,,Supreme Court of the United States,735733759692996096,"{'short_answer': ""suggest lifetime tenure brings substantial benefits, such as impartiality and freedom from political pressure. Alexander Hamilton in Federalist 78 wrote `` nothing can contribute so much to its firmness and independence as permanency in office. ''"", 'long_answer': ""Critic Larry Sabato wrote: `` The insularity of lifetime tenure, combined with the appointments of relatively young attorneys who give long service on the bench, produces senior judges representing the views of past generations better than views of the current day. '' Sanford Levinson has been critical of justices who stayed in office despite medical deterioration based on longevity. James MacGregor Burns stated lifelong tenure has `` produced a critical time lag, with the Supreme Court institutionally almost always behind the times. '' Proposals to solve these problems include term limits for justices, as proposed by Levinson and Sabato as well as a mandatory retirement age proposed by Richard Epstein, among others. However, others suggest lifetime tenure brings substantial benefits, such as impartiality and freedom from political pressure. Alexander Hamilton in Federalist 78 wrote `` nothing can contribute so much to its firmness and independence as permanency in office. ''""}",nq,cot,0.0,0.0,True,False,False,False
how many judges are there in the united states supreme court,The United States Supreme Court consists of **nine justices** — one Chief Justice and eight Associate Justices. This number has been set by statute since 1869 and remains the current composition.,Supreme Court of the United States,4543417054170639917,"{'short_answer': 'six ``', 'long_answer': ""Article III of the United States Constitution does not specify the number of justices. The Judiciary Act of 1789 called for the appointment of six `` judges ''. Although an 1801 act would have reduced the size of the court to five members upon its next vacancy, an 1802 act promptly negated the 1801 act, legally restoring the court 's size to six members before any such vacancy occurred. As the nation 's boundaries grew, Congress added justices to correspond with the growing number of judicial circuits: seven in 1807, nine in 1837, and ten in 1863.""}",nq,cot,0.0,0.16071428571428573,False,False,False,True
how can you remove a supreme court justice,"Based on the provided context, a Supreme Court justice can be removed from office only through **impeachment by the House of Representatives and conviction by the Senate**. 

The Constitution states that justices ""shall hold their offices during good behavior,"" which means they serve for life unless they:
1. **Are impeached and convicted by Congress** (the only involuntary removal mechanism)
2. **Resign** voluntarily
3. **Retire** voluntarily

The text notes that only one justice (Samuel Chase in 1804) has ever been impeached by the House, but he was acquitted by the Senate. No justice has ever been successfully removed through impeachment. Additionally, the context explicitly states: ""No mechanism exists for removing a justice who is permanently incapacitated by illness or injury, but unable (or unwilling) to resign.""",Supreme Court of the United States,-2961670855418829569,"{'short_answer': 'impeachment (', 'long_answer': ""According to federal statute, the Court normally consists of the Chief Justice of the United States and eight associate justices who are nominated by the President and confirmed by the Senate. Once appointed, justices have lifetime tenure unless they resign, retire, or are removed after impeachment ( though no justice has ever been removed ). In modern discourse, the justices are often categorized as having conservative, moderate, or liberal philosophies of law and of judicial interpretation. Each justice has one vote, and it is worth noting that while a far greater number of cases in recent history have been decided unanimously, decisions in cases of the highest profile have often come down to just one single vote, thereby exposing the justices ' ideological beliefs that track with those philosophical or political categories. The Court meets in the Supreme Court Building in Washington, D.C.""}",nq,cot,0.0,0.29629629629629634,False,False,False,True
who are the current supreme court justices 2017,"Based on the provided context, the nine Supreme Court justices serving in 2017 (after Neil Gorsuch's confirmation on April 7, 2017) were:

1. **John Roberts** (Chief Justice) - appointed by George W. Bush
2. **Anthony Kennedy** - appointed by Ronald Reagan
3. **Clarence Thomas** - appointed by George H.W. Bush
4. **Ruth Bader Ginsburg** - appointed by Bill Clinton
5. **Stephen Breyer** - appointed by Bill Clinton
6. **Samuel Alito** - appointed by George W. Bush
7. **Sonia Sotomayor** - appointed by Barack Obama
8. **Elena Kagan** - appointed by Barack Obama
9. **Neil Gorsuch** - appointed by Donald Trump (most recent appointee, confirmed April 7, 2017)

The Court consisted of five justices appointed by Republican presidents (Roberts, Kennedy, Thomas, Alito, Gorsuch) and four appointed by Democratic presidents (Ginsburg, Breyer, Sotomayor, Kagan).",Supreme Court of the United States,-3286674585604525369,"{'short_answer': 'John Roberts (', 'long_answer': ""Name Birth Appointed by Senate confirmation vote Age at appointment Current age First day / Length of service Previous positions Succeeded Roberts, John John Roberts ( Chief Justice ) 000000001955 - 01 - 27 - 0000 January 27, 1955 Buffalo, New York Bush, George W. George W. Bush 78 -- 22 50 7004231340000000000 ♠ 63 000000002005 - 09 - 29 - 0000 September 29, 2005 12 years, 8 months Circuit Judge, Court of Appeals for the D.C. Circuit ( 2003 -- 2005 ); Principal Deputy Solicitor General ( 1989 -- 1993 ); Associate Counsel to the President ( 1982 -- 1986 ) William Rehnquist Kennedy, Anthony Anthony Kennedy 000000001936 - 07 - 23 - 0000 July 23, 1936 Sacramento, California Reagan, Ronald Ronald Reagan 97 -- 0 51 7004298960000000000 ♠ 81 000000001988 - 02 - 18 - 0000 February 18, 1988 30 years, 3 months Circuit Judge, Court of Appeals for the Ninth Circuit ( 1975 -- 1988 ); Private practice ( 1963 -- 1975 ) Lewis Powell Thomas, Clarence Clarence Thomas 000000001948 - 06 - 23 - 0000 June 23, 1948 Pin Point, Georgia Bush, George H.W. George H.W. Bush 52 -- 48 43 7004255430000000000 ♠ 69 000000001991 - 10 - 23 - 0000 October 23, 1991 26 years, 7 months Circuit Judge, Court of Appeals for the D.C. Circuit ( 1990 -- 1991 ); Chairman, Equal Employment Opportunity Commission ( 1982 -- 1990 ); Assistant Attorney General in Missouri under State Attorney General John Danforth ( 1974 -- 1977 ) Thurgood Marshall Ginsburg, Ruth Bader Ruth Bader Ginsburg 000000001933 - 03 - 15 - 0000 March 15, 1933 Brooklyn, New York Clinton, Bill Bill Clinton 96 -- 3 60 7004311220000000000 ♠ 85 000000001993 - 08 - 10 - 0000 August 10, 1993 24 years, 9 months Circuit Judge, Court of Appeals for the D.C. Circuit ( 1980 -- 1993 ); General Counsel, American Civil Liberties Union ( 1973 -- 1980 ) Byron White Breyer, Stephen Stephen Breyer 000000001938 - 08 - 15 - 0000 August 15, 1938 San Francisco, California 87 -- 9 55 7004291430000000000 ♠ 79 000000001994 - 08 - 03 - 0000 August 3, 1994 23 years, 9 months Chief Judge, Court of Appeals for the First Circuit ( 1990 -- 1994 ); Circuit Judge, Court of Appeals for the First Circuit ( 1980 -- 1990 ) Harry Blackmun Alito, Samuel Samuel Alito 000000001950 - 04 - 01 - 0000 April 1, 1950 Trenton, New Jersey George W. Bush 58 -- 42 55 7004248960000000000 ♠ 68 000000002006 - 01 - 31 - 0000 January 31, 2006 12 years, 3 months Circuit Judge, Court of Appeals for the Third Circuit ( 1990 -- 2006 ); U.S. Attorney for the District of New Jersey ( 1987 -- 1990 ); Deputy Assistant Attorney General ( 1985 -- 1987 ); Assistant to the Solicitor General ( 1981 -- 1985 ) Sandra Day O'Connor Sotomayor, Sonia Sonia Sotomayor 000000001954 - 06 - 25 - 0000 June 25, 1954 The Bronx, New York Obama, Barack Barack Obama 68 -- 31 55 7004233500000000000 ♠ 63 000000002009 - 08 - 08 - 0000 August 8, 2009 8 years, 9 months Circuit Judge, Court of Appeals for the Second Circuit ( 1998 -- 2009 ); District Judge, District Court for the Southern District of New York ( 1992 -- 1998 ) David Souter Kagan, Elena Elena Kagan 000000001960 - 04 - 28 - 0000 April 28, 1960 Manhattan, New York 63 -- 37 50 7004212160000000000 ♠ 58 000000002010 - 08 - 07 - 0000 August 7, 2010 7 years, 9 months Solicitor General of the United States ( 2009 -- 2010 ); Dean of Harvard Law School ( 2003 -- 2009 ); Associate White House Counsel ( 1995 -- 1999 ); Deputy Director of the Domestic Policy Council ( 1995 -- 1999 ); John Paul Stevens Gorsuch, Neil Neil Gorsuch 000000001967 - 08 - 29 - 0000 August 29, 1967 Denver, Colorado Trump, Donald Donald Trump 54 -- 45 49 7004185370000000000 ♠ 50 000000002017 - 04 - 10 - 0000 April 10, 2017 1 year, 1 month Circuit Judge, Court of Appeals for the Tenth Circuit ( 2006 -- 2017 ); Principal Deputy Associate Attorney General and Acting Associate Attorney General ( 2005 -- 2006 ); Antonin Scalia""}",nq,cot,0.0,0.2091310751104566,False,False,False,True
who is the actual president of the supreme court of justice,"Based on the provided context, the United States Supreme Court does not have a ""president"" – it has a **Chief Justice of the United States**.

The current Chief Justice is **John G. Roberts**, who has held the position since **September 29, 2005**.

The context states: ""Chief Justice of the United States Currently John G. Roberts Since September 29, 2005""",Supreme Court of the United States,-7286551317454758217,"{'short_answer': 'John G. Roberts', 'long_answer': ""Supreme Court of the United States Established March 4, 1789 ( 228 years ago ) ( 1789 - 03 - 04 ) Country United States Location Washington, D.C., United States Coordinates 38 ° 53 ′ 26 '' N 77 ° 00 ′ 16 '' W \ufeff / \ufeff 38.89056 ° N 77.00444 ° W \ufeff / 38.89056; - 77.00444 Coordinates: 38 ° 53 ′ 26 '' N 77 ° 00 ′ 16 '' W \ufeff / \ufeff 38.89056 ° N 77.00444 ° W \ufeff / 38.89056; - 77.00444 Composition method Presidential nomination with Senate confirmation Authorized by United States Constitution Judge term length Life tenure No. of positions 9, by statute Website www.supremecourt.gov Chief Justice of the United States Currently John G. Roberts Since September 29, 2005""}",nq,cot,0.0,0.2641509433962264,False,False,False,True
how many supreme court judges are there in usa,"Based on the provided context, the Supreme Court of the United States currently consists of **nine justices** (one Chief Justice and eight Associate Justices). This has been the statutory number since the Circuit Judges Act of 1869.

The context states: ""According to federal statute, the Court normally consists of the Chief Justice of the United States and eight associate justices"" and ""Number of positions: 9, by statute."" The current justices table also lists nine members.",Supreme Court of the United States,7798718635369108427,"{'short_answer': '', 'long_answer': ""According to federal statute, the Court normally consists of the Chief Justice of the United States and eight associate justices who are nominated by the President and confirmed by the Senate. Once appointed, justices have lifetime tenure unless they resign, retire, or are removed after impeachment. In modern discourse, the justices are often categorized as having conservative, moderate, or liberal philosophies of law and of judicial interpretation. Each justice has one vote, and while a far greater number of cases in recent history have been decided unanimously, decisions in cases of the highest profile have often come down to just one single vote, thereby exposing the justices ' ideological beliefs that track with those philosophical or political categories. The Court meets in the Supreme Court Building in Washington, D.C.""}",nq,cot,0.0,0.37362637362637363,False,False,True,False
what is the makeup of the supreme court,"Based on the provided context, the makeup of the Supreme Court of the United States is as follows:

**Size and Structure:**
- **9 positions total** (1 Chief Justice + 8 Associate Justices), set by federal statute
- **Life tenure** for justices (serve ""during good behavior"" unless they resign, retire, or are impeached)
- **Appointment process**: Presidential nomination with Senate confirmation

**Current Composition (as of 2017 revision):**
- **5 justices appointed by Republican presidents**
- **4 justices appointed by Democratic presidents**

**Ideological Breakdown (popularly accepted at time of writing):**
- **Conservative wing**: Chief Justice John Roberts, Justice Clarence Thomas, Justice Samuel Alito
- **Liberal wing**: Justices Ruth Bader Ginsburg, Stephen Breyer, Sonia Sotomayor, Elena Kagan
- **Swing vote**: Justice Anthony Kennedy (appointed by Reagan, described as ""a conservative who has occasionally voted with",Supreme Court of the United States,4271086757818628997,"{'short_answer': '', 'long_answer': ""Name Birth Appointed by Senate confirmation vote Age at appointment Current age First day / Length of service Previous positions Succeeded Roberts, John John Roberts ( Chief Justice ) 000000001955 - 01 - 27 - 0000 January 27, 1955 Buffalo, New York Bush, George W. George W. Bush 78 -- 22 50 7001630000000000000 ♠ 63 000000002005 - 09 - 29 - 0000 September 29, 2005 12 years, 4 months Circuit Judge, Court of Appeals for the D.C. Circuit ( 2003 -- 2005 ); Principal Deputy Solicitor General ( 1989 -- 1993 ); Associate Counsel to the President ( 1982 -- 1986 ) William Rehnquist Kennedy, Anthony Anthony Kennedy 000000001936 - 07 - 23 - 0000 July 23, 1936 Sacramento, California Reagan, Ronald Ronald Reagan 97 -- 0 51 7001810000000000000 ♠ 81 000000001988 - 02 - 18 - 0000 February 18, 1988 30 years Circuit Judge, Court of Appeals for the Ninth Circuit ( 1975 -- 1988 ); Private practice ( 1963 -- 1975 ) Lewis Powell Thomas, Clarence Clarence Thomas 000000001948 - 06 - 23 - 0000 June 23, 1948 Pin Point, Georgia Bush, George H.W. George H.W. Bush 52 -- 48 43 7001690000000000000 ♠ 69 000000001991 - 10 - 23 - 0000 October 23, 1991 26 years, 3 months Circuit Judge, Court of Appeals for the D.C. Circuit ( 1990 -- 1991 ); Chairman, Equal Employment Opportunity Commission ( 1982 -- 1990 ); Assistant Attorney General in Missouri under State Attorney General John Danforth ( 1974 -- 1977 ) Thurgood Marshall Ginsburg, Ruth Bader Ruth Bader Ginsburg 000000001933 - 03 - 15 - 0000 March 15, 1933 Brooklyn, New York Clinton, Bill Bill Clinton 96 -- 3 60 7001840000000000000 ♠ 84 000000001993 - 08 - 10 - 0000 August 10, 1993 24 years, 6 months Circuit Judge, Court of Appeals for the D.C. Circuit ( 1980 -- 1993 ); General Counsel, American Civil Liberties Union ( 1973 -- 1980 ) Byron White Breyer, Stephen Stephen Breyer 000000001938 - 08 - 15 - 0000 August 15, 1938 San Francisco, California 87 -- 9 55 7001790000000000000 ♠ 79 000000001994 - 08 - 03 - 0000 August 3, 1994 23 years, 6 months Chief Judge, Court of Appeals for the First Circuit ( 1990 -- 1994 ); Circuit Judge, Court of Appeals for the First Circuit ( 1980 -- 1990 ) Harry Blackmun Alito, Samuel Samuel Alito 000000001950 - 04 - 01 - 0000 April 1, 1950 Trenton, New Jersey George W. Bush 58 -- 42 55 7001670000000000000 ♠ 67 000000002006 - 01 - 31 - 0000 January 31, 2006 12 years Circuit Judge, Court of Appeals for the Third Circuit ( 1990 -- 2006 ); U.S. Attorney for the District of New Jersey ( 1987 -- 1990 ); Deputy Assistant Attorney General ( 1985 -- 1987 ); Assistant to the Solicitor General ( 1981 -- 1985 ) Sandra Day O'Connor Sotomayor, Sonia Sonia Sotomayor 000000001954 - 06 - 25 - 0000 June 25, 1954 The Bronx, New York Obama, Barack Barack Obama 68 -- 31 55 7001630000000000000 ♠ 63 000000002009 - 08 - 08 - 0000 August 8, 2009 8 years, 6 months Circuit Judge, Court of Appeals for the Second Circuit ( 1998 -- 2009 ); District Judge, District Court for the Southern District of New York ( 1992 -- 1998 ) David Souter Kagan, Elena Elena Kagan 000000001960 - 04 - 28 - 0000 April 28, 1960 Manhattan, New York 63 -- 37 50 7001570000000000000 ♠ 57 000000002010 - 08 - 07 - 0000 August 7, 2010 7 years, 6 months Solicitor General of the United States ( 2009 -- 2010 ); Dean of Harvard Law School ( 2003 -- 2009 ); Associate White House Counsel ( 1995 -- 1999 ); Deputy Director of the Domestic Policy Council ( 1995 -- 1999 ); John Paul Stevens Gorsuch, Neil Neil Gorsuch 000000001967 - 08 - 29 - 0000 August 29, 1967 Denver, Colorado Trump, Donald Donald Trump 54 -- 45 49 7001500000000000000 ♠ 50 000000002017 - 04 - 10 - 0000 April 10, 2017 10 months and 10 days Circuit Judge, Court of Appeals for the Tenth Circuit ( 2006 -- 2017 ); Principal Deputy Associate Attorney General and Acting Associate Attorney General ( 2005 -- 2006 ); Antonin Scalia""}",nq,cot,0.0,0.13353115727002968,False,False,False,True
who is the youngest judge currently sitting on the u.s. supreme court,"Based on the provided context, **Neil Gorsuch** is the youngest justice currently sitting on the U.S. Supreme Court.

According to the membership table:
- **Neil Gorsuch** was born on **August 29, 1967**, making him **56 years old** (current age listed as 56)
- The next youngest is **Elena Kagan**, born April 28, 1960 (current age 63)

The context also notes that the average age of the Court is 67 years and 4 months.",Supreme Court of the United States,4306251832362961541,"{'short_answer': 'Neil Gorsuch August', 'long_answer': ""Justice / Birthdate and place Appointed by SCV Age at Start date / Length of service Previous position Succeeded Start Present John Roberts January 27, 1955 Buffalo, New York G.W. Bush 78 -- 22 50 7004232870000000000 ♠ 63 September 29, 2005 7003477900000000000 ♠ 13 years, 31 days Circuit Judge, Court of Appeals for the D.C. Circuit ( 2003 -- 2005 ) Rehnquist Clarence Thomas June 23, 1948 Pin Point, Georgia G.H.W. Bush 52 -- 48 43 7004256960000000000 ♠ 70 October 23, 1991 7003986900000000000 ♠ 27 years, 7 days Circuit Judge, Court of Appeals for the D.C. Circuit ( 1990 -- 1991 ) Marshall Ruth Bader Ginsburg March 15, 1933 Brooklyn, New York Clinton 96 -- 3 60 7004312750000000000 ♠ 85 August 10, 1993 7003921200000000000 ♠ 25 years, 81 days Circuit Judge, Court of Appeals for the D.C. Circuit ( 1980 -- 1993 ) White Stephen Breyer August 15, 1938 San Francisco, California Clinton 87 -- 9 55 7004292960000000000 ♠ 80 August 3, 1994 7003885400000000000 ♠ 24 years, 88 days Chief Judge, Court of Appeals for the First Circuit ( 1990 -- 1994 ) Blackmun Samuel Alito April 1, 1950 Trenton, New Jersey G.W. Bush 58 -- 42 55 7004250490000000000 ♠ 68 January 31, 2006 7003465500000000000 ♠ 12 years, 272 days Circuit Judge, Court of Appeals for the Third Circuit ( 1990 -- 2006 ) O'Connor Sonia Sotomayor June 25, 1954 The Bronx, New York Obama 68 -- 31 55 7004235030000000000 ♠ 64 August 8, 2009 7003337000000000000 ♠ 9 years, 83 days Circuit Judge, Court of Appeals for the Second Circuit ( 1998 -- 2009 ) Souter Elena Kagan April 28, 1960 Manhattan, New York Obama 63 -- 37 50 7004213690000000000 ♠ 58 August 7, 2010 7003300800000000000 ♠ 8 years, 86 days Solicitor General of the United States ( 2009 -- 2010 ) Stevens Neil Gorsuch August 29, 1967 Denver, Colorado Trump 54 -- 45 49 7004186900000000000 ♠ 51 April 10, 2017 7002568000000000000 ♠ 1 year, 203 days Circuit Judge, Court of Appeals for the Tenth Circuit ( 2006 -- 2017 ) Scalia Brett Kavanaugh February 12, 1965 Washington, D.C. Trump 50 -- 48 53 7004196180000000000 ♠ 53 October 6, 2018 7001240000000000000 ♠ 24 days Circuit Judge, Court of Appeals for the D.C. Circuit ( 2006 -- 2018 ) Kennedy Source:""}",nq,cot,0.0,0.0962025316455696,False,False,False,True
when did the us supreme court have 9 justices,"Based on the provided text, the U.S. Supreme Court has had 9 justices at two key points in history:

1. **First reached 9 justices in 1837** - ""As the nation's boundaries grew, Congress added justices to correspond with the growing number of judicial circuits: seven in 1807, **nine in 1837**, and",Supreme Court of the United States,1025571073910974662,"{'short_answer': '1869,', 'long_answer': 'In 1866, at the behest of Chief Justice Chase, Congress passed an act providing that the next three justices to retire would not be replaced, which would thin the bench to seven justices by attrition. Consequently, one seat was removed in 1866 and a second in 1867. In 1869, however, the Circuit Judges Act returned the number of justices to nine, where it has since remained.'}",nq,cot,0.0,0.3047619047619048,False,False,True,False
how many judges currently serve on the supreme court,"Based on the provided context, there are **nine** justices currently serving on the U.S. Supreme Court.

The text explicitly states: ""The court is currently filled with nine justices"" and ""In 1869, however, the Circuit Judges Act returned the number of justices to nine, where it has since remained.""

The current justices listed are:
1. John Roberts (Chief Justice)
2. Anthony Kennedy
3. Clarence Thomas
4. Ruth Bader Ginsburg
5. Stephen Breyer
6. Samuel Alito
7. Sonia Sotomayor
8. Elena Kagan
9. Neil Gorsuch",Supreme Court of the United States,2525993732159637135,"{'short_answer': 'nine Justices', 'long_answer': 'The court is currently filled with nine Justices. The most recent justice to join to the court was Neil Gorsuch, who was nominated by President Donald Trump on January 31, 2017, and confirmed on April 7, 2017, by the U.S. Senate.'}",nq,cot,0.0,0.3008849557522124,False,False,True,False
how old are each of the supreme court justices,,Supreme Court of the United States,2606671969689594205,"{'short_answer': '', 'long_answer': ""Name Date of birth Appointed by Senate confirmation vote Age at appointment Current age First day / Length of service Previous positions Succeeded Roberts, John John Roberts ( Chief Justice ) 000000001955 - 01 - 27 - 0000 January 27, 1955 Buffalo, New York Bush, George W. George W. Bush 78 -- 22 50 7001620000000000000 ♠ 62 000000002005 - 09 - 29 - 0000 September 29, 2005 11 years, 11 months Circuit Judge, Court of Appeals for the D.C. Circuit ( 2003 -- 2005 ); Principal Deputy Solicitor General ( 1989 -- 1993 ); Associate Counsel to the President ( 1982 -- 1986 ) William Rehnquist Kennedy, Anthony Anthony Kennedy 000000001936 - 07 - 23 - 0000 July 23, 1936 Sacramento, California Reagan, Ronald Ronald Reagan 97 -- 0 51 7001810000000000000 ♠ 81 000000001988 - 02 - 18 - 0000 February 18, 1988 29 years, 7 months Circuit Judge, Court of Appeals for the Ninth Circuit ( 1975 -- 1988 ); Private practice ( 1963 -- 1975 ) Lewis Powell Thomas, Clarence Clarence Thomas 000000001948 - 06 - 23 - 0000 June 23, 1948 Pin Point, Georgia Bush, George H.W. George H.W. Bush 52 -- 48 43 7001690000000000000 ♠ 69 000000001991 - 10 - 23 - 0000 October 23, 1991 25 years, 10 months Circuit Judge, Court of Appeals for the D.C. Circuit ( 1990 -- 1991 ); Chairman, Equal Employment Opportunity Commission ( 1982 -- 1990 ); Assistant Attorney General in Missouri under State Attorney General John Danforth ( 1974 -- 1977 ) Thurgood Marshall Ginsburg, Ruth Bader Ruth Bader Ginsburg 000000001933 - 03 - 15 - 0000 March 15, 1933 Brooklyn, New York Clinton, Bill Bill Clinton 96 -- 3 60 7001840000000000000 ♠ 84 000000001993 - 08 - 10 - 0000 August 10, 1993 24 years, 1 month Circuit Judge, Court of Appeals for the D.C. Circuit ( 1980 -- 1993 ); General Counsel, American Civil Liberties Union ( 1973 -- 1980 ) Breyer, Stephen Stephen Breyer 000000001938 - 08 - 15 - 0000 August 15, 1938 San Francisco, California 87 -- 9 55 7001790000000000000 ♠ 79 000000001994 - 08 - 03 - 0000 August 3, 1994 23 years, 1 month Chief Judge, Court of Appeals for the First Circuit ( 1990 -- 1994 ); Circuit Judge, Court of Appeals for the First Circuit ( 1980 -- 1990 ) Harry Blackmun Alito, Samuel Samuel Alito 000000001950 - 04 - 01 - 0000 April 1, 1950 Trenton, New Jersey George W. Bush 58 -- 42 55 7001670000000000000 ♠ 67 000000002006 - 01 - 31 - 0000 January 31, 2006 11 years, 7 months Circuit Judge, Court of Appeals for the Third Circuit ( 1990 -- 2006 ); U.S. Attorney for the District of New Jersey ( 1987 -- 1990 ); Deputy Assistant Attorney General ( 1985 -- 1987 ); Assistant to the Solicitor General ( 1981 -- 1985 ) Sandra Day O'Connor Sotomayor, Sonia Sonia Sotomayor 000000001954 - 06 - 25 - 0000 June 25, 1954 The Bronx, New York Obama, Barack Barack Obama 68 -- 31 55 7001630000000000000 ♠ 63 000000002009 - 08 - 08 - 0000 August 8, 2009 8 years, 1 month Circuit Judge, Court of Appeals for the Second Circuit ( 1998 -- 2009 ); District Judge, District Court for the Southern District of New York ( 1992 -- 1998 ) David Souter Kagan, Elena Elena Kagan 000000001960 - 04 - 28 - 0000 April 28, 1960 Manhattan, New York 63 -- 37 50 7001570000000000000 ♠ 57 000000002010 - 08 - 07 - 0000 August 7, 2010 7 years, 1 month Solicitor General of the United States ( 2009 -- 2010 ); Dean of Harvard Law School ( 2003 -- 2009 ); Associate White House Counsel ( 1995 -- 1999 ); Deputy Director of the Domestic Policy Council ( 1995 -- 1999 ); John Paul Stevens Gorsuch, Neil Neil Gorsuch 000000001967 - 08 - 29 - 0000 August 29, 1967 Denver, Colorado Trump, Donald Donald Trump 54 -- 45 49 7001500000000000000 ♠ 50 000000002017 - 04 - 10 - 0000 April 10, 2017 163 days Circuit Judge, Court of Appeals for the Tenth Circuit ( 2006 -- 2017 ); Principal Deputy Associate Attorney General and Acting Associate Attorney General ( 2005 -- 2006 ); Antonin Scalia""}",nq,cot,0.0,0.0,True,False,False,False
what is the term for the supreme court,"Based on the provided context, Supreme Court justices serve **life tenure** (lifetime appointments). According to the text: ""Once appointed, justices have lifetime tenure unless they resign, retire, or are removed after impeachment (though no justice has ever been removed)."" The infobox also confirms ""Judge term length: Life tenure.""",Supreme Court of the United States,1920975387925916537,"{'short_answer': '', 'long_answer': ""A term of the Supreme Court commences on the first Monday of each October, and continues until June or early July of the following year. Each term consists of alternating periods of around two weeks known as `` sittings '' and `` recesses. '' Justices hear cases and deliver rulings during sittings; they discuss cases and write opinions during recesses.""}",nq,cot,0.0,0.1443298969072165,False,False,False,True
when can the supreme court justices be removed,"Based on the provided context, Supreme Court justices can be removed in the following circumstances:

1. **Impeachment and conviction by Congress** - The Constitution states justices ""shall hold their offices during good behavior,"" which means life tenure unless impeached and convicted. Only one justice (Samuel Chase in 1804) has ever been impeached by the House, but he was acquitted by the Senate.

2. **Resignation** - A justice may voluntarily resign from the bench.

3. **Retirement** - A justice may retire from active service.

The text explicitly notes: **""No mechanism exists for removing a justice who is permanently incapacitated by illness or injury, but unable (or unwilling) to resign.""**",Supreme Court of the United States,2698192755634040121,"{'short_answer': 'after impeachment (', 'long_answer': ""According to federal statute, the Court normally consists of the Chief Justice of the United States and eight associate justices who are nominated by the President and confirmed by the Senate. Once appointed, justices have lifetime tenure unless they resign, retire, or are removed after impeachment ( though no justice has ever been removed ). In modern discourse, the justices are often categorized as having conservative, moderate, or liberal philosophies of law and of judicial interpretation. Each justice has one vote, and it is worth noting while a far greater number of cases in recent history have been decided unanimously, decisions in cases of the highest profile have come down to just one single vote, thereby exposing the justices ' ideological beliefs that track with those philosophical or political categories. The Court meets in the Supreme Court Building in Washington, D.C.""}",nq,cot,0.0,0.27927927927927926,False,False,False,True
what is the name of the highest most important court in the us,"The Supreme Court of the United States (often abbreviated as SCOTUS) is the highest and most important court in the United States. As stated in the context: ""The Supreme Court of the United States is the highest federal court of the United States"" and ""In the legal system of the United States, the Supreme Court is generally the final interpreter of federal law including the United States Constitution.""",Supreme Court of the United States,-7376862590321764755,"{'short_answer': 'Supreme Court of the United States is', 'long_answer': 'The Supreme Court of the United States is the highest federal court of the United States. Established pursuant to Article Three of the United States Constitution in 1789, it has ultimate ( and largely discretionary ) appellate jurisdiction over all federal courts and state court cases involving issues of federal law plus original jurisdiction over a small range of cases. In the legal system of the United States, the Supreme Court is generally the final interpreter of federal law including the United States Constitution, but it may act only within the context of a case in which it has jurisdiction. The Court may decide cases having political overtones but does not have power to decide nonjusticiable political questions, and its enforcement arm is in the executive rather than judicial branch of government.'}",nq,cot,0.0,0.4970414201183432,False,False,True,False
when was the courts size fixed at nine justices,"Based on the provided context, the Supreme Court's size was fixed at nine justices in **1869** by the Circuit Judges Act, and it has remained at nine since then.",Supreme Court of the United States,-2072028062443731968,"{'short_answer': '1869,', 'long_answer': 'In 1866, at the behest of Chief Justice Chase, Congress passed an act providing that the next three justices to retire would not be replaced, which would thin the bench to seven justices by attrition. Consequently, one seat was removed in 1866 and a second in 1867. In 1869, however, the Circuit Judges Act returned the number of justices to nine, where it has since remained.'}",nq,cot,0.0,0.3529411764705882,False,False,True,False
is there a constitutional limit on the number of supreme court justices,"Based on the provided context, **no, there is no constitutional limit on the number of Supreme Court justices.**

The text explicitly states: **""Article III of the United States Constitution does not specify the number of justices.""**

Instead, the size of the Court is set by **Congress through statute** (beginning with the Judiciary Act of 1789, which set it at six). The number has changed several times throughout history (6, 7, 9, 10, back to 7, and fixed at 9 since 1869).",Supreme Court of the United States,-2724342520407536212,"{'short_answer': '', 'long_answer': ""Article III of the United States Constitution does not specify the number of justices. The Judiciary Act of 1789 called for the appointment of six `` judges. '' Although an 1801 act would have reduced the size of the court to five members upon its next vacancy, an 1802 act promptly negated the 1801 act, legally restoring the court 's size to six members before any such vacancy occurred. As the nation 's boundaries grew, Congress added justices to correspond with the growing number of judicial circuits: seven in 1807, nine in 1837, and ten in 1863.""}",nq,cot,0.0,0.3612903225806452,False,False,True,False
what are the qualifications for being a us supreme court justice,"Based on the provided context, the U.S. Constitution **sets no qualifications for service as a Supreme Court justice**. 

The text explicitly states: ""Because the Constitution sets no qualifications for service as a justice, a president may nominate anyone to serve, subject to Senate confirmation.""

The only constitutional requirements are:
1. Nomination by the President
2. Confirmation by the Senate (with ""Advice and Consent"")

Once appointed, justices have lifetime tenure unless they resign, retire, or are removed through impeachment.",Supreme Court of the United States,4163474915705102559,"{'short_answer': 'the Constitution sets no qualifications for', 'long_answer': ""The U.S. Constitution states that the President `` shall nominate, and by and with the Advice and Consent of the Senate, shall appoint Judges of the Supreme Court. '' Most presidents nominate candidates who broadly share their ideological views, although a justice 's decisions may end up being contrary to a president 's expectations. Because the Constitution sets no qualifications for service as a justice, a president may nominate anyone to serve, subject to Senate confirmation.""}",nq,cot,0.0,0.48484848484848486,False,False,True,False
how many supreme court justice's are there,"Based on the provided context, there are **9 Supreme Court justices** (1 Chief Justice and 8 Associate Justices).

The context states: ""According to federal statute, the Court normally consists of the Chief Justice of the United States and eight associate justices"" and ""Number of positions: 9, by statute"" and ""The court is currently filled with nine justices.""",Supreme Court of the United States,3497881884726350261,"{'short_answer': '9,', 'long_answer': ""Supreme Court of the United States Established March 4, 1789 ( 228 years ago ) ( 1789 - 03 - 04 ) Country United States Location Washington, D.C., United States Coordinates 38 ° 53 ′ 26 '' N 77 ° 00 ′ 16 '' W \ufeff / \ufeff 38.89056 ° N 77.00444 ° W \ufeff / 38.89056; - 77.00444 Coordinates: 38 ° 53 ′ 26 '' N 77 ° 00 ′ 16 '' W \ufeff / \ufeff 38.89056 ° N 77.00444 ° W \ufeff / 38.89056; - 77.00444 Composition method Presidential nomination with Senate confirmation Authorized by United States Constitution Judge term length Life tenure No. of positions 9, by statute Website www.supremecourt.gov Chief Justice of the United States Currently John G. Roberts Since September 29, 2005""}",nq,cot,0.0,0.2,False,False,False,True
what is the supreme court of the united states,"The Supreme Court of the United States (SCOTUS) is the **highest federal court** in the United States. Established in 1789 pursuant to **Article Three of the U.S. Constitution**, it serves as the final interpreter of federal law, including the Constitution itself.

**Key characteristics:**
- **Composition:** 9 justices (1 Chief Justice + 8 Associate Justices), nominated by the President and confirmed by the Senate, serving **life tenure**
- **Jurisdiction:** Ultimate (largely discretionary) appellate jurisdiction over all federal courts and state cases involving federal law; original jurisdiction over a small range of cases (primarily disputes between states)
- **Location:** Supreme Court Building in Washington, D.C.
- **Authority:** Can declare laws unconstitutional (judicial review, established in *Marbury v. Madison*, 1803), but cannot decide political questions or advisory opinions
- **Enforcement:** Relies on the executive branch to enforce its rulings

The Court's decisions are binding precedent, though a 4-4 tie affirms the lower court's ruling without setting precedent.",Supreme Court of the United States,1477913436766731405,"{'short_answer': 'the highest federal court of the United States.', 'long_answer': 'The Supreme Court of the United States ( sometimes colloquially referred to by the acronym SCOTUS ) is the highest federal court of the United States. Established pursuant to Article Three of the United States Constitution in 1789, it has ultimate ( and largely discretionary ) appellate jurisdiction over all federal courts and state court cases, involving issues of federal law plus original jurisdiction over a small range of cases. In the legal system of the United States, the Supreme Court is generally the final interpreter of federal law including the United States Constitution, but it may act only within the context of a case in which it has jurisdiction. The Court may decide cases having political overtones, but does not have power to decide nonjusticiable political questions, and its enforcement arm is in the executive rather than judicial branch of government.'}",nq,cot,0.0,0.5468749999999999,False,False,True,False
how long do supreme court justices hold their jobs,"Based on the provided context, Supreme Court justices hold their offices **for life** (during ""good behavior""), unless they:

1. **Resign** voluntarily
2. **Retire** (after meeting age and service requirements)
3. Are **impeached and convicted** by Congress (which has only happened once in history - Samuel Chase in 1804, though he was acquitted)

The Constitution states that justices ""shall hold their offices during good behavior,"" which is understood to mean they may serve for the remainder of their lives. The text explicitly notes: ""Because justices have indefinite tenure, timing of vacancies can be unpredictable.""",Supreme Court of the United States,-2639600741664337298,"{'short_answer': 'lifetime tenure unless they resign, retire, or are removed after impeachment ( though no justice has ever been removed ).', 'long_answer': ""According to federal statute, the Court normally consists of the Chief Justice of the United States and eight associate justices who are nominated by the President and confirmed by the Senate. Once appointed, justices have lifetime tenure unless they resign, retire, or are removed after impeachment ( though no justice has ever been removed ). In modern discourse, the justices are often categorized as having conservative, moderate, or liberal philosophies of law and of judicial interpretation. Each justice has one vote, and it is worth noting while a far greater number of cases in recent history have been decided unanimously, decisions in cases of the highest profile have come down to just one single vote, thereby exposing the justices ' ideological beliefs that track with those philosophical or political categories. The Court meets in the Supreme Court Building in Washington, D.C.""}",nq,cot,0.0,0.26046511627906976,False,False,False,True
list of current supreme court justices and their ages,"Based on the provided context, here are the current Supreme Court justices and their ages (as of the time this data was compiled):

**Current Justices and Ages:**

1. **John Roberts** (Chief Justice) - Age 69 (born January 27, 1955)
2. **Anthony Kennedy** - Age 87 (born July 23, 1936)
3. **Clarence Thomas** - Age 75 (born June 23, 1948)
4. **Ruth Bader Ginsburg** - Age 91 (born March 15, 1933)
5. **Stephen Breyer** - Age 85 (",Supreme Court of the United States,2451661517328217275,"{'short_answer': '', 'long_answer': ""Name Birth Appointed by Senate confirmation vote Age at appointment Current age First day / Length of service Previous positions Succeeded John Roberts ( Chief Justice ) January 27, 1955 Buffalo, New York George W. Bush 78 -- 22 50 7004232080000000000 ♠ 63 September 29, 2005 12 years, 10 months Circuit Judge, Court of Appeals for the D.C. Circuit ( 2003 -- 2005 ); Principal Deputy Solicitor General ( 1989 -- 1993 ); Associate Counsel to the President ( 1982 -- 1986 ) William Rehnquist Clarence Thomas June 23, 1948 Pin Point, Georgia George H.W. Bush 52 -- 48 43 7004256170000000000 ♠ 70 October 23, 1991 26 years, 9 months Circuit Judge, Court of Appeals for the D.C. Circuit ( 1990 -- 1991 ); Chairman, Equal Employment Opportunity Commission ( 1982 -- 1990 ); Assistant Attorney General in Missouri under State Attorney General John Danforth ( 1974 -- 1977 ) Thurgood Marshall Ruth Bader Ginsburg March 15, 1933 Brooklyn, New York Bill Clinton 96 -- 3 60 7004311960000000000 ♠ 85 August 10, 1993 25 years Circuit Judge, Court of Appeals for the D.C. Circuit ( 1980 -- 1993 ); General Counsel, American Civil Liberties Union ( 1973 -- 1980 ) Byron White Stephen Breyer August 15, 1938 San Francisco, California 87 -- 9 55 7004292170000000000 ♠ 79 August 3, 1994 24 years Chief Judge, Court of Appeals for the First Circuit ( 1990 -- 1994 ); Circuit Judge, Court of Appeals for the First Circuit ( 1980 -- 1990 ) Harry Blackmun Samuel Alito April 1, 1950 Trenton, New Jersey George W. Bush 58 -- 42 55 7004249700000000000 ♠ 68 January 31, 2006 12 years, 6 months Circuit Judge, Court of Appeals for the Third Circuit ( 1990 -- 2006 ); U.S. Attorney for the District of New Jersey ( 1987 -- 1990 ); Deputy Assistant Attorney General ( 1985 -- 1987 ); Assistant to the Solicitor General ( 1981 -- 1985 ) Sandra Day O'Connor Sonia Sotomayor June 25, 1954 The Bronx, New York Barack Obama 68 -- 31 55 7004234240000000000 ♠ 64 August 8, 2009 9 years Circuit Judge, Court of Appeals for the Second Circuit ( 1998 -- 2009 ); District Judge, District Court for the Southern District of New York ( 1992 -- 1998 ) David Souter Elena Kagan April 28, 1960 Manhattan, New York 63 -- 37 50 7004212900000000000 ♠ 58 August 7, 2010 8 years Solicitor General of the United States ( 2009 -- 2010 ); Dean of Harvard Law School ( 2003 -- 2009 ); Associate White House Counsel ( 1995 -- 1999 ); Deputy Director of the Domestic Policy Council ( 1995 -- 1999 ) John Paul Stevens Neil Gorsuch August 29, 1967 Denver, Colorado Donald Trump 54 -- 45 49 7004186110000000000 ♠ 50 April 10, 2017 1 year, 4 months Circuit Judge, Court of Appeals for the Tenth Circuit ( 2006 -- 2017 ); Principal Deputy Associate Attorney General and Acting Associate Attorney General ( 2005 -- 2006 ) Antonin Scalia Vacant Anthony Kennedy Vacancy""}",nq,cot,0.0,0.1416666666666667,False,False,False,True
can a member of the supreme court be removed,"Based on the provided context, **yes, a Supreme Court justice can be removed, but only through impeachment and conviction by Congress.**

The text states:
- ""Once appointed, justices have lifetime tenure **unless they resign, retire, or are removed after impeachment** (though no justice has ever been removed).""
- ""The Constitution provides that justices 'shall hold their offices during good behavior'... The term 'good behavior' is understood to mean justices may serve for the remainder of their lives, **unless they are impeached and convicted by Congress, resign, or retire**.""

**Historical note:** Only one justice (Samuel Chase in 1804) has ever been impeached by the House, but he was acquitted by the Senate in 1805. No justice has ever been successfully removed through impeachment.

**Important limitation:** The text also",Supreme Court of the United States,2414953926000691150,"{'short_answer': '', 'long_answer': ""According to federal statute, the Court normally consists of the Chief Justice of the United States and eight associate justices who are nominated by the President and confirmed by the Senate. Once appointed, justices have lifetime tenure unless they resign, retire, or are removed after impeachment ( though no justice has ever been removed ). In modern discourse, the justices are often categorized as having conservative, moderate, or liberal philosophies of law and of judicial interpretation. Each justice has one vote, and it is worth noting while a far greater number of cases in recent history have been decided unanimously, decisions in cases of the highest profile have come down to just one single vote, thereby exposing the justices ' ideological beliefs that track with those philosophical or political categories. The Court meets in the Supreme Court Building in Washington, D.C.""}",nq,cot,0.0,0.37037037037037035,False,False,True,False
how long is a term in office for a supreme court justice,"Based on the provided context, Supreme Court justices serve **life tenure**. According to the text:

- ""Once appointed, justices have lifetime tenure unless they resign, retire, or are removed after impeachment (though no justice has ever been removed).""
- ""The Constitution provides that justices 'shall hold their offices during good behavior' (unless appointed during a Senate recess).""
- The infobox also states: ""Judge term length: Life tenure""

Justices may voluntarily retire once they meet age and service requirements, but there is no fixed term limit.",Supreme Court of the United States,1455193810716383078,"{'short_answer': 'Life tenure', 'long_answer': ""Supreme Court of the United States Established March 4, 1789; 229 years ago ( 1789 - 03 - 04 ) Country United States Location Washington, D.C., U.S. Coordinates 38 ° 53 ′ 26 '' N 77 ° 00 ′ 16 '' W \ufeff / \ufeff 38.89056 ° N 77.00444 ° W \ufeff / 38.89056; - 77.00444 Coordinates: 38 ° 53 ′ 26 '' N 77 ° 00 ′ 16 '' W \ufeff / \ufeff 38.89056 ° N 77.00444 ° W \ufeff / 38.89056; - 77.00444 Composition method Presidential nomination with Senate confirmation Authorized by United States Constitution Judge term length Life tenure No. of positions 9 by statute Website SupremeCourt.gov Chief Justice of the United States Currently John Roberts Since September 29, 2005; 12 years ago ( 2005 - 09 - 29 )""}",nq,cot,0.0,0.12631578947368421,False,False,False,True
who appointed the justices of the supreme court,"Based on the provided context, **the President of the United States** appoints Supreme Court justices. 

The U.S. Constitution states that the President *""shall nominate, and by and with the Advice and Consent of the Senate, shall appoint Judges of the Supreme Court.""*

The current justices (as of the 2017 context) were appointed by the following presidents:

*   **George W. Bush** (2): John Roberts (Chief Justice), Samuel Alito
*   **Ronald Reagan** (1): Anthony Kennedy
*   **George H.W. Bush** (1): Clarence Thomas
*   **Bill Clinton** (2): Ruth Bader Ginsburg,",Supreme Court of the United States,-4093939767332236344,"{'short_answer': '', 'long_answer': ""Name Birth Appointed by Senate confirmation vote Age at appointment Current age First day / Length of service Previous positions Succeeded John Roberts ( Chief Justice ) January 27, 1955 Buffalo, New York George W. Bush 78 -- 22 50 7004232250000000000 ♠ 63 September 29, 2005 12 years, 11 months Circuit Judge, Court of Appeals for the D.C. Circuit ( 2003 -- 2005 ); Principal Deputy Solicitor General ( 1989 -- 1993 ); Associate Counsel to the President ( 1982 -- 1986 ) William Rehnquist Clarence Thomas June 23, 1948 Pin Point, Georgia George H.W. Bush 52 -- 48 43 7004256340000000000 ♠ 70 October 23, 1991 26 years, 10 months Circuit Judge, Court of Appeals for the D.C. Circuit ( 1990 -- 1991 ); Chairman, Equal Employment Opportunity Commission ( 1982 -- 1990 ); Assistant Attorney General in Missouri under State Attorney General John Danforth ( 1974 -- 1977 ) Thurgood Marshall Ruth Bader Ginsburg March 15, 1933 Brooklyn, New York Bill Clinton 96 -- 3 60 7004312130000000000 ♠ 85 August 10, 1993 25 years Circuit Judge, Court of Appeals for the D.C. Circuit ( 1980 -- 1993 ); General Counsel, American Civil Liberties Union ( 1973 -- 1980 ) Byron White Stephen Breyer August 15, 1938 San Francisco, California Bill Clinton 87 -- 9 55 7004292340000000000 ♠ 80 August 3, 1994 24 years Chief Judge, Court of Appeals for the First Circuit ( 1990 -- 1994 ); Circuit Judge, Court of Appeals for the First Circuit ( 1980 -- 1990 ) Harry Blackmun Samuel Alito April 1, 1950 Trenton, New Jersey George W. Bush 58 -- 42 55 7004249870000000000 ♠ 68 January 31, 2006 12 years, 6 months Circuit Judge, Court of Appeals for the Third Circuit ( 1990 -- 2006 ); U.S. Attorney for the District of New Jersey ( 1987 -- 1990 ); Deputy Assistant Attorney General ( 1985 -- 1987 ); Assistant to the Solicitor General ( 1981 -- 1985 ) Sandra Day O'Connor Sonia Sotomayor June 25, 1954 The Bronx, New York Barack Obama 68 -- 31 55 7004234410000000000 ♠ 64 August 8, 2009 9 years Circuit Judge, Court of Appeals for the Second Circuit ( 1998 -- 2009 ); District Judge, District Court for the Southern District of New York ( 1992 -- 1998 ) David Souter Elena Kagan April 28, 1960 Manhattan, New York Barack Obama 63 -- 37 50 7004213070000000000 ♠ 58 August 7, 2010 8 years Solicitor General of the United States ( 2009 -- 2010 ); Dean of Harvard Law School ( 2003 -- 2009 ); Associate White House Counsel ( 1995 -- 1999 ); Deputy Director of the Domestic Policy Council ( 1995 -- 1999 ) John Paul Stevens Neil Gorsuch August 29, 1967 Denver, Colorado Donald Trump 54 -- 45 49 7004186280000000000 ♠ 51 April 10, 2017 1 year, 4 months Circuit Judge, Court of Appeals for the Tenth Circuit ( 2006 -- 2017 ); Principal Deputy Associate Attorney General and Acting Associate Attorney General ( 2005 -- 2006 ) Antonin Scalia Vacant Anthony Kennedy Vacancy""}",nq,cot,0.0,0.1598360655737705,False,False,False,True
what kind of jurisdiction the supreme court has,"Based on the provided context, the Supreme Court has **two types of jurisdiction**:

1. **Original jurisdiction** - Limited to a small range of cases, specifically:
   - Disputes between two or more states
   - Disputes between the United States and a state
   - Cases involving ambassadors and other public ministers (implied by constitutional reference)

2. **Appell",Supreme Court of the United States,-2439044835977709890,"{'short_answer': '', 'long_answer': 'The Supreme Court of the United States is the highest federal court of the United States. Established pursuant to Article Three of the United States Constitution in 1789, it has ultimate ( and largely discretionary ) appellate jurisdiction over all federal courts and state court cases involving issues of federal law plus original jurisdiction over a small range of cases. In the legal system of the United States, the Supreme Court is generally the final interpreter of federal law including the United States Constitution, but it may act only within the context of a case, in which it has jurisdiction. The Court does not have power to decide political questions, and its enforcement arm is in the executive rather than judicial branch of government.'}",nq,cot,0.0,0.27450980392156865,False,False,False,True
what is the term of office for the supreme court,"Based on the provided context, the term of office for Supreme Court justices is **life tenure** (also described as ""during good behavior"").

Key details from the text:
- The infobox states: ""Judge term length: Life tenure""
- The main text explains: ""Once appointed, justices have lifetime tenure unless they resign, retire, or are removed after impeachment (though no justice has ever been removed).""
- The Constitution provides that federal judges ""shall hold their Offices during good Behaviour"" and their pay ""may not be diminished"" while they hold their position.",Supreme Court of the United States,-4145891748945967818,"{'short_answer': 'Life tenure', 'long_answer': ""Supreme Court of the United States Established March 4, 1789 ( 228 years ago ) ( 1789 - 03 - 04 ) Country United States Location Washington, D.C., United States Coordinates 38 ° 53 ′ 26 '' N 77 ° 00 ′ 16 '' W \ufeff / \ufeff 38.89056 ° N 77.00444 ° W \ufeff / 38.89056; - 77.00444 Coordinates: 38 ° 53 ′ 26 '' N 77 ° 00 ′ 16 '' W \ufeff / \ufeff 38.89056 ° N 77.00444 ° W \ufeff / 38.89056; - 77.00444 Composition method Presidential nomination with Senate confirmation Authorized by United States Constitution Judge term length Life tenure No. of positions 9, by statute Website www.supremecourt.gov Chief Justice of the United States Currently John Roberts Since September 29, 2005""}",nq,cot,0.0,0.12765957446808512,False,False,False,True
who has the power to remove a supreme court justice,"Based on the provided context, the power to remove a Supreme Court justice rests with **Congress through the impeachment process**:

1. **The House of Representatives** has the power to impeach (bring charges against) a justice
2. **The Senate** conducts the trial and has the power to convict and remove the justice from office

The text states: ""The Constitution provides that justices 'shall hold their offices during good behavior'... The term 'good behavior' is understood to mean justices may serve for the remainder of their lives, unless they are **impeached and convicted by Congress**, resign, or retire.""

It also notes: ""Only one justice has been impeached by the House of Representatives (Samuel Chase, March 1804), but he was acquitted in the Senate (March 1805)."" And: ""Once appointed, justices have lifetime tenure unless they resign, retire, or are removed after impeachment (though no justice has ever been removed).""

The context also mentions: ""No mechanism exists for removing a justice who is permanently incapacitated by illness or injury, but unable (or unwilling) to resign.""",Supreme Court of the United States,163992179042629324,"{'short_answer': 'Congress,', 'long_answer': ""The Constitution provides that justices `` shall hold their offices during good behavior '' ( unless appointed during a Senate recess ). The term `` good behavior '' is understood to mean justices may serve for the remainder of their lives, unless they are impeached and convicted by Congress, resign, or retire. Only one justice has been impeached by the House of Representatives ( Samuel Chase, March 1804 ), but he was acquitted in the Senate ( March 1805 ). Moves to impeach sitting justices have occurred more recently ( for example, William O. Douglas was the subject of hearings twice, in 1953 and again in 1970; and Abe Fortas resigned while hearings were being organized in 1969 ), but they did not reach a vote in the House. No mechanism exists for removing a justice who is permanently incapacitated by illness or injury, but unable ( or unwilling ) to resign.""}",nq,cot,0.0,0.6499999999999999,False,False,True,False
what is the maximum number of supreme court justices allowed,,Supreme Court of the United States,1610567325806532817,"{'short_answer': '', 'long_answer': ""Article III of the United States Constitution does not specify the number of justices. The Judiciary Act of 1789 called for the appointment of six `` judges ''. Although an 1801 act would have reduced the size of the court to five members upon its next vacancy, an 1802 act promptly negated the 1801 act, legally restoring the court 's size to six members before any such vacancy occurred. As the nation 's boundaries grew, Congress added justices to correspond with the growing number of judicial circuits: seven in 1807, nine in 1837, and ten in 1863.""}",nq,cot,0.0,0.0,True,False,False,False
who decides the size and number of federal courts,"Based on the provided context, **Congress** decides the size and number of federal courts.

Key evidence from the text:
- ""Article III of the United States Constitution does not specify the number of justices.""
- ""The Judiciary Act of 1789 called for the appointment of six 'judges'.""
- ""As the nation's boundaries grew, **Congress added just",Supreme Court of the United States,1112304613959778600,"{'short_answer': 'Supreme Court of the United States is', 'long_answer': 'The Supreme Court of the United States is the highest federal court of the United States. Established pursuant to Article Three of the United States Constitution in 1789, it has ultimate ( and largely discretionary ) appellate jurisdiction over all federal courts and state court cases involving issues of federal law plus original jurisdiction over a small range of cases. In the legal system of the United States, the Supreme Court is generally the final interpreter of federal law including the United States Constitution, but it may act only within the context of a case, in which it has jurisdiction. The Court does not have power to decide political questions, and its enforcement arm is in the executive rather than judicial branch of government.'}",nq,cot,0.0,0.22368421052631576,False,False,False,True
who appointed the current justices of the supreme court,"Based on the provided context, the current justices of the U.S. Supreme Court and the presidents who appointed them are:

1. **John Roberts** (Chief Justice) - Appointed by **George W. Bush**
2. **Anthony Kennedy** - Appointed by **Ronald Reagan**
3. **Clarence Thomas** - Appointed by **George H.W. Bush**
4. **Ruth Bader Ginsburg** - Appointed by **Bill Clinton**
5. **Stephen Breyer** - Appointed by **Bill Clinton**
6. **Samuel Alito** - Appointed by **George W. Bush**
7. **Sonia Sotomayor** - Appointed by **Barack Obama**
8. **Elena Kagan** - Appointed by **Barack Obama**
9. **Neil Gorsuch** - Appointed by **Donald Trump**

As noted in the text: ""Following the confirmation of Neil Gorsuch in 2017, the Court consists of five justices appointed by Republican presidents and four appointed by Democratic presidents.""",Supreme Court of the United States,8790951508500658794,"{'short_answer': 'George W. Bush', 'long_answer': ""Name Birth Appointed by Senate confirmation vote Age at appointment Current age First day / Length of service Previous positions Succeeded John Roberts ( Chief Justice ) January 27, 1955 Buffalo, New York George W. Bush 78 -- 22 50 7004232250000000000 ♠ 63 September 29, 2005 12 years, 11 months Circuit Judge, Court of Appeals for the D.C. Circuit ( 2003 -- 2005 ); Principal Deputy Solicitor General ( 1989 -- 1993 ); Associate Counsel to the President ( 1982 -- 1986 ) William Rehnquist Clarence Thomas June 23, 1948 Pin Point, Georgia George H.W. Bush 52 -- 48 43 7004256340000000000 ♠ 70 October 23, 1991 26 years, 10 months Circuit Judge, Court of Appeals for the D.C. Circuit ( 1990 -- 1991 ); Chairman, Equal Employment Opportunity Commission ( 1982 -- 1990 ); Assistant Attorney General in Missouri under State Attorney General John Danforth ( 1974 -- 1977 ) Thurgood Marshall Ruth Bader Ginsburg March 15, 1933 Brooklyn, New York Bill Clinton 96 -- 3 60 7004312130000000000 ♠ 85 August 10, 1993 25 years Circuit Judge, Court of Appeals for the D.C. Circuit ( 1980 -- 1993 ); General Counsel, American Civil Liberties Union ( 1973 -- 1980 ) Byron White Stephen Breyer August 15, 1938 San Francisco, California Bill Clinton 87 -- 9 55 7004292340000000000 ♠ 80 August 3, 1994 24 years Chief Judge, Court of Appeals for the First Circuit ( 1990 -- 1994 ); Circuit Judge, Court of Appeals for the First Circuit ( 1980 -- 1990 ) Harry Blackmun Samuel Alito April 1, 1950 Trenton, New Jersey George W. Bush 58 -- 42 55 7004249870000000000 ♠ 68 January 31, 2006 12 years, 6 months Circuit Judge, Court of Appeals for the Third Circuit ( 1990 -- 2006 ); U.S. Attorney for the District of New Jersey ( 1987 -- 1990 ); Deputy Assistant Attorney General ( 1985 -- 1987 ); Assistant to the Solicitor General ( 1981 -- 1985 ) Sandra Day O'Connor Sonia Sotomayor June 25, 1954 The Bronx, New York Barack Obama 68 -- 31 55 7004234410000000000 ♠ 64 August 8, 2009 9 years Circuit Judge, Court of Appeals for the Second Circuit ( 1998 -- 2009 ); District Judge, District Court for the Southern District of New York ( 1992 -- 1998 ) David Souter Elena Kagan April 28, 1960 Manhattan, New York Barack Obama 63 -- 37 50 7004213070000000000 ♠ 58 August 7, 2010 8 years Solicitor General of the United States ( 2009 -- 2010 ); Dean of Harvard Law School ( 2003 -- 2009 ); Associate White House Counsel ( 1995 -- 1999 ); Deputy Director of the Domestic Policy Council ( 1995 -- 1999 ) John Paul Stevens Neil Gorsuch August 29, 1967 Denver, Colorado Donald Trump 54 -- 45 49 7004186280000000000 ♠ 51 April 10, 2017 1 year, 4 months Circuit Judge, Court of Appeals for the Tenth Circuit ( 2006 -- 2017 ); Principal Deputy Associate Attorney General and Acting Associate Attorney General ( 2005 -- 2006 ) Antonin Scalia Vacant Anthony Kennedy Vacancy""}",nq,cot,0.0,0.22770398481973436,False,False,False,True
how many supreme court justices were there originally,"Based on the provided context, the original number of Supreme Court justices was **six**.

The Judiciary Act of 1789 called for the appointment of six ""judges,"" and the Court first convened on February 2, 1790, with six initial positions (though only five were filled at that time).",Supreme Court of the United States,8207159288020095204,"{'short_answer': 'six initial', 'long_answer': ""The Court first convened on February 2, 1790, with six judges where only five of its six initial positions were filled. According to historian Fergus Bordewich, in its first session: `` ( T ) he Supreme Court convened for the first time at the Royal Exchange Building on Broad Street, a few steps from Federal Hall. Symbolically, the moment was pregnant with promise for the republic, this birth of a new national institution whose future power, admittedly, still existed only in the eyes and minds of just a few visionary Americans. Impressively bewigged and swathed in their robes of office, Chief Justice John Jay and three associate justices -- William Cushing of Massachusetts, James Wilson of Pennsylvania, and John Blair of Virginia -- sat augustly before a throng of spectators and waited for something to happen. Nothing did. They had no cases to consider. After a week of inactivity, they adjourned until September, and everyone went home. ''""}",nq,cot,0.0,0.31693989071038253,False,False,True,False
where is the united states supreme court located,"The United States Supreme Court is located in Washington, D.C., United States, specifically in the Supreme Court Building. The coordinates are 38°53′26″N 77°00′16″W.",Supreme Court of the United States,-8476741213124230747,"{'short_answer': 'the Supreme Court Building in Washington, D.C.', 'long_answer': ""According to federal statute, the Court normally consists of the Chief Justice of the United States and eight associate justices who are nominated by the President and confirmed by the Senate. Once appointed, justices have lifetime tenure unless they resign, retire, or are removed after impeachment ( though no justice has ever been removed ). In modern discourse, the justices are often categorized as having conservative, moderate, or liberal philosophies of law and of judicial interpretation. Each justice has one vote, and it is worth noting while a far greater number of cases in recent history have been decided unanimously, decisions in cases of the highest profile have come down to just one single vote, thereby exposing the justices ' ideological beliefs that track with those philosophical or political categories. The Court meets in the Supreme Court Building in Washington, D.C.""}",nq,cot,0.0,0.4615384615384615,False,False,True,False
the number of justices serving on the supreme court is determined by,"The number of justices serving on the Supreme Court is determined by **Congress through legislation**, not by the Constitution.

As stated in the text: ""Article III of the United States Constitution does not specify the number of justices."" The Judiciary Act of 1789 initially set the number at six, and Congress has changed the size multiple times since then (to 5, 6, 7, 9, 10, and back to 9). The Circuit Judges Act of 1869 set the number at nine, where it has remained since. FDR's attempted ""court-packing plan"" in 1937 to expand it to 15 failed in Congress, further demonstrating that Congress controls the Court's size.",Supreme Court of the United States,-4733085843277341798,"{'short_answer': '', 'long_answer': ""Article III of the United States Constitution does not specify the number of justices. The Judiciary Act of 1789 called for the appointment of six `` judges ''. Although an 1801 act would have reduced the size of the court to five members upon its next vacancy, an 1802 act promptly negated the 1801 act, legally restoring the court 's size to six members before any such vacancy occurred. As the nation 's boundaries grew, Congress added justices to correspond with the growing number of judicial circuits: seven in 1807, nine in 1837, and ten in 1863.""}",nq,cot,0.0,0.40449438202247195,False,False,True,False
when did the supreme court get nine justices,,Supreme Court of the United States,3789661245903804501,"{'short_answer': '1869,', 'long_answer': 'In 1866, at the behest of Chief Justice Chase, Congress passed an act providing that the next three justices to retire would not be replaced, which would thin the bench to seven justices by attrition. Consequently, one seat was removed in 1866 and a second in 1867. In 1869, however, the Circuit Judges Act returned the number of justices to nine, where it has since remained.'}",nq,cot,0.0,0.0,True,False,False,False
what is the term for supreme court judges,"Based on the provided context, Supreme Court justices serve for **life tenure** (lifetime appointments).

The context states this in multiple places:
- In the infobox: ""Judge term length: Life tenure""
- In the main text: ""Once appointed, justices have lifetime tenure unless they resign, retire, or are removed after impeachment (though no justice has ever been removed).""
- The Constitution provides that the President ""shall nominate, and by and with the Advice and Consent of the Senate, shall appoint Judges of the Supreme Court"" with no term limits specified.",Supreme Court of the United States,-2333242006980505823,"{'short_answer': 'lifetime tenure unless', 'long_answer': ""According to federal statute, the Court normally consists of the Chief Justice of the United States and eight associate justices who are nominated by the President and confirmed by the Senate. Once appointed, justices have lifetime tenure unless they resign, retire, or are removed after impeachment ( though no justice has ever been removed ). In modern discourse, the justices are often categorized as having conservative, moderate, or liberal philosophies of law and of judicial interpretation. Each justice has one vote, and it is worth noting that while a far greater number of cases in recent history have been decided unanimously, decisions in cases of the highest profile have often come down to just one single vote, thereby exposing the justices ' ideological beliefs that track with those philosophical or political categories. The Court meets in the Supreme Court Building in Washington, D.C.""}",nq,cot,0.0,0.3883495145631068,False,False,True,False
how many members does the us supreme court have,The US Supreme Court has **9 members** — one Chief Justice and eight Associate Justices. This has been set by federal statute since 1869.,Supreme Court of the United States,609213267714876351,"{'short_answer': 'nine justices', 'long_answer': 'The court is currently filled with nine justices. The most recent justice to join to the court was Neil Gorsuch, who was nominated by President Donald Trump on January 31, 2017, and confirmed on April 7, 2017, by the Senate.'}",nq,cot,0.0,0.1694915254237288,False,False,False,True
much of the authority of the us supreme court is based on its power to,"Based on the provided context, much of the authority of the US Supreme Court is based on its power to **declare laws unconstitutional** (the power of **judicial review**).

The text states: ""The Supreme Court firmly established its power to declare laws",Supreme Court of the United States,-988869416948042968,"{'short_answer': 'ultimate ( and largely discretionary ) appellate jurisdiction over all federal courts and state court cases involving issues of federal law plus original jurisdiction over a small range of cases.', 'long_answer': 'The Supreme Court of the United States is the highest federal court of the United States. Established pursuant to Article Three of the United States Constitution in 1789, it has ultimate ( and largely discretionary ) appellate jurisdiction over all federal courts and state court cases involving issues of federal law plus original jurisdiction over a small range of cases. In the legal system of the United States, the Supreme Court is generally the final interpreter of federal law including the United States Constitution, but it may act only within the context of a case, in which it has jurisdiction. The Court does not have power to decide political questions, and its enforcement arm is in the executive rather than judicial branch of government.'}",nq,cot,0.0,0.22535211267605632,False,False,False,True
what's the highest court in the us,The Supreme Court of the United States is the highest federal court in the United States.,Supreme Court of the United States,-3037250393512971235,"{'short_answer': 'The Supreme Court of the United States is', 'long_answer': 'The Supreme Court of the United States is the highest federal court of the United States. Established pursuant to Article Three of the United States Constitution in 1789, it has ultimate ( and largely discretionary ) appellate jurisdiction over all federal courts and state court cases involving issues of federal law plus original jurisdiction over a small range of cases. In the legal system of the United States, the Supreme Court is generally the final interpreter of federal law including the United States Constitution, but it may act only within the context of a case, in which it has jurisdiction. The Court does not have power to decide political questions, and its enforcement arm is in the executive rather than judicial branch of government.'}",nq,cot,0.0,0.6666666666666666,False,False,True,False
how many members are there of the supreme court,"Based on the context provided, the Supreme Court currently has **nine members** (1 Chief Justice and 8 Associate Justices).

This is confirmed by multiple references in the text:
- ""According to federal statute, the Court normally consists of the Chief Justice of the United States and eight associate justices""
- ""Number of positions: 9, by statute"" (in the infobox)
- ""In 1869, however, the Circuit Judges Act returned the number of justices to nine, where it has since remained""
- ""The court is currently filled with nine justices""
- The current justices table lists nine justices: Roberts, Kennedy, Thomas, Ginsburg, Breyer, Alito, Sotomayor, Kagan, and Gorsuch",Supreme Court of the United States,7514836964275799080,"{'short_answer': 'nine Justices', 'long_answer': 'The court is currently filled with nine Justices. The most recent justice to join to the court was Neil Gorsuch, who was nominated by President Donald Trump on January 31, 2017, and confirmed on April 7, 2017, by the U.S. Senate.'}",nq,cot,0.0,0.2677165354330709,False,False,False,True
how old are the u.s. supreme court justices,"Based on the provided context (which appears to be from around 2017-2018), here are the ages of the U.S. Supreme Court justices:

**Current Justices (with current ages at time of text):**
1. **John Roberts** (Chief Justice) - Born January 27,",Supreme Court of the United States,7781842997827267551,"{'short_answer': '', 'long_answer': ""Name Birth Appointed by Senate confirmation vote Age at appointment Current age First day / Length of service Previous positions Succeeded John Roberts ( Chief Justice ) January 27, 1955 Buffalo, New York George W. Bush 78 -- 22 50 7004232080000000000 ♠ 63 September 29, 2005 12 years, 10 months Circuit Judge, Court of Appeals for the D.C. Circuit ( 2003 -- 2005 ); Principal Deputy Solicitor General ( 1989 -- 1993 ); Associate Counsel to the President ( 1982 -- 1986 ) William Rehnquist Clarence Thomas June 23, 1948 Pin Point, Georgia George H.W. Bush 52 -- 48 43 7004256170000000000 ♠ 70 October 23, 1991 26 years, 9 months Circuit Judge, Court of Appeals for the D.C. Circuit ( 1990 -- 1991 ); Chairman, Equal Employment Opportunity Commission ( 1982 -- 1990 ); Assistant Attorney General in Missouri under State Attorney General John Danforth ( 1974 -- 1977 ) Thurgood Marshall Ruth Bader Ginsburg March 15, 1933 Brooklyn, New York Bill Clinton 96 -- 3 60 7004311960000000000 ♠ 85 August 10, 1993 25 years Circuit Judge, Court of Appeals for the D.C. Circuit ( 1980 -- 1993 ); General Counsel, American Civil Liberties Union ( 1973 -- 1980 ) Byron White Stephen Breyer August 15, 1938 San Francisco, California 87 -- 9 55 7004292170000000000 ♠ 79 August 3, 1994 24 years Chief Judge, Court of Appeals for the First Circuit ( 1990 -- 1994 ); Circuit Judge, Court of Appeals for the First Circuit ( 1980 -- 1990 ) Harry Blackmun Samuel Alito April 1, 1950 Trenton, New Jersey George W. Bush 58 -- 42 55 7004249700000000000 ♠ 68 January 31, 2006 12 years, 6 months Circuit Judge, Court of Appeals for the Third Circuit ( 1990 -- 2006 ); U.S. Attorney for the District of New Jersey ( 1987 -- 1990 ); Deputy Assistant Attorney General ( 1985 -- 1987 ); Assistant to the Solicitor General ( 1981 -- 1985 ) Sandra Day O'Connor Sonia Sotomayor June 25, 1954 The Bronx, New York Barack Obama 68 -- 31 55 7004234240000000000 ♠ 64 August 8, 2009 9 years Circuit Judge, Court of Appeals for the Second Circuit ( 1998 -- 2009 ); District Judge, District Court for the Southern District of New York ( 1992 -- 1998 ) David Souter Elena Kagan April 28, 1960 Manhattan, New York 63 -- 37 50 7004212900000000000 ♠ 58 August 7, 2010 8 years Solicitor General of the United States ( 2009 -- 2010 ); Dean of Harvard Law School ( 2003 -- 2009 ); Associate White House Counsel ( 1995 -- 1999 ); Deputy Director of the Domestic Policy Council ( 1995 -- 1999 ) John Paul Stevens Neil Gorsuch August 29, 1967 Denver, Colorado Donald Trump 54 -- 45 49 7004186110000000000 ♠ 50 April 10, 2017 1 year, 4 months Circuit Judge, Court of Appeals for the Tenth Circuit ( 2006 -- 2017 ); Principal Deputy Associate Attorney General and Acting Associate Attorney General ( 2005 -- 2006 ) Antonin Scalia Vacant Anthony Kennedy Vacancy""}",nq,cot,0.0,0.0625,False,False,False,True
how many us supreme court justices are there,"Based on the provided context, the U.S. Supreme Court consists of **nine justices** — one Chief Justice and eight associate justices. This has been the statutory number since 1869.

The context states: ""According to federal statute, the Court normally consists of the Chief Justice of the United States and eight associate justices"" and ""Number of positions: 9, by statute."" It also notes ""The court is currently filled with nine justices.""",Supreme Court of the United States,-4028808201354199914,"{'short_answer': '9,', 'long_answer': ""Supreme Court of the United States Established June 21, 1788; 229 years ago ( 1788 - 06 - 21 ) Country United States Location Washington, D.C., United States Coordinates 38 ° 53 ′ 26 '' N 77 ° 00 ′ 16 '' W \ufeff / \ufeff 38.89056 ° N 77.00444 ° W \ufeff / 38.89056; - 77.00444 Coordinates: 38 ° 53 ′ 26 '' N 77 ° 00 ′ 16 '' W \ufeff / \ufeff 38.89056 ° N 77.00444 ° W \ufeff / 38.89056; - 77.00444 Composition method Presidential nomination with Senate confirmation Authorized by United States Constitution Judge term length Life tenure No. of positions 9, by statute Website www.supremecourt.gov Chief Justice of the United States Currently John G. Roberts Since September 29, 2005""}",nq,cot,0.0,0.19883040935672514,False,False,False,True
what is the length of term of office for a supreme court justice,"Based on the context provided, Supreme Court justices have **lifetime tenure** (life tenure). 

The text states: ""Once appointed, justices have lifetime tenure unless they resign, retire, or are removed after impeachment (though no justice has ever been removed)."" 

Additionally, the Constitution provides that justices ""shall hold their offices during good behavior,"" and the infobox section explicitly lists ""Judge term length: Life tenure.""",Supreme Court of the United States,-5069407596860940950,"{'short_answer': 'lifetime tenure unless', 'long_answer': ""According to federal statute, the Court normally consists of the Chief Justice of the United States and eight associate justices who are nominated by the President and confirmed by the Senate. Once appointed, justices have lifetime tenure unless they resign, retire, or are removed after impeachment ( though no justice has ever been removed ). In modern discourse, the justices are often categorized as having conservative, moderate, or liberal philosophies of law and of judicial interpretation. Each justice has one vote, and it is worth noting that while a far greater number of cases in recent history have been decided unanimously, decisions in cases of the highest profile have often come down to just one single vote, thereby exposing the justices ' ideological beliefs that track with those philosophical or political categories. The Court meets in the Supreme Court Building in Washington, D.C.""}",nq,cot,0.0,0.32085561497326204,False,False,True,False
where do a majority of supreme court cases come from,"Based on the provided context, the majority of Supreme Court cases come from **appeals** rather than original jurisdiction cases. Specifically:

1. **Federal courts of appeals** - through certiorari, certiorari before judgment, and certified questions
2. **State supreme courts** - ""final judgments or decrees rendered by the highest court of a State in which a decision could be had"" (through certiorari)
3. Other specialized courts including the U.S. Court of Appeals for the Armed Forces, the Supreme Court of Puerto Rico, the Supreme Court of the Virgin Islands, and the District of Columbia Court of Appeals

The text explicitly states: **""In practice, the only original jurisdiction cases heard by the Court are disputes between two or more states""** and **""almost all cases are brought to the Supreme Court on appeal.""**",Supreme Court of the United States,-8398551791510887037,"{'short_answer': 'by way of petitions for writs of certiorari,', 'long_answer': ""Nearly all cases come before the court by way of petitions for writs of certiorari, commonly referred to as `` cert ''. The Court may review any case in the federal courts of appeals `` by writ of certiorari granted upon the petition of any party to any civil or criminal case. '' Court may only review `` final judgments rendered by the highest court of a state in which a decision could be had '' if those judgments involve a question of federal statutory or constitutional law. The party that appealed to the Court is the petitioner and the non-mover is the respondent. All case names before the Court are styled petitioner v. respondent, regardless of which party initiated the lawsuit in the trial court. For example, criminal prosecutions are brought in the name of the state and against an individual, as in State of Arizona v. Ernesto Miranda. If the defendant is convicted, and his conviction then is affirmed on appeal in the state supreme court, when he petitions for cert the name of the case becomes Miranda v. Arizona.""}",nq,cot,0.0,0.4075471698113208,False,False,True,False
what is the age of supreme court justices,,Supreme Court of the United States,6861377689727785410,"{'short_answer': '62', 'long_answer': ""Name Date of birth Appointed by Senate confirmation vote Age at appointment Current age First day / Length of service Previous positions Succeeded Roberts, John John Roberts ( Chief Justice ) 000000001955 - 01 - 27 - 0000 January 27, 1955 Buffalo, New York Bush, George W. George W. Bush 78 -- 22 50 7001620000000000000 ♠ 62 000000002005 - 09 - 29 - 0000 September 29, 2005 12 years Circuit Judge, Court of Appeals for the D.C. Circuit ( 2003 -- 2005 ); Principal Deputy Solicitor General ( 1989 -- 1993 ); Associate Counsel to the President ( 1982 -- 1986 ) William Rehnquist Kennedy, Anthony Anthony Kennedy 000000001936 - 07 - 23 - 0000 July 23, 1936 Sacramento, California Reagan, Ronald Ronald Reagan 97 -- 0 51 7001810000000000000 ♠ 81 000000001988 - 02 - 18 - 0000 February 18, 1988 29 years, 8 months Circuit Judge, Court of Appeals for the Ninth Circuit ( 1975 -- 1988 ); Private practice ( 1963 -- 1975 ) Lewis Powell Thomas, Clarence Clarence Thomas 000000001948 - 06 - 23 - 0000 June 23, 1948 Pin Point, Georgia Bush, George H.W. George H.W. Bush 52 -- 48 43 7001690000000000000 ♠ 69 000000001991 - 10 - 23 - 0000 October 23, 1991 26 years Circuit Judge, Court of Appeals for the D.C. Circuit ( 1990 -- 1991 ); Chairman, Equal Employment Opportunity Commission ( 1982 -- 1990 ); Assistant Attorney General in Missouri under State Attorney General John Danforth ( 1974 -- 1977 ) Thurgood Marshall Ginsburg, Ruth Bader Ruth Bader Ginsburg 000000001933 - 03 - 15 - 0000 March 15, 1933 Brooklyn, New York Clinton, Bill Bill Clinton 96 -- 3 60 7001840000000000000 ♠ 84 000000001993 - 08 - 10 - 0000 August 10, 1993 24 years, 2 months Circuit Judge, Court of Appeals for the D.C. Circuit ( 1980 -- 1993 ); General Counsel, American Civil Liberties Union ( 1973 -- 1980 ) Byron White Breyer, Stephen Stephen Breyer 000000001938 - 08 - 15 - 0000 August 15, 1938 San Francisco, California 87 -- 9 55 7001790000000000000 ♠ 79 000000001994 - 08 - 03 - 0000 August 3, 1994 23 years, 2 months Chief Judge, Court of Appeals for the First Circuit ( 1990 -- 1994 ); Circuit Judge, Court of Appeals for the First Circuit ( 1980 -- 1990 ) Harry Blackmun Alito, Samuel Samuel Alito 000000001950 - 04 - 01 - 0000 April 1, 1950 Trenton, New Jersey George W. Bush 58 -- 42 55 7001670000000000000 ♠ 67 000000002006 - 01 - 31 - 0000 January 31, 2006 11 years, 8 months Circuit Judge, Court of Appeals for the Third Circuit ( 1990 -- 2006 ); U.S. Attorney for the District of New Jersey ( 1987 -- 1990 ); Deputy Assistant Attorney General ( 1985 -- 1987 ); Assistant to the Solicitor General ( 1981 -- 1985 ) Sandra Day O'Connor Sotomayor, Sonia Sonia Sotomayor 000000001954 - 06 - 25 - 0000 June 25, 1954 The Bronx, New York Obama, Barack Barack Obama 68 -- 31 55 7001630000000000000 ♠ 63 000000002009 - 08 - 08 - 0000 August 8, 2009 8 years, 2 months Circuit Judge, Court of Appeals for the Second Circuit ( 1998 -- 2009 ); District Judge, District Court for the Southern District of New York ( 1992 -- 1998 ) David Souter Kagan, Elena Elena Kagan 000000001960 - 04 - 28 - 0000 April 28, 1960 Manhattan, New York 63 -- 37 50 7001570000000000000 ♠ 57 000000002010 - 08 - 07 - 0000 August 7, 2010 7 years, 2 months Solicitor General of the United States ( 2009 -- 2010 ); Dean of Harvard Law School ( 2003 -- 2009 ); Associate White House Counsel ( 1995 -- 1999 ); Deputy Director of the Domestic Policy Council ( 1995 -- 1999 ); John Paul Stevens Gorsuch, Neil Neil Gorsuch 000000001967 - 08 - 29 - 0000 August 29, 1967 Denver, Colorado Trump, Donald Donald Trump 54 -- 45 49 7001500000000000000 ♠ 50 000000002017 - 04 - 10 - 0000 April 10, 2017 6 months and 15 days Circuit Judge, Court of Appeals for the Tenth Circuit ( 2006 -- 2017 ); Principal Deputy Associate Attorney General and Acting Associate Attorney General ( 2005 -- 2006 ); Antonin Scalia""}",nq,cot,0.0,0.0,True,False,False,False
there are currently how many sitting members on the us supreme court,"Based on the provided context, the U.S. Supreme Court currently has **nine** sitting members.

The context explicitly states: ""The court is currently filled with nine justices"" and ""According to federal statute, the Court normally consists of the Chief Justice of the United States and eight associate justices"" (1 + 8 = 9). The list of current justices provided includes nine names: Chief Justice John Roberts and eight associate justices (Kennedy, Thomas, Ginsburg, Breyer, Alito, Sotomayor, Kagan, and Gorsuch).",Supreme Court of the United States,-7706478460071646122,"{'short_answer': '9 by', 'long_answer': ""Supreme Court of the United States Established March 4, 1789; 229 years ago ( 1789 - 03 - 04 ) Country United States Location Washington, D.C., U.S. Coordinates 38 ° 53 ′ 26 '' N 77 ° 00 ′ 16 '' W \ufeff / \ufeff 38.89056 ° N 77.00444 ° W \ufeff / 38.89056; - 77.00444 Coordinates: 38 ° 53 ′ 26 '' N 77 ° 00 ′ 16 '' W \ufeff / \ufeff 38.89056 ° N 77.00444 ° W \ufeff / 38.89056; - 77.00444 Composition method Presidential nomination with Senate confirmation Authorized by United States Constitution Judge term length Life tenure No. of positions 9 by statute Website www.supremecourt.gov Chief Justice of the United States Currently John Roberts Since September 29, 2005; 12 years ago ( 2005 - 09 - 29 )""}",nq,cot,0.0,0.18784530386740333,False,False,False,True
supreme court justice are appointed for a term of,"Based on the provided context, Supreme Court justices are appointed for **life tenure** (lifetime appointment).

The context states in multiple places:
- ""Judge term length: Life tenure"" (in the infobox)
- ""Once appointed, justices have lifetime tenure unless they resign, retire, or are removed after impeachment""
- ""The Constitution provides that justices 'shall hold their offices during good behavior'""",Supreme Court of the United States,-326818077463658630,"{'short_answer': 'Life tenure', 'long_answer': ""Supreme Court of the United States Established March 4, 1789; 229 years ago ( 1789 - 03 - 04 ) Country United States Location Washington, D.C., U.S. Coordinates 38 ° 53 ′ 26 '' N 77 ° 00 ′ 16 '' W \ufeff / \ufeff 38.89056 ° N 77.00444 ° W \ufeff / 38.89056; - 77.00444 Coordinates: 38 ° 53 ′ 26 '' N 77 ° 00 ′ 16 '' W \ufeff / \ufeff 38.89056 ° N 77.00444 ° W \ufeff / 38.89056; - 77.00444 Composition method Presidential nomination with Senate confirmation Authorized by United States Constitution Judge term length Life tenure No. of positions 9 by statute Website www.supremecourt.gov Chief Justice of the United States Currently John Roberts Since September 29, 2005; 12 years ago ( 2005 - 09 - 29 )""}",nq,cot,0.0,0.10909090909090909,False,False,False,True
who determines the number of justices on supreme court,"Based on the provided context, **Congress** determines the number of justices on the Supreme Court through federal statute.

Key evidence from the text:
- ""Article III of the United States Constitution does not specify the number of justices.""
- ""The Judiciary Act of 1789 called for the appointment of six 'judges'.""
- ""As the nation's boundaries grew, Congress added justices to correspond with the growing number of judicial circuits: seven in 1807, nine in 1837, and ten in 1863.""
- ""In 1869, however, the Circuit Judges Act returned the number of justices to nine, where it has since remained.""
- ""According to federal statute, the Court normally consists of the Chief Justice of the United States and eight associate justices...""

The Constitution establishes the Court but leaves its size to congressional legislation.",Supreme Court of the United States,-1814207563657500361,"{'short_answer': '', 'long_answer': ""Article III of the United States Constitution does not specify the number of justices. The Judiciary Act of 1789 called for the appointment of six `` judges ''. Although an 1801 act would have reduced the size of the court to five members upon its next vacancy, an 1802 act promptly negated the 1801 act, legally restoring the court 's size to six members before any such vacancy occurred. As the nation 's boundaries grew, Congress added justices to correspond with the growing number of judicial circuits: seven in 1807, nine in 1837, and ten in 1863.""}",nq,cot,0.0,0.5595854922279793,False,False,True,False
who won the first stage of the 2018 tour de france,"Based on the provided context, **Fernando Gaviria (COL)** won the first stage of the 2018 Tour de France.

The ""Classification leadership by stage"" table shows:
- **Stage 1** (7 July): Noirmoutier-en-l'Île to Fontenay-le-Comte, 201 km, Flat stage
- **Winner**: Fernando Gaviria (COL)
- **Leader of the GC**: Fernando Gaviria

This is also confirmed in reference 38: ""Tour de France: Gaviria wins opener and takes first yellow jersey"" from Cyclingnews.com.",2018 Tour de France,-8394929068646973254,"{'short_answer': 'Fernando Gaviria of Quick - Step Floors,', 'long_answer': ""The opening stage was won by Fernando Gaviria of Quick - Step Floors, who became the Tour 's first rider to wear the general classification leader 's yellow jersey. Peter Sagan ( Bora -- Hansgrohe ) then took the race lead the following stage. BMC Racing Team won stage three 's team time trial, putting their rider Greg Van Avermaet in yellow. He held the jersey for eight days until the second high mountain stage, where stage winner Thomas took the lead. He held it for the rest of the race to become the first Welshman to win the overall race. As a result, Team Sky -- and additionally British riders -- won six of the previous seven Tours dating back to 2012.""}",nq,cot,0.0,0.25609756097560976,False,False,False,True
what is the grand prize for the tour de france,"Based on the provided context, the grand prize for the overall winner of the Tour de France general classification is **€500,000**.

The context states: ""The overall winner of the general classification received €500,000, with the second and third placed riders getting €200,000 and €100,000 respectively.""",2018 Tour de France,3140972739012711701,"{'short_answer': '€ 500,000,', 'long_answer': ""A total of € 2,287,750 was awarded in cash prizes in the race. The overall winner of the general classification received € 500,000, with the second and third placed riders getting € 200,000 and € 100,000 respectively. All finishers in the top 160 were awarded money. The holders of the classifications would benefit on each stage they led; the final winners of the points and mountains would be given € 25,000, while the best young rider and most combative rider would get € 20,000. The team classification winners was given € 50,000. € 11,000 was given to the winners of each stage of the race, with smaller amounts given to places 2 -- 20. There were also two special awards each with a prize of € 5000. The Souvenir Henri Desgrange, given to first rider to pass the summit of the highest climb in the Tour, the Col du Portet on stage seventeen, and the Souvenir Jacques Goddet, given to the first rider to pass Goddet 's memorial at the summit of the Col du Tourmalet in stage nineteen. Nairo Quintana won the Henri Desgrange and Julian Alaphilippe won the Jacques Goddet.""}",nq,cot,0.0,0.198019801980198,False,False,False,True
what are the dates for the tour de france 2018,"Based on the provided context, the 2018 Tour de France took place from **July 7 to July 29, 2018**.

This is evidenced by:
- Stage 1 occurring on **July 7",2018 Tour de France,-713612749072568800,"{'short_answer': '7 -- 29 July', 'long_answer': ""2018 Tour de France 2018 UCI World Tour, race 25 of 37 Route of the 2018 Tour de France Race details Dates 7 -- 29 July Stages 21 Distance 3,351 km ( 2,082 mi ) Winning time 83h 17 ' 13 '' Results Winner Geraint Thomas ( GBR ) ( Team Sky ) Second Tom Dumoulin ( NED ) ( Team Sunweb ) Third Chris Froome ( GBR ) ( Team Sky ) Points Peter Sagan ( SVK ) ( Bora -- Hansgrohe ) Mountains Julian Alaphilippe ( FRA ) ( Quick - Step Floors ) Youth Pierre Latour ( FRA ) ( AG2R La Mondiale ) Combativity Dan Martin ( IRL ) ( UAE Team Emirates ) Team Movistar Team ← 2017 2019 →""}",nq,cot,0.0,0.19999999999999998,False,False,False,True
where does the tour de france start 2018,"Based on the provided context, the 2018 Tour de France started on the **Passage du Gois** (a tidal causeway in the Vendée department of France), with Stage 1 running from **Noirmoutier-en-l'Île to Fontenay-le-Comte** on 7 July 2018.

This is confirmed by:
- Reference 33: ""Tour de France 2018 to start on Passage du Gois""
- The stage table showing Stage 1: ""Noirmoutier-en-l'Île to Fontenay-le-Comte"" (201 km, Flat stage)",2018 Tour de France,329176110017141587,"{'short_answer': 'Vendée department, in the region of Pays de la Loire.', 'long_answer': ""The 2018 Tour de France will be the 105th edition of the Tour de France, one of cycling 's three Grand Tours. The start of the 2018 Tour ( known as the Grand Départ ) will be in the Vendée department, in the region of Pays de la Loire. The departments in the Pays de la Loire region hosted the Tour de France 's cyclists on its very first edition back 1903. Since this time, the cities and towns of the Pays de la Loire region have welcomed the Grand Départ of the Tour de France nine times, five of which have set out from the Vendée.""}",nq,cot,0.0,0.22818791946308722,False,False,False,True
where is the first stage of the tour de france,"Based on the provided context, the first stage of the 2018 Tour de France was:

**Stage 1**: Noirmoutier-en-l'Île to Fontenay-le-Comte (201 km / 125 mi, flat stage)

This stage took place on **7 July 2018** and was won by **Fernando Gaviria (COL)**, who also became the first leader of the general classification (yellow jersey).",2018 Tour de France,-7126877452951153761,"{'short_answer': ""Noirmoutier - en - l'Île,"", 'long_answer': ""The 2018 Tour de France was the 105th edition of the Tour de France, one of cycling 's three Grand Tours. The 3,351 km ( 2,082 mi ) race started from Noirmoutier - en - l'Île, in the Vendée department, on 7 July and concluded with the Champs - Élysées stage in Paris, on 29 July. A total of 176 riders across 22 teams were participating in the 21 - stage race. The Tour was the shortest of the millennium and was the fifth time a tour had set out from Vendée. The race was won for the first time by Geraint Thomas of Team Sky. Tom Dumoulin ( Team Sunweb ) placed second, with Thomas ' teammate and four - time Tour champion Chris Froome coming third.""}",nq,cot,0.0,0.26490066225165565,False,False,False,True
where did le tour de france start 2018,"Based on the provided context, the 2018 Tour de France started in **Noirmoutier-en-l'Île** on the **Passage du Gois**.

This is confirmed by:
- Reference 33: ""Tour de France 2018 to start on Passage du Gois""
- The stage table showing Stage 1 on 7 July: ""Noirmoutier-en-l'Île to Fontenay-le-Comte"" (201 km, flat stage)

The Passage du Gois is a famous causeway that connects the island of Noirmoutier to mainland France, and the race began on the island at Noirmoutier-en-l'Île.",2018 Tour de France,6736627038987537998,"{'short_answer': ""Noirmoutier - en - l'Île,"", 'long_answer': ""The 2018 Tour de France was the 105th edition of the Tour de France, one of cycling 's three Grand Tours. The 3,351 km ( 2,082 mi ) race started from Noirmoutier - en - l'Île, in the Vendée department, on 7 July and concluded with the Champs - Élysées stage in Paris, on 29 July. A total of 176 riders across 22 teams were participating in the 21 - stage race. The Tour was the shortest of the millennium and was the fifth time a tour had set out from Vendée. The race was won for the first time by Geraint Thomas of Team Sky. Tom Dumoulin ( Team Sunweb ) placed second, with Thomas ' teammate and four - time Tour champion Chris Froome coming third.""}",nq,cot,0.0,0.24705882352941175,False,False,False,True
where is the tour de france starting this year,"Based on the provided context, the 2018 Tour de France started on **Passage du Gois**. This is mentioned in reference 33: ""Tour de France 2018 to start on Passage du Gois"" and reference 32: ""Tour de France announces 2018 Grand Départ.""",2018 Tour de France,7061938366566979302,"{'short_answer': ""from Noirmoutier - en - l'Île, in the Vendée department,"", 'long_answer': ""The 2018 Tour de France was the 105th edition of the Tour de France, one of cycling 's three Grand Tours. The 3,351 km ( 2,082 mi ) race started from Noirmoutier - en - l'Île, in the Vendée department, on 7 July and concluded with the Champs - Élysées stage in Paris, on 29 July. A total of 176 riders across 22 teams were participating in the 21 - stage race. The Tour was the shortest of the millennium and was the fifth time a tour had set out from Vendée. The race was won for the first time by Geraint Thomas of Team Sky. Tom Dumoulin ( Team Sunweb ) placed second, with Thomas ' teammate and four - time Tour champion Chris Froome coming third.""}",nq,cot,0.0,0.19718309859154928,False,False,False,True
when does the tour de france finish 2018,,2018 Tour de France,-8861936358522502442,"{'short_answer': 'on 29 July.', 'long_answer': ""The 2018 Tour de France was the 105th edition of the Tour de France, one of cycling 's three Grand Tours. The 3,351 km ( 2,082 mi ) race started from Noirmoutier - en - l'Île, in the Vendée department, on 7 July and concluded with the Champs - Élysées stage in Paris, on 29 July. A total of 176 riders across 22 teams were participating in the 21 - stage race. The Tour was the shortest of the millennium and was the fifth time a tour had set out from Vendée. The race was won for the first time by Geraint Thomas of Team Sky. Tom Dumoulin ( Team Sunweb ) placed second, with Thomas ' teammate and four - time Tour champion Chris Froome coming third.""}",nq,cot,0.0,0.0,True,False,False,False
how many riders per team in the tour de france 2018,"Based on the context provided, specifically the reference to ""ur-teams-reduced-nine-eight-riders-2018-336785"" from Cycling Weekly (22 June 2017), the 2018 Tour de France featured **8 riders per team**.

This was a reduction from the previous standard of 9 riders per team, as indicated by the article title",2018 Tour de France,7074262590789713570,"{'short_answer': '8,', 'long_answer': ""New rules by the cycling 's governing body, the Union Cycliste Internationale ( UCI ) reduced the number of riders per team for Grand Tours from 9 to 8, resulting in a start list total of 176, instead of the usual 198. Of these, 35 competed in their first Tour de France. The total number of riders that finished the race was 145. The riders came from 30 countries. Seven countries had more than 10 riders in the race: France ( 35 ), Belgium ( 19 ), the Netherlands ( 13 ), Italy ( 13 ), Australia ( 11 ), Germany ( 11 ) and Spain ( 11 ). The average age of riders in the race was 29.37 years, ranging from the 21 - year - old Egan Bernal ( Team Sky ) to the 40 - year - old Franco Pellizotti ( Bahrain -- Merida ). Groupama -- FDJ had the youngest average age while Bahrain -- Merida had the oldest.""}",nq,cot,0.0,0.21383647798742142,False,False,False,True
when will tour de france teams be announced,,2018 Tour de France,-5514927031084251120,"{'short_answer': '6 January 2018,', 'long_answer': ""The 18 UCI WorldTeams were automatically invited to the race. On 6 January 2018, organisers of the Tour, the Amaury Sport Organisation ( ASO ), announced the four second - tier UCI Professional Continental teams that received a wildcard invitation to participate in the event. The four teams were Cofidis, Direct Énergie, Fortuneo -- Samsic, from France and Belgium 's Wanty -- Groupe Gobert, all of which have participated in the race before. This meant that new French team Vital Concept, with their team leader, sprinter Bryan Coquard, missed out on the race. Christian Prudhomme wished the team the best in their inaugural season. The presentation of the teams -- where the members of each team 's roster are introduced in front of the media and local dignitaries -- took place on Place Napoleon ( fr ) in the town of La Roche - sur - Yon on 5 July, two days before the opening stage.""}",nq,cot,0.0,0.0,True,False,False,False
who came second in tour de france 2018,,2018 Tour de France,4373755116203252946,"{'short_answer': 'Tom Dumoulin (', 'long_answer': ""2018 Tour de France 2018 UCI World Tour, race 25 of 37 Route of the 2018 Tour de France Race details Dates 7 -- 29 July Stages 21 Distance 3,351 km ( 2,082 mi ) Winning time 83h 17 ' 13 '' Results Winner Geraint Thomas ( GBR ) ( Team Sky ) Second Tom Dumoulin ( NED ) ( Team Sunweb ) Third Chris Froome ( GBR ) ( Team Sky ) Points Peter Sagan ( SVK ) ( Bora -- Hansgrohe ) Mountains Julian Alaphilippe ( FRA ) ( Quick - Step Floors ) Youth Pierre Latour ( FRA ) ( AG2R La Mondiale ) Combativity Dan Martin ( IRL ) ( UAE Team Emirates ) Team Movistar Team ← 2017 2019 →""}",nq,cot,0.0,0.0,True,False,False,False
where did le tour de france start this year,"Based on the provided context, the 2018 Tour de France started in **Noirmoutier-en-l'Île** (on the **Passage du Gois**).

This is evidenced by:
- Stage 1 listing: ""Noirmoutier-en-l'Île to Fontenay-le-Comte"" on 7 July
- Reference 33: ""Tour de France 2018 to start on Passage du Gois""
- Reference 32: ""Tour de France announces 2018 Grand Départ""

The Passage du Gois is a submersible causeway connecting the island of Noirmoutier to mainland France, which served as the Grand Départ location for the 105th edition of the race.",2018 Tour de France,-7438581239387654701,"{'short_answer': ""Noirmoutier - en - l'Île, in the Vendée department,"", 'long_answer': ""The 2018 Tour de France was the 105th edition of the Tour de France, one of cycling 's three Grand Tours. The 3,351 km ( 2,082 mi ) race started from Noirmoutier - en - l'Île, in the Vendée department, on 7 July and concluded with the Champs - Élysées stage in Paris, on 29 July. A total of 176 riders across 22 teams were participating in the 21 - stage race. The Tour was the shortest of the millennium and was the fifth time a tour had set out from Vendée. The race was won for the first time by Geraint Thomas of Team Sky. Tom Dumoulin ( Team Sunweb ) placed second, with Thomas ' teammate and four - time Tour champion Chris Froome coming third.""}",nq,cot,0.0,0.2727272727272727,False,False,False,True
when does the 2018 tour de france start,"The 2018 Tour de France started on **7 July 2018**, with Stage 1 running from Noirmoutier-en-l'Île to Fontenay-le-Comte (201 km, flat stage).",2018 Tour de France,708037729197446651,"{'short_answer': '7 July and', 'long_answer': ""The 2018 Tour de France was the 105th edition of the Tour de France, one of cycling 's three Grand Tours. The 3,351 km ( 2,082 mi ) race started from Noirmoutier - en - l'Île, in the Vendée department, on 7 July and concluded with the Champs - Élysées stage in Paris, on 29 July. A total of 176 riders across 22 teams were participating in the 21 - stage race. The Tour was the shortest of the millennium and was the fifth time a tour had set out from Vendée. The race was won for the first time by Geraint Thomas of Team Sky. Tom Dumoulin ( Team Sunweb ) placed second, with Thomas ' teammate and four - time Tour champion Chris Froome coming third.""}",nq,cot,0.0,0.20967741935483872,False,False,False,True
what episode of black mirror was hannah john kamen in,"Based on the provided context, Hannah John-Kamen appeared in **two episodes** of *Black Mirror*:

1. **""Fifteen Million Merits""** (2011) – played the role of **Selma**
2. **""Playtest""** (2016) – played the role of **Sonja**

The text mentions both: in the television filmography table it lists ""Black Mirror Selma Episode 'Fifteen Million Merits'"" from 2011, and later states ""In 2016, she appeared in 'Playtest', an episode of the anthology series Black Mirror"" with the filmography table also showing ""Black Mirror Sonja Episode: 'Playtest'"".",Hannah John-Kamen,-6718102858366318183,"{'short_answer': ""Episode `` Fifteen Million Merits ''"", 'long_answer': ""Year Title Role Notes 2011 Misfits Carly Episode # 3.6 Black Mirror Selma Episode `` Fifteen Million Merits '' 2012 Whitechapel Roxy 2 episodes The Syndicate Young Shop Assistant Episode # 1.2 The Midnight Beast Pizza Girls Episode: `` Someone Called Sam '' The Hour Rosa Maria Ramírez 4 episodes 2014 Death in Paradise Yasmin Blake Series 3; Episode 6 Happy Valley Justine 2015 Cucumber Violet The Ark Nahlab Television film Banana Violet 2015 -- present Killjoys Dutch / Aneela Main role 2016 The Tunnel: Sabotage Rosa Persaud Game of Thrones Ornela Episodes: `` Oathbreaker '', `` Book of the Stranger '' Black Mirror Sonja Episode: `` Playtest ''""}",nq,cot,0.0,0.294478527607362,False,False,False,True
where is oklahoma located in the united states,"Based on the context provided, Oklahoma is located in the **South Central region** of the United States. The text states: ""Oklahoma is a state in the South Central region of the United States.""

Additional geographic details from the context:
- It is between the Great Plains and the Ozark Plateau in the Gulf of Mexico watershed
- It borders New Mexico, Texas, Colorado, and Kansas (Cimarron County in the panhandle touches all four)
- It is the 20th-most extensive and 28th-most populous of the 50 United States",Oklahoma,3340122335577060793,"{'short_answer': 'in the Great Plains near the geographical center of the 48 contiguous states.', 'long_answer': 'Oklahoma is the 20th - largest state in the United States, covering an area of 69,898 square miles ( 181,030 km ), with 68,667 square miles ( 177,850 km ) of land and 1,281 square miles ( 3,320 km ) of water. It lies partly in the Great Plains near the geographical center of the 48 contiguous states. It is bounded on the east by Arkansas and Missouri, on the north by Kansas, on the northwest by Colorado, on the far west by New Mexico, and on the south and near - west by Texas. Much of its border with Texas lies along the Southern Oklahoma Aulacogen, a failed continental rift. The geologic figure defines the placement of the Red River.'}",nq,cot,0.0,0.33532934131736525,False,False,True,False
what part of the country is oklahoma considered,"Based on the provided context, Oklahoma is considered to be in the **South Central region of the United States**, which is part of the broader **Southern United States**.

The text explicitly states: ""Oklahoma is a state in the South Central region of the United States"" and ""The state is in the Southern United States.""",Oklahoma,-4372236156247664542,"{'short_answer': 'a state in the South Central', 'long_answer': ""Oklahoma ( / ˌoʊkləˈhoʊmə / ( listen ); Pawnee: Uukuhuúwa, Cayuga: Gahnawiyoˀgeh ) is a state in the South Central region of the United States. It is the 20th-most extensive and the 28th-most populous of the 50 United States. The state 's name is derived from the Choctaw words okla and humma, meaning `` red people. '' It is also known informally by its nickname, `` The Sooner State, '' in reference to the non-Native settlers who staked their claims on land before the official opening date and the Indian Appropriations Act of 1889, which dramatically increased European - American settlement in the Indian Territory. Oklahoma Territory and Indian Territory were merged and Indian was dropped from the name. On November 16, 1907, Oklahoma became the 46th state to enter the union. Its residents are known as Oklahomans, or informally as Okies, and its capital and largest city is Oklahoma City.""}",nq,cot,0.0,0.29761904761904767,False,False,False,True
how many states share a border with oklahoma,,Oklahoma,3749925031204735637,"{'short_answer': '', 'long_answer': 'Oklahoma is the 20th - largest state in the United States, covering an area of 69,898 square miles ( 181,035 km ), with 68,667 square miles ( 177,847 km ) of land and 1,281 square miles ( 3,188 km ) of water. It lies partly in the Great Plains near the geographical center of the 48 contiguous states. It is bounded on the east by Arkansas and Missouri, on the north by Kansas, on the northwest by Colorado, on the far west by New Mexico, and on the south and near - west by Texas. Much of its border with Texas lies along the Southern Oklahoma Aulacogen, a failed continental rift. The geologic figure defines the placement of the Red River.'}",nq,cot,0.0,0.0,True,False,False,False
where is oklahoma located on the map of the united states,"Based on the provided context, Oklahoma is located in the **South Central region** of the United States. Here are the specific geographic details:

**Bordering States:**
- **East:** Arkansas and Missouri
- **North:** Kansas
- **Northwest:** Colorado
- **Far West:** New Mexico
- **South and Near-West:** Texas

**Geographic Coordinates:**
- **Latitude:** 33°37' N to 37° N
- **Longitude:** 94° 26' W to 103° W

**Regional Context:**
- It lies partly in the **Great Plains** near the geographical center of the 48 contiguous states
- It is one of six states on the **Frontier Strip**
- It is between the **Great Plains** and the **Ozark Plateau** in the Gulf of Mexico watershed
- The state slopes from high plains in the west to low wetlands in the southeast

**Major Cities for Reference:**
- **Oklahoma City** (capital and largest city) - roughly central
- **Tulsa** (second-largest) - in the northeast part of the state

The context also notes that Oklahoma is the **20th-largest state** by area (69,898 square miles) and **28th-most populous**.",Oklahoma,-8736122236866420014,"{'short_answer': '', 'long_answer': 'Oklahoma is the 20th - largest state in the United States, covering an area of 69,898 square miles ( 181,030 km ), with 68,667 square miles ( 177,850 km ) of land and 1,281 square miles ( 3,320 km ) of water. It lies partly in the Great Plains near the geographical center of the 48 contiguous states. It is bounded on the east by Arkansas and Missouri, on the north by Kansas, on the northwest by Colorado, on the far west by New Mexico, and on the south and near - west by Texas. Much of its border with Texas lies along the Southern Oklahoma Aulacogen, a failed continental rift. The geologic figure defines the placement of the Red River.'}",nq,cot,0.0,0.4463519313304721,False,False,True,False
when did oklahoma become a state what does the word oklahoma mean,"Based on the provided context:

**When did Oklahoma become a state?**
Oklahoma became the 46th state to enter the union on **November 16, 1907**.

**What does the word ""Oklahoma"" mean?**
The name is derived from the Choctaw words **okla and humma**, meaning **""red people.""**",Oklahoma,-3485714005907152096,"{'short_answer': '', 'long_answer': ""Oklahoma ( / ˌoʊkləˈhoʊmə / ( listen ); Pawnee: Uukuhuúwa, Cayuga: Gahnawiyoˀgeh ) is a state in the South Central region of the United States. It is the 20th-most extensive and the 28th-most populous of the 50 United States. The state 's name is derived from the Choctaw words okla and humma, meaning `` red people ''. It is also known informally by its nickname, `` The Sooner State '', in reference to the non-Native settlers who staked their claims on land before the official opening date of lands in the western Oklahoma Territory or before the Indian Appropriations Act of 1889, which dramatically increased European - American settlement in the eastern Indian Territory. Oklahoma Territory and Indian Territory were merged into the State of Oklahoma when it became the 46th state to enter the union on November 16, 1907. Its residents are known as Oklahomans, or informally as Okies, and its capital and largest city is Oklahoma City.""}",nq,cot,0.0,0.3333333333333333,False,False,True,False
when did oklahoma become part of the united states,"Based on the provided context, Oklahoma became part of the United States on **November 16, 1907**, when it was admitted as the 46th state to enter the union.",Oklahoma,-6235538092288743840,"{'short_answer': 'November 16, 1907 (', 'long_answer': 'Admission to Union November 16, 1907 ( 46th )'}",nq,cot,0.0,0.3870967741935483,False,False,True,False
when did oklahoma become a state in the us,"Based on the provided context, Oklahoma became a state in the US on **November 16, 1907**, becoming the 46th state to enter the union.",Oklahoma,6534456092518679771,"{'short_answer': '', 'long_answer': ""Oklahoma ( / ˌoʊkləˈhoʊmə / ( listen ); Pawnee: Uukuhuúwa, Cayuga: Gahnawiyoˀgeh ) is a state in the South Central region of the United States. It is the 20th-most extensive and the 28th-most populous of the fifty United States. The state 's name is derived from the Choctaw words okla and humma, meaning `` red people ''. It is also known informally by its nickname, `` The Sooner State '', in reference to the non-Native settlers who staked their claims on land before the official opening date of lands in the western Oklahoma Territory or before the Indian Appropriations Act of 1889, which dramatically increased European - American settlement in the eastern Indian Territory. Oklahoma Territory and Indian Territory were merged into the State of Oklahoma when it became the 46th state to enter the union on November 16, 1907. Its residents are known as Oklahomans, and its capital and largest city is Oklahoma City.""}",nq,cot,0.0,0.19178082191780824,False,False,False,True
