question,response,doc,q_uid,answers,dataset,prompt_type
who determines the size of the supreme court,"Based on the provided context, **Congress determines the size of the Supreme Court through federal statute (legislation).**

Key evidence from the text:
- ""Article III of the United States Constitution does not specify the number of justices.""
- ""The Judiciary Act of 1789 called for the appointment of six 'judges'.""
- ""As the nation's boundaries grew, Congress added justices to correspond with the growing number of judicial circuits: seven in 1807, nine in 1837, and ten in 1863.""
- ""In 1869, however,",Supreme Court of the United States,-8377155967940203923,"{'short_answer': 'Congress added', 'long_answer': ""Article III of the United States Constitution does not specify the number of justices. The Judiciary Act of 1789 called for the appointment of six `` judges ''. Although an 1801 act would have reduced the size of the court to five members upon its next vacancy, an 1802 act promptly negated the 1801 act, legally restoring the court 's size to six members before any such vacancy occurred. As the nation 's boundaries grew, Congress added justices to correspond with the growing number of judicial circuits: seven in 1807, nine in 1837, and ten in 1863.""}",nq,cot
where is the supreme court of the united states located,"The Supreme Court of the United States is located in Washington, D.C., United States. The context states: ""Location Washington, D.C., United States"" and ""The Court meets in the Supreme Court Building in Washington, D.C.""",Supreme Court of the United States,-1986245258191974330,"{'short_answer': 'Washington, D.C.,', 'long_answer': ""Supreme Court of the United States Established March 4, 1789 ( 228 years ago ) ( 1789 - 03 - 04 ) Country United States Location Washington, D.C., United States Coordinates 38 ° 53 ′ 26 '' N 77 ° 00 ′ 16 '' W \ufeff / \ufeff 38.89056 ° N 77.00444 ° W \ufeff / 38.89056; - 77.00444 Coordinates: 38 ° 53 ′ 26 '' N 77 ° 00 ′ 16 '' W \ufeff / \ufeff 38.89056 ° N 77.00444 ° W \ufeff / 38.89056; - 77.00444 Composition method Presidential nomination with Senate confirmation Authorized by United States Constitution Judge term length Life tenure No. of positions 9, by statute Website www.supremecourt.gov Chief Justice of the United States Currently John G. Roberts Since September 29, 2005""}",nq,cot
who is the supreme court made up of,"Based on the provided context, the Supreme Court of the United States is made up of:

**Structural Composition:**
- **One Chief Justice of the United States** (currently John G. Roberts, since September 29, 2005)
- **Eight Associate Justices**
- **Total: 9 justices** (set by federal statute)

**Appointment Process:**
- Justices are **nominated by the President** and **confirmed by the Senate**
- Once appointed, they serve **life tenure** (unless they resign, retire, or are removed through impeachment)

**Current Composition (as of the 2017 revision of this document):**
Following Neil Gorsuch's confirmation in 2017, the Court consisted of:
- **Five justices appointed by Republican presidents:** Chief Justice Roberts, Thomas, Alito, Kennedy, and Gorsuch
- **",Supreme Court of the United States,-8295623681645206109,"{'short_answer': 'John Roberts (', 'long_answer': ""Name Birth Appointed by Senate confirmation vote Age at appointment Current age First day / Length of service Previous positions Succeeded Roberts, John John Roberts ( Chief Justice ) 000000001955 - 01 - 27 - 0000 January 27, 1955 Buffalo, New York Bush, George W. George W. Bush 78 -- 22 50 7001630000000000000 ♠ 63 000000002005 - 09 - 29 - 0000 September 29, 2005 12 years, 6 months Circuit Judge, Court of Appeals for the D.C. Circuit ( 2003 -- 2005 ); Principal Deputy Solicitor General ( 1989 -- 1993 ); Associate Counsel to the President ( 1982 -- 1986 ) William Rehnquist Kennedy, Anthony Anthony Kennedy 000000001936 - 07 - 23 - 0000 July 23, 1936 Sacramento, California Reagan, Ronald Ronald Reagan 97 -- 0 51 7001810000000000000 ♠ 81 000000001988 - 02 - 18 - 0000 February 18, 1988 30 years, 1 month Circuit Judge, Court of Appeals for the Ninth Circuit ( 1975 -- 1988 ); Private practice ( 1963 -- 1975 ) Lewis Powell Thomas, Clarence Clarence Thomas 000000001948 - 06 - 23 - 0000 June 23, 1948 Pin Point, Georgia Bush, George H.W. George H.W. Bush 52 -- 48 43 7001690000000000000 ♠ 69 000000001991 - 10 - 23 - 0000 October 23, 1991 26 years, 5 months Circuit Judge, Court of Appeals for the D.C. Circuit ( 1990 -- 1991 ); Chairman, Equal Employment Opportunity Commission ( 1982 -- 1990 ); Assistant Attorney General in Missouri under State Attorney General John Danforth ( 1974 -- 1977 ) Thurgood Marshall Ginsburg, Ruth Bader Ruth Bader Ginsburg 000000001933 - 03 - 15 - 0000 March 15, 1933 Brooklyn, New York Clinton, Bill Bill Clinton 96 -- 3 60 7001850000000000000 ♠ 85 000000001993 - 08 - 10 - 0000 August 10, 1993 24 years, 7 months Circuit Judge, Court of Appeals for the D.C. Circuit ( 1980 -- 1993 ); General Counsel, American Civil Liberties Union ( 1973 -- 1980 ) Byron White Breyer, Stephen Stephen Breyer 000000001938 - 08 - 15 - 0000 August 15, 1938 San Francisco, California 87 -- 9 55 7001790000000000000 ♠ 79 000000001994 - 08 - 03 - 0000 August 3, 1994 23 years, 8 months Chief Judge, Court of Appeals for the First Circuit ( 1990 -- 1994 ); Circuit Judge, Court of Appeals for the First Circuit ( 1980 -- 1990 ) Harry Blackmun Alito, Samuel Samuel Alito 000000001950 - 04 - 01 - 0000 April 1, 1950 Trenton, New Jersey George W. Bush 58 -- 42 55 7001680000000000000 ♠ 68 000000002006 - 01 - 31 - 0000 January 31, 2006 12 years, 2 months Circuit Judge, Court of Appeals for the Third Circuit ( 1990 -- 2006 ); U.S. Attorney for the District of New Jersey ( 1987 -- 1990 ); Deputy Assistant Attorney General ( 1985 -- 1987 ); Assistant to the Solicitor General ( 1981 -- 1985 ) Sandra Day O'Connor Sotomayor, Sonia Sonia Sotomayor 000000001954 - 06 - 25 - 0000 June 25, 1954 The Bronx, New York Obama, Barack Barack Obama 68 -- 31 55 7001630000000000000 ♠ 63 000000002009 - 08 - 08 - 0000 August 8, 2009 8 years, 7 months Circuit Judge, Court of Appeals for the Second Circuit ( 1998 -- 2009 ); District Judge, District Court for the Southern District of New York ( 1992 -- 1998 ) David Souter Kagan, Elena Elena Kagan 000000001960 - 04 - 28 - 0000 April 28, 1960 Manhattan, New York 63 -- 37 50 7001570000000000000 ♠ 57 000000002010 - 08 - 07 - 0000 August 7, 2010 7 years, 8 months Solicitor General of the United States ( 2009 -- 2010 ); Dean of Harvard Law School ( 2003 -- 2009 ); Associate White House Counsel ( 1995 -- 1999 ); Deputy Director of the Domestic Policy Council ( 1995 -- 1999 ); John Paul Stevens Gorsuch, Neil Neil Gorsuch 000000001967 - 08 - 29 - 0000 August 29, 1967 Denver, Colorado Trump, Donald Donald Trump 54 -- 45 49 7001500000000000000 ♠ 50 000000002017 - 04 - 10 - 0000 April 10, 2017 11 months and 26 days Circuit Judge, Court of Appeals for the Tenth Circuit ( 2006 -- 2017 ); Principal Deputy Associate Attorney General and Acting Associate Attorney General ( 2005 -- 2006 ); Antonin Scalia""}",nq,cot
what is the highest court in the united states,The Supreme Court of the United States is the highest federal court in the United States.,Supreme Court of the United States,3785127548796555411,"{'short_answer': 'The Supreme Court of the United States (', 'long_answer': 'The Supreme Court of the United States ( sometimes colloquially referred to by the acronym SCOTUS ) is the highest federal court of the United States. Established pursuant to Article Three of the United States Constitution in 1789, it has ultimate ( and largely discretionary ) appellate jurisdiction over all federal courts and state court cases involving issues of federal law plus original jurisdiction over a small range of cases. In the legal system of the United States, the Supreme Court is generally the final interpreter of federal law including the United States Constitution, but it may act only within the context of a case in which it has jurisdiction. The Court may decide cases having political overtones but does not have power to decide nonjusticiable political questions, and its enforcement arm is in the executive rather than judicial branch of government.'}",nq,cot
how long has the supreme court has 9 justices,"Based on the provided context, the Supreme Court has had **9 justices since 1869**. 

The text states: ""In 1869, however, the Circuit Judges Act returned the number of justices to nine,[69] where it has since remained.""

This followed several changes in the Court's size:
- 1789: 6 justices (Judiciary Act of 1789)
- 1807: 7 justices
- 1837: 9 justices
- 1863: 10 justices",Supreme Court of the United States,-824653642806880036,"{'short_answer': '', 'long_answer': 'In 1866, at the behest of Chief Justice Chase, Congress passed an act providing that the next three justices to retire would not be replaced, which would thin the bench to seven justices by attrition. Consequently, one seat was removed in 1866 and a second in 1867. In 1869, however, the Circuit Judges Act returned the number of justices to nine, where it has since remained.'}",nq,cot
ages of the judges on the supreme court,,Supreme Court of the United States,2538907278819984497,"{'short_answer': '', 'long_answer': ""Name Birth Appointed by Senate confirmation vote Age at appointment Current age First day / Length of service Previous positions Succeeded John Roberts ( Chief Justice ) January 27, 1955 Buffalo, New York George W. Bush 78 -- 22 50 7004232080000000000 ♠ 63 September 29, 2005 12 years, 10 months Circuit Judge, Court of Appeals for the D.C. Circuit ( 2003 -- 2005 ); Principal Deputy Solicitor General ( 1989 -- 1993 ); Associate Counsel to the President ( 1982 -- 1986 ) William Rehnquist Clarence Thomas June 23, 1948 Pin Point, Georgia George H.W. Bush 52 -- 48 43 7004256170000000000 ♠ 70 October 23, 1991 26 years, 9 months Circuit Judge, Court of Appeals for the D.C. Circuit ( 1990 -- 1991 ); Chairman, Equal Employment Opportunity Commission ( 1982 -- 1990 ); Assistant Attorney General in Missouri under State Attorney General John Danforth ( 1974 -- 1977 ) Thurgood Marshall Ruth Bader Ginsburg March 15, 1933 Brooklyn, New York Bill Clinton 96 -- 3 60 7004311960000000000 ♠ 85 August 10, 1993 25 years Circuit Judge, Court of Appeals for the D.C. Circuit ( 1980 -- 1993 ); General Counsel, American Civil Liberties Union ( 1973 -- 1980 ) Byron White Stephen Breyer August 15, 1938 San Francisco, California 87 -- 9 55 7004292170000000000 ♠ 79 August 3, 1994 24 years Chief Judge, Court of Appeals for the First Circuit ( 1990 -- 1994 ); Circuit Judge, Court of Appeals for the First Circuit ( 1980 -- 1990 ) Harry Blackmun Samuel Alito April 1, 1950 Trenton, New Jersey George W. Bush 58 -- 42 55 7004249700000000000 ♠ 68 January 31, 2006 12 years, 6 months Circuit Judge, Court of Appeals for the Third Circuit ( 1990 -- 2006 ); U.S. Attorney for the District of New Jersey ( 1987 -- 1990 ); Deputy Assistant Attorney General ( 1985 -- 1987 ); Assistant to the Solicitor General ( 1981 -- 1985 ) Sandra Day O'Connor Sonia Sotomayor June 25, 1954 The Bronx, New York Barack Obama 68 -- 31 55 7004234240000000000 ♠ 64 August 8, 2009 9 years Circuit Judge, Court of Appeals for the Second Circuit ( 1998 -- 2009 ); District Judge, District Court for the Southern District of New York ( 1992 -- 1998 ) David Souter Elena Kagan April 28, 1960 Manhattan, New York 63 -- 37 50 7004212900000000000 ♠ 58 August 7, 2010 8 years Solicitor General of the United States ( 2009 -- 2010 ); Dean of Harvard Law School ( 2003 -- 2009 ); Associate White House Counsel ( 1995 -- 1999 ); Deputy Director of the Domestic Policy Council ( 1995 -- 1999 ) John Paul Stevens Neil Gorsuch August 29, 1967 Denver, Colorado Donald Trump 54 -- 45 49 7004186110000000000 ♠ 50 April 10, 2017 1 year, 4 months Circuit Judge, Court of Appeals for the Tenth Circuit ( 2006 -- 2017 ); Principal Deputy Associate Attorney General and Acting Associate Attorney General ( 2005 -- 2006 ) Antonin Scalia Vacant Anthony Kennedy Vacancy""}",nq,cot
currently how many supreme court justices are there,"Based on the provided context, there are currently **nine** Supreme Court justices. The text explicitly states: ""The court is currently filled with nine justices"" and lists all nine current justices (Roberts, Kennedy, Thomas, Ginsburg, Breyer, Alito, Sotomayor, Kagan, and Gorsuch). The Court has maintained nine justices since the Circuit Judges Act of 1869.",Supreme Court of the United States,7425154493384697205,"{'short_answer': 'nine justices', 'long_answer': 'The court is currently filled with nine justices. The most recent justice to join to the court was Neil Gorsuch, who was nominated by President Donald Trump on January 31, 2017, and confirmed on April 7, 2017, by the Senate.'}",nq,cot
what is a supreme court justices term of office,"Based on the provided context, Supreme Court justices have **life tenure** (lifetime appointment). 

The text states this clearly in multiple places:
- ""Once appointed, justices have lifetime tenure unless they resign, retire, or are removed after impeachment (though no justice has ever been removed).""
- In the composition details: ""Judge term length: Life tenure""
- ""According to federal statute... Once appointed, justices have lifetime tenure unless they resign, retire, or are removed after impeachment.""

Justices serve until they voluntarily resign or retire, or until they are impeached and removed from office (which has never happened in U.S. history).",Supreme Court of the United States,-548329466383357895,"{'short_answer': 'lifetime tenure', 'long_answer': ""According to federal statute, the Court normally consists of the Chief Justice of the United States and eight associate justices who are nominated by the President and confirmed by the Senate. Once appointed, justices have lifetime tenure unless they resign, retire, or are removed after impeachment ( though no justice has ever been removed ). In modern discourse, the justices are often categorized as having conservative, moderate, or liberal philosophies of law and of judicial interpretation. Each justice has one vote, and it is worth noting that while a far greater number of cases in recent history have been decided unanimously, decisions in cases of the highest profile have often come down to just one single vote, thereby exposing the justices ' ideological beliefs that track with those philosophical or political categories. The Court meets in the Supreme Court Building in Washington, D.C.""}",nq,cot
what is the role of the united states supreme court,"Based on the provided context, the role of the United States Supreme Court includes:

**Primary Constitutional Role:**
- It is the **highest federal court** of the United States, established pursuant to **Article Three of the U.S. Constitution** in 1789
- It serves as the **final interpreter of federal law**, including the United States Constitution

**Jurisdiction:**
- **Ultimate (and largely discretionary) appellate jurisdiction** over all federal courts and state court cases involving issues of federal law
- **Original jurisdiction** over a small range of cases

**Key Powers & Functions:**
- **Judicial review**: The power to declare laws unconstitutional (established in *Marbury v. Madison*, 1803), consummating the American system of checks and balances
- **Interpretation authority**: As Chief Justice John Marshall stated, ""it is the constitutional duty of the judiciary... to say what the law is""
- **Case-based decision making**: The Court may act **only within the context of a case** in which it has jurisdiction
- **No political questions**: The Court does not have power to decide political questions

**Limitations:**
- **No direct enforcement power**: The Court relies on respect for the",Supreme Court of the United States,6340746173756830055,"{'short_answer': '', 'long_answer': 'The Supreme Court of the United States ( sometimes colloquially referred to by the acronym SCOTUS ) is the highest federal court of the United States. Established pursuant to Article Three of the United States Constitution in 1789, it has ultimate ( and largely discretionary ) appellate jurisdiction over all federal courts and state court cases involving issues of federal law plus original jurisdiction over a small range of cases. In the legal system of the United States, the Supreme Court is generally the final interpreter of federal law including the United States Constitution, but it may act only within the context of a case in which it has jurisdiction. The Court may decide cases having political overtones but does not have power to decide nonjusticiable political questions, and its enforcement arm is in the executive rather than judicial branch of government.'}",nq,cot
when were the current supreme court justices appointed,"Based on the provided context, here are the appointment dates (first day of service) for the current Supreme Court justices as of April 2017:

**Current Justices and Their Appointment Dates:**

1. **John Roberts** (Chief Justice) - September 29, 2005 (appointed by George W. Bush)
2. **Anthony Kennedy** -",Supreme Court of the United States,7593720238967084586,"{'short_answer': '', 'long_answer': ""Name Date of birth Appointed by Senate confirmation vote Age at appointment Current age First day / Length of service Previous positions Succeeded Roberts, John John Roberts ( Chief Justice ) 000000001955 - 01 - 27 - 0000 January 27, 1955 Buffalo, New York Bush, George W. George W. Bush 78 -- 22 50 7001620000000000000 ♠ 62 000000002005 - 09 - 29 - 0000 September 29, 2005 12 years, 1 month Circuit Judge, Court of Appeals for the D.C. Circuit ( 2003 -- 2005 ); Principal Deputy Solicitor General ( 1989 -- 1993 ); Associate Counsel to the President ( 1982 -- 1986 ) William Rehnquist Kennedy, Anthony Anthony Kennedy 000000001936 - 07 - 23 - 0000 July 23, 1936 Sacramento, California Reagan, Ronald Ronald Reagan 97 -- 0 51 7001810000000000000 ♠ 81 000000001988 - 02 - 18 - 0000 February 18, 1988 29 years, 8 months Circuit Judge, Court of Appeals for the Ninth Circuit ( 1975 -- 1988 ); Private practice ( 1963 -- 1975 ) Lewis Powell Thomas, Clarence Clarence Thomas 000000001948 - 06 - 23 - 0000 June 23, 1948 Pin Point, Georgia Bush, George H.W. George H.W. Bush 52 -- 48 43 7001690000000000000 ♠ 69 000000001991 - 10 - 23 - 0000 October 23, 1991 26 years Circuit Judge, Court of Appeals for the D.C. Circuit ( 1990 -- 1991 ); Chairman, Equal Employment Opportunity Commission ( 1982 -- 1990 ); Assistant Attorney General in Missouri under State Attorney General John Danforth ( 1974 -- 1977 ) Thurgood Marshall Ginsburg, Ruth Bader Ruth Bader Ginsburg 000000001933 - 03 - 15 - 0000 March 15, 1933 Brooklyn, New York Clinton, Bill Bill Clinton 96 -- 3 60 7001840000000000000 ♠ 84 000000001993 - 08 - 10 - 0000 August 10, 1993 24 years, 2 months Circuit Judge, Court of Appeals for the D.C. Circuit ( 1980 -- 1993 ); General Counsel, American Civil Liberties Union ( 1973 -- 1980 ) Byron White Breyer, Stephen Stephen Breyer 000000001938 - 08 - 15 - 0000 August 15, 1938 San Francisco, California 87 -- 9 55 7001790000000000000 ♠ 79 000000001994 - 08 - 03 - 0000 August 3, 1994 23 years, 2 months Chief Judge, Court of Appeals for the First Circuit ( 1990 -- 1994 ); Circuit Judge, Court of Appeals for the First Circuit ( 1980 -- 1990 ) Harry Blackmun Alito, Samuel Samuel Alito 000000001950 - 04 - 01 - 0000 April 1, 1950 Trenton, New Jersey George W. Bush 58 -- 42 55 7001670000000000000 ♠ 67 000000002006 - 01 - 31 - 0000 January 31, 2006 11 years, 8 months Circuit Judge, Court of Appeals for the Third Circuit ( 1990 -- 2006 ); U.S. Attorney for the District of New Jersey ( 1987 -- 1990 ); Deputy Assistant Attorney General ( 1985 -- 1987 ); Assistant to the Solicitor General ( 1981 -- 1985 ) Sandra Day O'Connor Sotomayor, Sonia Sonia Sotomayor 000000001954 - 06 - 25 - 0000 June 25, 1954 The Bronx, New York Obama, Barack Barack Obama 68 -- 31 55 7001630000000000000 ♠ 63 000000002009 - 08 - 08 - 0000 August 8, 2009 8 years, 2 months Circuit Judge, Court of Appeals for the Second Circuit ( 1998 -- 2009 ); District Judge, District Court for the Southern District of New York ( 1992 -- 1998 ) David Souter Kagan, Elena Elena Kagan 000000001960 - 04 - 28 - 0000 April 28, 1960 Manhattan, New York 63 -- 37 50 7001570000000000000 ♠ 57 000000002010 - 08 - 07 - 0000 August 7, 2010 7 years, 2 months Solicitor General of the United States ( 2009 -- 2010 ); Dean of Harvard Law School ( 2003 -- 2009 ); Associate White House Counsel ( 1995 -- 1999 ); Deputy Director of the Domestic Policy Council ( 1995 -- 1999 ); John Paul Stevens Gorsuch, Neil Neil Gorsuch 000000001967 - 08 - 29 - 0000 August 29, 1967 Denver, Colorado Trump, Donald Donald Trump 54 -- 45 49 7001500000000000000 ♠ 50 000000002017 - 04 - 10 - 0000 April 10, 2017 6 months and 19 days Circuit Judge, Court of Appeals for the Tenth Circuit ( 2006 -- 2017 ); Principal Deputy Associate Attorney General and Acting Associate Attorney General ( 2005 -- 2006 ); Antonin Scalia""}",nq,cot
retirement age of supreme court judges in usa,"Based on the provided context, there is **no mandatory retirement age** for Supreme Court justices in the",Supreme Court of the United States,735733759692996096,"{'short_answer': ""suggest lifetime tenure brings substantial benefits, such as impartiality and freedom from political pressure. Alexander Hamilton in Federalist 78 wrote `` nothing can contribute so much to its firmness and independence as permanency in office. ''"", 'long_answer': ""Critic Larry Sabato wrote: `` The insularity of lifetime tenure, combined with the appointments of relatively young attorneys who give long service on the bench, produces senior judges representing the views of past generations better than views of the current day. '' Sanford Levinson has been critical of justices who stayed in office despite medical deterioration based on longevity. James MacGregor Burns stated lifelong tenure has `` produced a critical time lag, with the Supreme Court institutionally almost always behind the times. '' Proposals to solve these problems include term limits for justices, as proposed by Levinson and Sabato as well as a mandatory retirement age proposed by Richard Epstein, among others. However, others suggest lifetime tenure brings substantial benefits, such as impartiality and freedom from political pressure. Alexander Hamilton in Federalist 78 wrote `` nothing can contribute so much to its firmness and independence as permanency in office. ''""}",nq,cot
how many judges are there in the united states supreme court,"Based on the provided context, the United States Supreme Court currently consists of **nine justices** (one Chief Justice and eight Associate Justices). This has been the statutory number since the Circuit Judges Act of 1869.

The text explicitly states: ""Number of positions: 9, by statute"" and ""The court is currently filled with nine justices.""",Supreme Court of the United States,4543417054170639917,"{'short_answer': 'six ``', 'long_answer': ""Article III of the United States Constitution does not specify the number of justices. The Judiciary Act of 1789 called for the appointment of six `` judges ''. Although an 1801 act would have reduced the size of the court to five members upon its next vacancy, an 1802 act promptly negated the 1801 act, legally restoring the court 's size to six members before any such vacancy occurred. As the nation 's boundaries grew, Congress added justices to correspond with the growing number of judicial circuits: seven in 1807, nine in 1837, and ten in 1863.""}",nq,cot
how can you remove a supreme court justice,"Based on the provided context, a Supreme Court justice can be removed in the following ways:

1. **Impeachment and conviction**: The Constitution states justices ""shall hold their offices during good behavior,"" which means they serve for life unless ""impeached and convicted by Congress."" The House of Representatives impeaches, and the Senate conducts the trial and votes on conviction.

2. **Resignation**: A justice may voluntarily resign from the bench.

3. **Retirement**: A justice may retire (which allows them to retain certain benefits and potentially sit on lower courts).

**Important notes from the text:**
- Only one justice has ever been impeached (Samuel Chase in 1804), but he was acquitted by the Senate in 1805.
- No justice has ever been removed through impeachment.
- ""No mechanism exists for removing a justice who is permanently incapacitated by illness or injury, but unable (or unwilling) to resign.""",Supreme Court of the United States,-2961670855418829569,"{'short_answer': 'impeachment (', 'long_answer': ""According to federal statute, the Court normally consists of the Chief Justice of the United States and eight associate justices who are nominated by the President and confirmed by the Senate. Once appointed, justices have lifetime tenure unless they resign, retire, or are removed after impeachment ( though no justice has ever been removed ). In modern discourse, the justices are often categorized as having conservative, moderate, or liberal philosophies of law and of judicial interpretation. Each justice has one vote, and it is worth noting that while a far greater number of cases in recent history have been decided unanimously, decisions in cases of the highest profile have often come down to just one single vote, thereby exposing the justices ' ideological beliefs that track with those philosophical or political categories. The Court meets in the Supreme Court Building in Washington, D.C.""}",nq,cot
who are the current supreme court justices 2017,"Based on the provided context, the nine Supreme Court justices serving in 2017 (after Neil Gorsuch's confirmation on April 7, 2017) were:

1. **John Roberts** (Chief Justice) - appointed by George W. Bush
2. **Anthony Kennedy** - appointed by Ronald Reagan
3. **Clarence Thomas** - appointed by George H.W. Bush
4. **Ruth Bader Ginsburg** - appointed by Bill Clinton
5. **Stephen Breyer** - appointed by Bill Clinton
6. **Samuel Alito** - appointed by George W. Bush
7. **Sonia Sotomayor** - appointed by Barack Obama
8.",Supreme Court of the United States,-3286674585604525369,"{'short_answer': 'John Roberts (', 'long_answer': ""Name Birth Appointed by Senate confirmation vote Age at appointment Current age First day / Length of service Previous positions Succeeded Roberts, John John Roberts ( Chief Justice ) 000000001955 - 01 - 27 - 0000 January 27, 1955 Buffalo, New York Bush, George W. George W. Bush 78 -- 22 50 7004231340000000000 ♠ 63 000000002005 - 09 - 29 - 0000 September 29, 2005 12 years, 8 months Circuit Judge, Court of Appeals for the D.C. Circuit ( 2003 -- 2005 ); Principal Deputy Solicitor General ( 1989 -- 1993 ); Associate Counsel to the President ( 1982 -- 1986 ) William Rehnquist Kennedy, Anthony Anthony Kennedy 000000001936 - 07 - 23 - 0000 July 23, 1936 Sacramento, California Reagan, Ronald Ronald Reagan 97 -- 0 51 7004298960000000000 ♠ 81 000000001988 - 02 - 18 - 0000 February 18, 1988 30 years, 3 months Circuit Judge, Court of Appeals for the Ninth Circuit ( 1975 -- 1988 ); Private practice ( 1963 -- 1975 ) Lewis Powell Thomas, Clarence Clarence Thomas 000000001948 - 06 - 23 - 0000 June 23, 1948 Pin Point, Georgia Bush, George H.W. George H.W. Bush 52 -- 48 43 7004255430000000000 ♠ 69 000000001991 - 10 - 23 - 0000 October 23, 1991 26 years, 7 months Circuit Judge, Court of Appeals for the D.C. Circuit ( 1990 -- 1991 ); Chairman, Equal Employment Opportunity Commission ( 1982 -- 1990 ); Assistant Attorney General in Missouri under State Attorney General John Danforth ( 1974 -- 1977 ) Thurgood Marshall Ginsburg, Ruth Bader Ruth Bader Ginsburg 000000001933 - 03 - 15 - 0000 March 15, 1933 Brooklyn, New York Clinton, Bill Bill Clinton 96 -- 3 60 7004311220000000000 ♠ 85 000000001993 - 08 - 10 - 0000 August 10, 1993 24 years, 9 months Circuit Judge, Court of Appeals for the D.C. Circuit ( 1980 -- 1993 ); General Counsel, American Civil Liberties Union ( 1973 -- 1980 ) Byron White Breyer, Stephen Stephen Breyer 000000001938 - 08 - 15 - 0000 August 15, 1938 San Francisco, California 87 -- 9 55 7004291430000000000 ♠ 79 000000001994 - 08 - 03 - 0000 August 3, 1994 23 years, 9 months Chief Judge, Court of Appeals for the First Circuit ( 1990 -- 1994 ); Circuit Judge, Court of Appeals for the First Circuit ( 1980 -- 1990 ) Harry Blackmun Alito, Samuel Samuel Alito 000000001950 - 04 - 01 - 0000 April 1, 1950 Trenton, New Jersey George W. Bush 58 -- 42 55 7004248960000000000 ♠ 68 000000002006 - 01 - 31 - 0000 January 31, 2006 12 years, 3 months Circuit Judge, Court of Appeals for the Third Circuit ( 1990 -- 2006 ); U.S. Attorney for the District of New Jersey ( 1987 -- 1990 ); Deputy Assistant Attorney General ( 1985 -- 1987 ); Assistant to the Solicitor General ( 1981 -- 1985 ) Sandra Day O'Connor Sotomayor, Sonia Sonia Sotomayor 000000001954 - 06 - 25 - 0000 June 25, 1954 The Bronx, New York Obama, Barack Barack Obama 68 -- 31 55 7004233500000000000 ♠ 63 000000002009 - 08 - 08 - 0000 August 8, 2009 8 years, 9 months Circuit Judge, Court of Appeals for the Second Circuit ( 1998 -- 2009 ); District Judge, District Court for the Southern District of New York ( 1992 -- 1998 ) David Souter Kagan, Elena Elena Kagan 000000001960 - 04 - 28 - 0000 April 28, 1960 Manhattan, New York 63 -- 37 50 7004212160000000000 ♠ 58 000000002010 - 08 - 07 - 0000 August 7, 2010 7 years, 9 months Solicitor General of the United States ( 2009 -- 2010 ); Dean of Harvard Law School ( 2003 -- 2009 ); Associate White House Counsel ( 1995 -- 1999 ); Deputy Director of the Domestic Policy Council ( 1995 -- 1999 ); John Paul Stevens Gorsuch, Neil Neil Gorsuch 000000001967 - 08 - 29 - 0000 August 29, 1967 Denver, Colorado Trump, Donald Donald Trump 54 -- 45 49 7004185370000000000 ♠ 50 000000002017 - 04 - 10 - 0000 April 10, 2017 1 year, 1 month Circuit Judge, Court of Appeals for the Tenth Circuit ( 2006 -- 2017 ); Principal Deputy Associate Attorney General and Acting Associate Attorney General ( 2005 -- 2006 ); Antonin Scalia""}",nq,cot
who is the actual president of the supreme court of justice,"Based on the provided context, the United States Supreme Court does not have a ""president"" – it has a **Chief Justice of the United States**.

**Currently, the Chief Justice is John G. Roberts Jr.**, who has held the position since September 29, 2005.

The context states: *""Chief Justice of the United States Currently John G. Roberts Since September 29, 2005""* and *""According to federal statute, the Court normally consists of the Chief Justice of the United States and eight associate justices...""*",Supreme Court of the United States,-7286551317454758217,"{'short_answer': 'John G. Roberts', 'long_answer': ""Supreme Court of the United States Established March 4, 1789 ( 228 years ago ) ( 1789 - 03 - 04 ) Country United States Location Washington, D.C., United States Coordinates 38 ° 53 ′ 26 '' N 77 ° 00 ′ 16 '' W \ufeff / \ufeff 38.89056 ° N 77.00444 ° W \ufeff / 38.89056; - 77.00444 Coordinates: 38 ° 53 ′ 26 '' N 77 ° 00 ′ 16 '' W \ufeff / \ufeff 38.89056 ° N 77.00444 ° W \ufeff / 38.89056; - 77.00444 Composition method Presidential nomination with Senate confirmation Authorized by United States Constitution Judge term length Life tenure No. of positions 9, by statute Website www.supremecourt.gov Chief Justice of the United States Currently John G. Roberts Since September 29, 2005""}",nq,cot
how many supreme court judges are there in usa,"Based on the provided context, there are **nine** Supreme Court justices in the United States.

The context states multiple times:
- ""According to federal statute, the Court normally consists of the Chief Justice of the United States and eight associate justices""
- ""The court is currently filled with nine justices""
- ""Number of positions: 9, by statute"" (in the infobox)
- ""In 1869, however, the Circuit Judges Act returned the number of justices to nine, where it has since remained""

This consists of one Chief Justice and eight Associate Justices, totaling nine justices.",Supreme Court of the United States,7798718635369108427,"{'short_answer': '', 'long_answer': ""According to federal statute, the Court normally consists of the Chief Justice of the United States and eight associate justices who are nominated by the President and confirmed by the Senate. Once appointed, justices have lifetime tenure unless they resign, retire, or are removed after impeachment. In modern discourse, the justices are often categorized as having conservative, moderate, or liberal philosophies of law and of judicial interpretation. Each justice has one vote, and while a far greater number of cases in recent history have been decided unanimously, decisions in cases of the highest profile have often come down to just one single vote, thereby exposing the justices ' ideological beliefs that track with those philosophical or political categories. The Court meets in the Supreme Court Building in Washington, D.C.""}",nq,cot
what is the makeup of the supreme court,"Based on the provided context, the makeup of the Supreme Court can be described in two ways:

**Structural Composition:**
- The Court consists of **9 positions** by federal statute: **1 Chief Justice** and **8 Associate Justices**
- Justices are nominated by the President and confirmed by the Senate
- They serve **life tenure** (unless they resign, retire, or are removed via impeachment)

**Ideological/Political Composition (as of 2017, following Neil Gorsuch's confirmation):**
- **5 justices appointed by Republican presidents** (considered the conservative wing):
  - Chief Justice John G. Roberts
  - Justice Clarence Thomas
  - Justice Samuel Alito
  - Justice Neil Gorsuch
  - Justice Anthony Kennedy (appointed by Reagan, described as ""a conservative who has occasionally voted with liberals"" and often the swing vote)

- **4",Supreme Court of the United States,4271086757818628997,"{'short_answer': '', 'long_answer': ""Name Birth Appointed by Senate confirmation vote Age at appointment Current age First day / Length of service Previous positions Succeeded Roberts, John John Roberts ( Chief Justice ) 000000001955 - 01 - 27 - 0000 January 27, 1955 Buffalo, New York Bush, George W. George W. Bush 78 -- 22 50 7001630000000000000 ♠ 63 000000002005 - 09 - 29 - 0000 September 29, 2005 12 years, 4 months Circuit Judge, Court of Appeals for the D.C. Circuit ( 2003 -- 2005 ); Principal Deputy Solicitor General ( 1989 -- 1993 ); Associate Counsel to the President ( 1982 -- 1986 ) William Rehnquist Kennedy, Anthony Anthony Kennedy 000000001936 - 07 - 23 - 0000 July 23, 1936 Sacramento, California Reagan, Ronald Ronald Reagan 97 -- 0 51 7001810000000000000 ♠ 81 000000001988 - 02 - 18 - 0000 February 18, 1988 30 years Circuit Judge, Court of Appeals for the Ninth Circuit ( 1975 -- 1988 ); Private practice ( 1963 -- 1975 ) Lewis Powell Thomas, Clarence Clarence Thomas 000000001948 - 06 - 23 - 0000 June 23, 1948 Pin Point, Georgia Bush, George H.W. George H.W. Bush 52 -- 48 43 7001690000000000000 ♠ 69 000000001991 - 10 - 23 - 0000 October 23, 1991 26 years, 3 months Circuit Judge, Court of Appeals for the D.C. Circuit ( 1990 -- 1991 ); Chairman, Equal Employment Opportunity Commission ( 1982 -- 1990 ); Assistant Attorney General in Missouri under State Attorney General John Danforth ( 1974 -- 1977 ) Thurgood Marshall Ginsburg, Ruth Bader Ruth Bader Ginsburg 000000001933 - 03 - 15 - 0000 March 15, 1933 Brooklyn, New York Clinton, Bill Bill Clinton 96 -- 3 60 7001840000000000000 ♠ 84 000000001993 - 08 - 10 - 0000 August 10, 1993 24 years, 6 months Circuit Judge, Court of Appeals for the D.C. Circuit ( 1980 -- 1993 ); General Counsel, American Civil Liberties Union ( 1973 -- 1980 ) Byron White Breyer, Stephen Stephen Breyer 000000001938 - 08 - 15 - 0000 August 15, 1938 San Francisco, California 87 -- 9 55 7001790000000000000 ♠ 79 000000001994 - 08 - 03 - 0000 August 3, 1994 23 years, 6 months Chief Judge, Court of Appeals for the First Circuit ( 1990 -- 1994 ); Circuit Judge, Court of Appeals for the First Circuit ( 1980 -- 1990 ) Harry Blackmun Alito, Samuel Samuel Alito 000000001950 - 04 - 01 - 0000 April 1, 1950 Trenton, New Jersey George W. Bush 58 -- 42 55 7001670000000000000 ♠ 67 000000002006 - 01 - 31 - 0000 January 31, 2006 12 years Circuit Judge, Court of Appeals for the Third Circuit ( 1990 -- 2006 ); U.S. Attorney for the District of New Jersey ( 1987 -- 1990 ); Deputy Assistant Attorney General ( 1985 -- 1987 ); Assistant to the Solicitor General ( 1981 -- 1985 ) Sandra Day O'Connor Sotomayor, Sonia Sonia Sotomayor 000000001954 - 06 - 25 - 0000 June 25, 1954 The Bronx, New York Obama, Barack Barack Obama 68 -- 31 55 7001630000000000000 ♠ 63 000000002009 - 08 - 08 - 0000 August 8, 2009 8 years, 6 months Circuit Judge, Court of Appeals for the Second Circuit ( 1998 -- 2009 ); District Judge, District Court for the Southern District of New York ( 1992 -- 1998 ) David Souter Kagan, Elena Elena Kagan 000000001960 - 04 - 28 - 0000 April 28, 1960 Manhattan, New York 63 -- 37 50 7001570000000000000 ♠ 57 000000002010 - 08 - 07 - 0000 August 7, 2010 7 years, 6 months Solicitor General of the United States ( 2009 -- 2010 ); Dean of Harvard Law School ( 2003 -- 2009 ); Associate White House Counsel ( 1995 -- 1999 ); Deputy Director of the Domestic Policy Council ( 1995 -- 1999 ); John Paul Stevens Gorsuch, Neil Neil Gorsuch 000000001967 - 08 - 29 - 0000 August 29, 1967 Denver, Colorado Trump, Donald Donald Trump 54 -- 45 49 7001500000000000000 ♠ 50 000000002017 - 04 - 10 - 0000 April 10, 2017 10 months and 10 days Circuit Judge, Court of Appeals for the Tenth Circuit ( 2006 -- 2017 ); Principal Deputy Associate Attorney General and Acting Associate Attorney General ( 2005 -- 2006 ); Antonin Scalia""}",nq,cot
who is the youngest judge currently sitting on the u.s. supreme court,"Based on the provided context, **Neil Gorsuch** is the youngest justice currently sitting on the U.S. Supreme Court.

According to the membership table, Gorsuch was born on **August 29, 1967**, making him **56 years old** at the time of the data compilation. The next youngest justices are John Roberts and Sonia Sotomayor (both 69), followed by",Supreme Court of the United States,4306251832362961541,"{'short_answer': 'Neil Gorsuch August', 'long_answer': ""Justice / Birthdate and place Appointed by SCV Age at Start date / Length of service Previous position Succeeded Start Present John Roberts January 27, 1955 Buffalo, New York G.W. Bush 78 -- 22 50 7004232870000000000 ♠ 63 September 29, 2005 7003477900000000000 ♠ 13 years, 31 days Circuit Judge, Court of Appeals for the D.C. Circuit ( 2003 -- 2005 ) Rehnquist Clarence Thomas June 23, 1948 Pin Point, Georgia G.H.W. Bush 52 -- 48 43 7004256960000000000 ♠ 70 October 23, 1991 7003986900000000000 ♠ 27 years, 7 days Circuit Judge, Court of Appeals for the D.C. Circuit ( 1990 -- 1991 ) Marshall Ruth Bader Ginsburg March 15, 1933 Brooklyn, New York Clinton 96 -- 3 60 7004312750000000000 ♠ 85 August 10, 1993 7003921200000000000 ♠ 25 years, 81 days Circuit Judge, Court of Appeals for the D.C. Circuit ( 1980 -- 1993 ) White Stephen Breyer August 15, 1938 San Francisco, California Clinton 87 -- 9 55 7004292960000000000 ♠ 80 August 3, 1994 7003885400000000000 ♠ 24 years, 88 days Chief Judge, Court of Appeals for the First Circuit ( 1990 -- 1994 ) Blackmun Samuel Alito April 1, 1950 Trenton, New Jersey G.W. Bush 58 -- 42 55 7004250490000000000 ♠ 68 January 31, 2006 7003465500000000000 ♠ 12 years, 272 days Circuit Judge, Court of Appeals for the Third Circuit ( 1990 -- 2006 ) O'Connor Sonia Sotomayor June 25, 1954 The Bronx, New York Obama 68 -- 31 55 7004235030000000000 ♠ 64 August 8, 2009 7003337000000000000 ♠ 9 years, 83 days Circuit Judge, Court of Appeals for the Second Circuit ( 1998 -- 2009 ) Souter Elena Kagan April 28, 1960 Manhattan, New York Obama 63 -- 37 50 7004213690000000000 ♠ 58 August 7, 2010 7003300800000000000 ♠ 8 years, 86 days Solicitor General of the United States ( 2009 -- 2010 ) Stevens Neil Gorsuch August 29, 1967 Denver, Colorado Trump 54 -- 45 49 7004186900000000000 ♠ 51 April 10, 2017 7002568000000000000 ♠ 1 year, 203 days Circuit Judge, Court of Appeals for the Tenth Circuit ( 2006 -- 2017 ) Scalia Brett Kavanaugh February 12, 1965 Washington, D.C. Trump 50 -- 48 53 7004196180000000000 ♠ 53 October 6, 2018 7001240000000000000 ♠ 24 days Circuit Judge, Court of Appeals for the D.C. Circuit ( 2006 -- 2018 ) Kennedy Source:""}",nq,cot
when did the us supreme court have 9 justices,"Based on the provided text, the U.S. Supreme Court has had 9 justices at two different periods:

1. **First time (1837-1863)**: Congress increased the Court to 9",Supreme Court of the United States,1025571073910974662,"{'short_answer': '1869,', 'long_answer': 'In 1866, at the behest of Chief Justice Chase, Congress passed an act providing that the next three justices to retire would not be replaced, which would thin the bench to seven justices by attrition. Consequently, one seat was removed in 1866 and a second in 1867. In 1869, however, the Circuit Judges Act returned the number of justices to nine, where it has since remained.'}",nq,cot
how many judges currently serve on the supreme court,"Based on the provided context, the Supreme Court currently has **nine justices**. This is explicitly stated in multiple places:

1. ""The court is currently filled with nine justices.""
2. ""The Court currently has six men and three women justices"" (6 + 3 = 9)
3. ""Following the confirmation of Neil Gorsuch in 2017, the Court consists of five justices appointed by Republican presidents and four appointed by Democratic presidents"" (5 + 4 = 9)
4. The list of current justices includes nine names: John Roberts, Anthony Kennedy, Clarence Thomas, Ruth Bader Ginsburg, Stephen Breyer, Samuel Alito, Sonia Sotomayor, Elena Kagan, and Neil Gorsuch.

The context also notes that since 1869, the Circuit Judges Act set the number of justices at nine, where it has remained.",Supreme Court of the United States,2525993732159637135,"{'short_answer': 'nine Justices', 'long_answer': 'The court is currently filled with nine Justices. The most recent justice to join to the court was Neil Gorsuch, who was nominated by President Donald Trump on January 31, 2017, and confirmed on April 7, 2017, by the U.S. Senate.'}",nq,cot
how old are each of the supreme court justices,,Supreme Court of the United States,2606671969689594205,"{'short_answer': '', 'long_answer': ""Name Date of birth Appointed by Senate confirmation vote Age at appointment Current age First day / Length of service Previous positions Succeeded Roberts, John John Roberts ( Chief Justice ) 000000001955 - 01 - 27 - 0000 January 27, 1955 Buffalo, New York Bush, George W. George W. Bush 78 -- 22 50 7001620000000000000 ♠ 62 000000002005 - 09 - 29 - 0000 September 29, 2005 11 years, 11 months Circuit Judge, Court of Appeals for the D.C. Circuit ( 2003 -- 2005 ); Principal Deputy Solicitor General ( 1989 -- 1993 ); Associate Counsel to the President ( 1982 -- 1986 ) William Rehnquist Kennedy, Anthony Anthony Kennedy 000000001936 - 07 - 23 - 0000 July 23, 1936 Sacramento, California Reagan, Ronald Ronald Reagan 97 -- 0 51 7001810000000000000 ♠ 81 000000001988 - 02 - 18 - 0000 February 18, 1988 29 years, 7 months Circuit Judge, Court of Appeals for the Ninth Circuit ( 1975 -- 1988 ); Private practice ( 1963 -- 1975 ) Lewis Powell Thomas, Clarence Clarence Thomas 000000001948 - 06 - 23 - 0000 June 23, 1948 Pin Point, Georgia Bush, George H.W. George H.W. Bush 52 -- 48 43 7001690000000000000 ♠ 69 000000001991 - 10 - 23 - 0000 October 23, 1991 25 years, 10 months Circuit Judge, Court of Appeals for the D.C. Circuit ( 1990 -- 1991 ); Chairman, Equal Employment Opportunity Commission ( 1982 -- 1990 ); Assistant Attorney General in Missouri under State Attorney General John Danforth ( 1974 -- 1977 ) Thurgood Marshall Ginsburg, Ruth Bader Ruth Bader Ginsburg 000000001933 - 03 - 15 - 0000 March 15, 1933 Brooklyn, New York Clinton, Bill Bill Clinton 96 -- 3 60 7001840000000000000 ♠ 84 000000001993 - 08 - 10 - 0000 August 10, 1993 24 years, 1 month Circuit Judge, Court of Appeals for the D.C. Circuit ( 1980 -- 1993 ); General Counsel, American Civil Liberties Union ( 1973 -- 1980 ) Breyer, Stephen Stephen Breyer 000000001938 - 08 - 15 - 0000 August 15, 1938 San Francisco, California 87 -- 9 55 7001790000000000000 ♠ 79 000000001994 - 08 - 03 - 0000 August 3, 1994 23 years, 1 month Chief Judge, Court of Appeals for the First Circuit ( 1990 -- 1994 ); Circuit Judge, Court of Appeals for the First Circuit ( 1980 -- 1990 ) Harry Blackmun Alito, Samuel Samuel Alito 000000001950 - 04 - 01 - 0000 April 1, 1950 Trenton, New Jersey George W. Bush 58 -- 42 55 7001670000000000000 ♠ 67 000000002006 - 01 - 31 - 0000 January 31, 2006 11 years, 7 months Circuit Judge, Court of Appeals for the Third Circuit ( 1990 -- 2006 ); U.S. Attorney for the District of New Jersey ( 1987 -- 1990 ); Deputy Assistant Attorney General ( 1985 -- 1987 ); Assistant to the Solicitor General ( 1981 -- 1985 ) Sandra Day O'Connor Sotomayor, Sonia Sonia Sotomayor 000000001954 - 06 - 25 - 0000 June 25, 1954 The Bronx, New York Obama, Barack Barack Obama 68 -- 31 55 7001630000000000000 ♠ 63 000000002009 - 08 - 08 - 0000 August 8, 2009 8 years, 1 month Circuit Judge, Court of Appeals for the Second Circuit ( 1998 -- 2009 ); District Judge, District Court for the Southern District of New York ( 1992 -- 1998 ) David Souter Kagan, Elena Elena Kagan 000000001960 - 04 - 28 - 0000 April 28, 1960 Manhattan, New York 63 -- 37 50 7001570000000000000 ♠ 57 000000002010 - 08 - 07 - 0000 August 7, 2010 7 years, 1 month Solicitor General of the United States ( 2009 -- 2010 ); Dean of Harvard Law School ( 2003 -- 2009 ); Associate White House Counsel ( 1995 -- 1999 ); Deputy Director of the Domestic Policy Council ( 1995 -- 1999 ); John Paul Stevens Gorsuch, Neil Neil Gorsuch 000000001967 - 08 - 29 - 0000 August 29, 1967 Denver, Colorado Trump, Donald Donald Trump 54 -- 45 49 7001500000000000000 ♠ 50 000000002017 - 04 - 10 - 0000 April 10, 2017 163 days Circuit Judge, Court of Appeals for the Tenth Circuit ( 2006 -- 2017 ); Principal Deputy Associate Attorney General and Acting Associate Attorney General ( 2005 -- 2006 ); Antonin Scalia""}",nq,cot
what is the term for the supreme court,"Based on the provided context, Supreme Court justices serve **life tenure** (also described as ""during good behavior"" per Article Three of the Constitution). They hold their positions for life unless they resign, retire, or are removed through impeachment (though no justice has ever been removed).",Supreme Court of the United States,1920975387925916537,"{'short_answer': '', 'long_answer': ""A term of the Supreme Court commences on the first Monday of each October, and continues until June or early July of the following year. Each term consists of alternating periods of around two weeks known as `` sittings '' and `` recesses. '' Justices hear cases and deliver rulings during sittings; they discuss cases and write opinions during recesses.""}",nq,cot
when can the supreme court justices be removed,"Based on the provided context, Supreme Court justices can be removed in the following ways:

1. **Impeachment and conviction by Congress** - The Constitution states justices ""shall hold their offices during good behavior,"" which means they serve for life unless impeached by the House of Representatives and convicted by the Senate. Only one justice (Samuel Chase in 1804) has ever been impeached, but he was acquitted by the Senate.

2. **Resignation** - A justice may voluntarily resign from the bench.

3. **Retirement** - A justice may retire from active service.

The text explicitly notes: ""No mechanism exists for removing a justice who is permanently incapacitated by illness or injury, but unable (or unwilling) to resign.""",Supreme Court of the United States,2698192755634040121,"{'short_answer': 'after impeachment (', 'long_answer': ""According to federal statute, the Court normally consists of the Chief Justice of the United States and eight associate justices who are nominated by the President and confirmed by the Senate. Once appointed, justices have lifetime tenure unless they resign, retire, or are removed after impeachment ( though no justice has ever been removed ). In modern discourse, the justices are often categorized as having conservative, moderate, or liberal philosophies of law and of judicial interpretation. Each justice has one vote, and it is worth noting while a far greater number of cases in recent history have been decided unanimously, decisions in cases of the highest profile have come down to just one single vote, thereby exposing the justices ' ideological beliefs that track with those philosophical or political categories. The Court meets in the Supreme Court Building in Washington, D.C.""}",nq,cot
what is the name of the highest most important court in the us,The Supreme Court of the United States (often referred to as SCOTUS) is the highest federal court in the United States.,Supreme Court of the United States,-7376862590321764755,"{'short_answer': 'Supreme Court of the United States is', 'long_answer': 'The Supreme Court of the United States is the highest federal court of the United States. Established pursuant to Article Three of the United States Constitution in 1789, it has ultimate ( and largely discretionary ) appellate jurisdiction over all federal courts and state court cases involving issues of federal law plus original jurisdiction over a small range of cases. In the legal system of the United States, the Supreme Court is generally the final interpreter of federal law including the United States Constitution, but it may act only within the context of a case in which it has jurisdiction. The Court may decide cases having political overtones but does not have power to decide nonjusticiable political questions, and its enforcement arm is in the executive rather than judicial branch of government.'}",nq,cot
when was the courts size fixed at nine justices,"Based on the provided text, the Supreme Court's size was fixed at nine justices in **1869** by the Circuit Judges Act. The text states: ""In 1869, however, the Circuit Judges Act returned the number of justices to nine, where it has since remained.""",Supreme Court of the United States,-2072028062443731968,"{'short_answer': '1869,', 'long_answer': 'In 1866, at the behest of Chief Justice Chase, Congress passed an act providing that the next three justices to retire would not be replaced, which would thin the bench to seven justices by attrition. Consequently, one seat was removed in 1866 and a second in 1867. In 1869, however, the Circuit Judges Act returned the number of justices to nine, where it has since remained.'}",nq,cot
is there a constitutional limit on the number of supreme court justices,"Based on the provided context, **no, there is no constitutional limit on the number of Supreme Court justices.**

The text explicitly states: **""Article III of the United States Constitution does not specify the number of justices.""** 

Instead, the size of the Court is set by federal statute (starting with the Judiciary Act of 1789, which set it at six), and Congress has changed the number several times throughout history (ranging from five to ten) before settling on the current nine in 1869.",Supreme Court of the United States,-2724342520407536212,"{'short_answer': '', 'long_answer': ""Article III of the United States Constitution does not specify the number of justices. The Judiciary Act of 1789 called for the appointment of six `` judges. '' Although an 1801 act would have reduced the size of the court to five members upon its next vacancy, an 1802 act promptly negated the 1801 act, legally restoring the court 's size to six members before any such vacancy occurred. As the nation 's boundaries grew, Congress added justices to correspond with the growing number of judicial circuits: seven in 1807, nine in 1837, and ten in 1863.""}",nq,cot
what are the qualifications for being a us supreme court justice,"Based on the provided context, the U.S. Constitution sets **no qualifications** for service as a Supreme Court justice. As stated in the text:

> ""Because the Constitution sets no qualifications for service as a justice, a president may nominate anyone to serve, subject to Senate confirmation.""

The only requirements are:
1. Nomination by the President
2. Confirmation by the Senate

There are no constitutional requirements regarding age, education, profession, citizenship, or prior judicial experience.",Supreme Court of the United States,4163474915705102559,"{'short_answer': 'the Constitution sets no qualifications for', 'long_answer': ""The U.S. Constitution states that the President `` shall nominate, and by and with the Advice and Consent of the Senate, shall appoint Judges of the Supreme Court. '' Most presidents nominate candidates who broadly share their ideological views, although a justice 's decisions may end up being contrary to a president 's expectations. Because the Constitution sets no qualifications for service as a justice, a president may nominate anyone to serve, subject to Senate confirmation.""}",nq,cot
how many supreme court justice's are there,"Based on the context provided, there are **9 Supreme Court justices** (1 Chief Justice and 8 Associate Justices).

This is confirmed in multiple places in the text:
- ""According to federal statute, the Court normally consists of the Chief Justice of the United States and eight associate justices""
- ""Number of positions 9, by statute"" (in the infobox)
- ""The court is currently filled with nine justices.""
- ""In 1869, however, the Circuit Judges Act returned the number of justices to nine, where it has since remained.""",Supreme Court of the United States,3497881884726350261,"{'short_answer': '9,', 'long_answer': ""Supreme Court of the United States Established March 4, 1789 ( 228 years ago ) ( 1789 - 03 - 04 ) Country United States Location Washington, D.C., United States Coordinates 38 ° 53 ′ 26 '' N 77 ° 00 ′ 16 '' W \ufeff / \ufeff 38.89056 ° N 77.00444 ° W \ufeff / 38.89056; - 77.00444 Coordinates: 38 ° 53 ′ 26 '' N 77 ° 00 ′ 16 '' W \ufeff / \ufeff 38.89056 ° N 77.00444 ° W \ufeff / 38.89056; - 77.00444 Composition method Presidential nomination with Senate confirmation Authorized by United States Constitution Judge term length Life tenure No. of positions 9, by statute Website www.supremecourt.gov Chief Justice of the United States Currently John G. Roberts Since September 29, 2005""}",nq,cot
what is the supreme court of the united states,"The Supreme Court of the United States (SCOTUS) is the **highest federal court** in the United States. Key facts from the context:

*   **Established:** 1789, pursuant to **Article Three of the U.S. Constitution**.
*   **Role:** It is the **final interpreter of federal law and the Constitution**. It has ultimate (largely discretionary) **appellate jurisdiction** over all federal courts and state court cases involving federal law, plus **original jurisdiction** over a small range of cases (primarily disputes between states).
*   **Composition:** By statute, it consists of the **Chief Justice** and **eight Associate Justices** (total of 9).
*   **Appointment:** Justices are **nominated by the President** and **confirmed by the Senate**.
*   **Tenure:** **Life tenure** (serve until resignation, retirement, death, or impeachment/removal).
*   **Location:** Supreme Court Building in **Washington, D.C.**",Supreme Court of the United States,1477913436766731405,"{'short_answer': 'the highest federal court of the United States.', 'long_answer': 'The Supreme Court of the United States ( sometimes colloquially referred to by the acronym SCOTUS ) is the highest federal court of the United States. Established pursuant to Article Three of the United States Constitution in 1789, it has ultimate ( and largely discretionary ) appellate jurisdiction over all federal courts and state court cases, involving issues of federal law plus original jurisdiction over a small range of cases. In the legal system of the United States, the Supreme Court is generally the final interpreter of federal law including the United States Constitution, but it may act only within the context of a case in which it has jurisdiction. The Court may decide cases having political overtones, but does not have power to decide nonjusticiable political questions, and its enforcement arm is in the executive rather than judicial branch of government.'}",nq,cot
how long do supreme court justices hold their jobs,"Based on the provided context, Supreme Court justices hold their offices **for life** (during ""good behavior""), unless they:

1. **Resign** voluntarily
2. **Retire** (once they meet age and service requirements)
3. **Are impeached and convicted by Congress**

The Constitution states that justices ""shall hold their offices during good behavior,"" which is understood to mean they may serve for the remainder of their lives. This gives them **indefinite tenure**, making the timing of vacancies unpredictable.",Supreme Court of the United States,-2639600741664337298,"{'short_answer': 'lifetime tenure unless they resign, retire, or are removed after impeachment ( though no justice has ever been removed ).', 'long_answer': ""According to federal statute, the Court normally consists of the Chief Justice of the United States and eight associate justices who are nominated by the President and confirmed by the Senate. Once appointed, justices have lifetime tenure unless they resign, retire, or are removed after impeachment ( though no justice has ever been removed ). In modern discourse, the justices are often categorized as having conservative, moderate, or liberal philosophies of law and of judicial interpretation. Each justice has one vote, and it is worth noting while a far greater number of cases in recent history have been decided unanimously, decisions in cases of the highest profile have come down to just one single vote, thereby exposing the justices ' ideological beliefs that track with those philosophical or political categories. The Court meets in the Supreme Court Building in Washington, D.C.""}",nq,cot
list of current supreme court justices and their ages,"Based on the provided context (which appears to be from 2017), here are the current Supreme Court justices and their ages at that time:

**Current Justices (as of 2017):**

1. **John Roberts** (Chief Justice) - Age 69 (born January 27, 1955)
2. **Anthony Kennedy** - Age 87 (born July",Supreme Court of the United States,2451661517328217275,"{'short_answer': '', 'long_answer': ""Name Birth Appointed by Senate confirmation vote Age at appointment Current age First day / Length of service Previous positions Succeeded John Roberts ( Chief Justice ) January 27, 1955 Buffalo, New York George W. Bush 78 -- 22 50 7004232080000000000 ♠ 63 September 29, 2005 12 years, 10 months Circuit Judge, Court of Appeals for the D.C. Circuit ( 2003 -- 2005 ); Principal Deputy Solicitor General ( 1989 -- 1993 ); Associate Counsel to the President ( 1982 -- 1986 ) William Rehnquist Clarence Thomas June 23, 1948 Pin Point, Georgia George H.W. Bush 52 -- 48 43 7004256170000000000 ♠ 70 October 23, 1991 26 years, 9 months Circuit Judge, Court of Appeals for the D.C. Circuit ( 1990 -- 1991 ); Chairman, Equal Employment Opportunity Commission ( 1982 -- 1990 ); Assistant Attorney General in Missouri under State Attorney General John Danforth ( 1974 -- 1977 ) Thurgood Marshall Ruth Bader Ginsburg March 15, 1933 Brooklyn, New York Bill Clinton 96 -- 3 60 7004311960000000000 ♠ 85 August 10, 1993 25 years Circuit Judge, Court of Appeals for the D.C. Circuit ( 1980 -- 1993 ); General Counsel, American Civil Liberties Union ( 1973 -- 1980 ) Byron White Stephen Breyer August 15, 1938 San Francisco, California 87 -- 9 55 7004292170000000000 ♠ 79 August 3, 1994 24 years Chief Judge, Court of Appeals for the First Circuit ( 1990 -- 1994 ); Circuit Judge, Court of Appeals for the First Circuit ( 1980 -- 1990 ) Harry Blackmun Samuel Alito April 1, 1950 Trenton, New Jersey George W. Bush 58 -- 42 55 7004249700000000000 ♠ 68 January 31, 2006 12 years, 6 months Circuit Judge, Court of Appeals for the Third Circuit ( 1990 -- 2006 ); U.S. Attorney for the District of New Jersey ( 1987 -- 1990 ); Deputy Assistant Attorney General ( 1985 -- 1987 ); Assistant to the Solicitor General ( 1981 -- 1985 ) Sandra Day O'Connor Sonia Sotomayor June 25, 1954 The Bronx, New York Barack Obama 68 -- 31 55 7004234240000000000 ♠ 64 August 8, 2009 9 years Circuit Judge, Court of Appeals for the Second Circuit ( 1998 -- 2009 ); District Judge, District Court for the Southern District of New York ( 1992 -- 1998 ) David Souter Elena Kagan April 28, 1960 Manhattan, New York 63 -- 37 50 7004212900000000000 ♠ 58 August 7, 2010 8 years Solicitor General of the United States ( 2009 -- 2010 ); Dean of Harvard Law School ( 2003 -- 2009 ); Associate White House Counsel ( 1995 -- 1999 ); Deputy Director of the Domestic Policy Council ( 1995 -- 1999 ) John Paul Stevens Neil Gorsuch August 29, 1967 Denver, Colorado Donald Trump 54 -- 45 49 7004186110000000000 ♠ 50 April 10, 2017 1 year, 4 months Circuit Judge, Court of Appeals for the Tenth Circuit ( 2006 -- 2017 ); Principal Deputy Associate Attorney General and Acting Associate Attorney General ( 2005 -- 2006 ) Antonin Scalia Vacant Anthony Kennedy Vacancy""}",nq,cot
can a member of the supreme court be removed,"Based on the provided context, **yes, a Supreme Court justice can be removed, but only through impeachment and conviction by Congress.**

The Constitution states that justices ""shall hold their offices during good behavior,"" which is understood to mean they serve for life **unless**:
- They are **impeached and convicted by Congress**
- They **resign**
- They **retire**

**Key details from the text:**
- Only one justice has ever been impeached: **Samuel Chase** (March 1804), but he was **acquitted by the Senate** (March 1805).
- **No justice has ever been removed** through impeachment.
- There is **no mechanism** for removing a justice who is permanently incapacitated by illness or injury but is unable or unwilling to resign.",Supreme Court of the United States,2414953926000691150,"{'short_answer': '', 'long_answer': ""According to federal statute, the Court normally consists of the Chief Justice of the United States and eight associate justices who are nominated by the President and confirmed by the Senate. Once appointed, justices have lifetime tenure unless they resign, retire, or are removed after impeachment ( though no justice has ever been removed ). In modern discourse, the justices are often categorized as having conservative, moderate, or liberal philosophies of law and of judicial interpretation. Each justice has one vote, and it is worth noting while a far greater number of cases in recent history have been decided unanimously, decisions in cases of the highest profile have come down to just one single vote, thereby exposing the justices ' ideological beliefs that track with those philosophical or political categories. The Court meets in the Supreme Court Building in Washington, D.C.""}",nq,cot
how long is a term in office for a supreme court justice,"Based on the provided context, Supreme Court justices serve **life tenure**. 

The text states: ""Once appointed, justices have lifetime tenure unless they resign, retire, or are removed after impeachment (though no justice has ever been removed)."" 

This is also confirmed in the infobox which lists ""Judge term length: Life tenure"" and in the constitutional provision that justices ""shall hold their offices during good behavior.""",Supreme Court of the United States,1455193810716383078,"{'short_answer': 'Life tenure', 'long_answer': ""Supreme Court of the United States Established March 4, 1789; 229 years ago ( 1789 - 03 - 04 ) Country United States Location Washington, D.C., U.S. Coordinates 38 ° 53 ′ 26 '' N 77 ° 00 ′ 16 '' W \ufeff / \ufeff 38.89056 ° N 77.00444 ° W \ufeff / 38.89056; - 77.00444 Coordinates: 38 ° 53 ′ 26 '' N 77 ° 00 ′ 16 '' W \ufeff / \ufeff 38.89056 ° N 77.00444 ° W \ufeff / 38.89056; - 77.00444 Composition method Presidential nomination with Senate confirmation Authorized by United States Constitution Judge term length Life tenure No. of positions 9 by statute Website SupremeCourt.gov Chief Justice of the United States Currently John Roberts Since September 29, 2005; 12 years ago ( 2005 - 09 - 29 )""}",nq,cot
who appointed the justices of the supreme court,"Based on the provided context, the current U.S. Supreme Court justices (as of the 2017 revision) were appointed by the following presidents:

**Appointed by Republican presidents (5):**
- **John Roberts** (Chief Justice) – appointed by **George W. Bush**
- **Anthony Kennedy** – appointed by **Ronald Reagan**
- **Clarence Thomas** – appointed by **George H. W. Bush**
- **Samuel Alito** – appointed by **George W. Bush**
- **Neil Gorsuch** – appointed by **Donald Trump**

**Appointed by Democratic presidents (4):**
- **Ruth Bader Ginsburg** – appointed by **Bill Clinton**
- **Stephen Breyer** – appointed by **Bill Clinton**
- **Sonia Sotomay",Supreme Court of the United States,-4093939767332236344,"{'short_answer': '', 'long_answer': ""Name Birth Appointed by Senate confirmation vote Age at appointment Current age First day / Length of service Previous positions Succeeded John Roberts ( Chief Justice ) January 27, 1955 Buffalo, New York George W. Bush 78 -- 22 50 7004232250000000000 ♠ 63 September 29, 2005 12 years, 11 months Circuit Judge, Court of Appeals for the D.C. Circuit ( 2003 -- 2005 ); Principal Deputy Solicitor General ( 1989 -- 1993 ); Associate Counsel to the President ( 1982 -- 1986 ) William Rehnquist Clarence Thomas June 23, 1948 Pin Point, Georgia George H.W. Bush 52 -- 48 43 7004256340000000000 ♠ 70 October 23, 1991 26 years, 10 months Circuit Judge, Court of Appeals for the D.C. Circuit ( 1990 -- 1991 ); Chairman, Equal Employment Opportunity Commission ( 1982 -- 1990 ); Assistant Attorney General in Missouri under State Attorney General John Danforth ( 1974 -- 1977 ) Thurgood Marshall Ruth Bader Ginsburg March 15, 1933 Brooklyn, New York Bill Clinton 96 -- 3 60 7004312130000000000 ♠ 85 August 10, 1993 25 years Circuit Judge, Court of Appeals for the D.C. Circuit ( 1980 -- 1993 ); General Counsel, American Civil Liberties Union ( 1973 -- 1980 ) Byron White Stephen Breyer August 15, 1938 San Francisco, California Bill Clinton 87 -- 9 55 7004292340000000000 ♠ 80 August 3, 1994 24 years Chief Judge, Court of Appeals for the First Circuit ( 1990 -- 1994 ); Circuit Judge, Court of Appeals for the First Circuit ( 1980 -- 1990 ) Harry Blackmun Samuel Alito April 1, 1950 Trenton, New Jersey George W. Bush 58 -- 42 55 7004249870000000000 ♠ 68 January 31, 2006 12 years, 6 months Circuit Judge, Court of Appeals for the Third Circuit ( 1990 -- 2006 ); U.S. Attorney for the District of New Jersey ( 1987 -- 1990 ); Deputy Assistant Attorney General ( 1985 -- 1987 ); Assistant to the Solicitor General ( 1981 -- 1985 ) Sandra Day O'Connor Sonia Sotomayor June 25, 1954 The Bronx, New York Barack Obama 68 -- 31 55 7004234410000000000 ♠ 64 August 8, 2009 9 years Circuit Judge, Court of Appeals for the Second Circuit ( 1998 -- 2009 ); District Judge, District Court for the Southern District of New York ( 1992 -- 1998 ) David Souter Elena Kagan April 28, 1960 Manhattan, New York Barack Obama 63 -- 37 50 7004213070000000000 ♠ 58 August 7, 2010 8 years Solicitor General of the United States ( 2009 -- 2010 ); Dean of Harvard Law School ( 2003 -- 2009 ); Associate White House Counsel ( 1995 -- 1999 ); Deputy Director of the Domestic Policy Council ( 1995 -- 1999 ) John Paul Stevens Neil Gorsuch August 29, 1967 Denver, Colorado Donald Trump 54 -- 45 49 7004186280000000000 ♠ 51 April 10, 2017 1 year, 4 months Circuit Judge, Court of Appeals for the Tenth Circuit ( 2006 -- 2017 ); Principal Deputy Associate Attorney General and Acting Associate Attorney General ( 2005 -- 2006 ) Antonin Scalia Vacant Anthony Kennedy Vacancy""}",nq,cot
what kind of jurisdiction the supreme court has,"Based on the provided context, the Supreme Court has two types of jurisdiction:

1. **Appellate jurisdiction** (primary): The Court has ""ultimate (and largely discretionary) appellate jurisdiction over all federal courts and state court cases involving issues of federal law."" This includes appeals from:
   - Federal courts of appeal (through certiorari, certiorari before judgment, and certified questions)
   - United States Court of Appeals for the Armed Forces
   - Supreme Court of Puerto Rico
   - Supreme Court of the Virgin Islands
   - District of Columbia Court of Appeals
   - Final judgments from the highest state courts

2. **Original jurisdiction** (limited): The Court has ""original jurisdiction over a small range of cases,"" specifically:
   - Disputes between two or more states
   - Disputes between the United States",Supreme Court of the United States,-2439044835977709890,"{'short_answer': '', 'long_answer': 'The Supreme Court of the United States is the highest federal court of the United States. Established pursuant to Article Three of the United States Constitution in 1789, it has ultimate ( and largely discretionary ) appellate jurisdiction over all federal courts and state court cases involving issues of federal law plus original jurisdiction over a small range of cases. In the legal system of the United States, the Supreme Court is generally the final interpreter of federal law including the United States Constitution, but it may act only within the context of a case, in which it has jurisdiction. The Court does not have power to decide political questions, and its enforcement arm is in the executive rather than judicial branch of government.'}",nq,cot
what is the term of office for the supreme court,"Based on the provided context, the term of office for Supreme Court justices is **life tenure** (also described as ""during good behavior"").

Key details from the text:
- ""Judge term length: Life tenure"" (from the infobox)
- ""Once appointed, justices have lifetime tenure unless they resign, retire, or are removed after impeachment (though no justice has ever been removed).""
- The Constitution provides that justices hold their offices ""during good behavior"" and their pay ""may not be diminished"" while they hold their position.",Supreme Court of the United States,-4145891748945967818,"{'short_answer': 'Life tenure', 'long_answer': ""Supreme Court of the United States Established March 4, 1789 ( 228 years ago ) ( 1789 - 03 - 04 ) Country United States Location Washington, D.C., United States Coordinates 38 ° 53 ′ 26 '' N 77 ° 00 ′ 16 '' W \ufeff / \ufeff 38.89056 ° N 77.00444 ° W \ufeff / 38.89056; - 77.00444 Coordinates: 38 ° 53 ′ 26 '' N 77 ° 00 ′ 16 '' W \ufeff / \ufeff 38.89056 ° N 77.00444 ° W \ufeff / 38.89056; - 77.00444 Composition method Presidential nomination with Senate confirmation Authorized by United States Constitution Judge term length Life tenure No. of positions 9, by statute Website www.supremecourt.gov Chief Justice of the United States Currently John Roberts Since September 29, 2005""}",nq,cot
who has the power to remove a supreme court justice,"Based on the provided context, the power to remove a Supreme Court justice lies with **Congress through the impeachment process**:

- The **House of Representatives** has the power to **impeach** (bring charges against) a justice
- The **Senate** has the power to **convict** and **remove** the justice from office

The text states: ""justices may serve for the remainder of their lives, unless they are **impeached and convicted by Congress**, resign, or retire."" It also notes that only one justice (Samuel Chase) has ever been impeached by the House (1804), but he was acquitted by the Senate (1805), and that ""no justice has ever been removed"" through this process.",Supreme Court of the United States,163992179042629324,"{'short_answer': 'Congress,', 'long_answer': ""The Constitution provides that justices `` shall hold their offices during good behavior '' ( unless appointed during a Senate recess ). The term `` good behavior '' is understood to mean justices may serve for the remainder of their lives, unless they are impeached and convicted by Congress, resign, or retire. Only one justice has been impeached by the House of Representatives ( Samuel Chase, March 1804 ), but he was acquitted in the Senate ( March 1805 ). Moves to impeach sitting justices have occurred more recently ( for example, William O. Douglas was the subject of hearings twice, in 1953 and again in 1970; and Abe Fortas resigned while hearings were being organized in 1969 ), but they did not reach a vote in the House. No mechanism exists for removing a justice who is permanently incapacitated by illness or injury, but unable ( or unwilling ) to resign.""}",nq,cot
what is the maximum number of supreme court justices allowed,,Supreme Court of the United States,1610567325806532817,"{'short_answer': '', 'long_answer': ""Article III of the United States Constitution does not specify the number of justices. The Judiciary Act of 1789 called for the appointment of six `` judges ''. Although an 1801 act would have reduced the size of the court to five members upon its next vacancy, an 1802 act promptly negated the 1801 act, legally restoring the court 's size to six members before any such vacancy occurred. As the nation 's boundaries grew, Congress added justices to correspond with the growing number of judicial circuits: seven in 1807, nine in 1837, and ten in 1863.""}",nq,cot
who decides the size and number of federal courts,"Based on the provided context, **Congress** decides the size and number of federal courts.

The text explicitly states: ""The Supreme Court was the only court specifically established by the Constitution while all other federal courts were created by Congress."" It also notes that the number of Supreme Court justices is set ""by statute"" (currently nine), and details how Congress has changed the Court's size multiple times through acts like the Judiciary Act of 1789, the Circuit Judges Act of 1869, and the",Supreme Court of the United States,1112304613959778600,"{'short_answer': 'Supreme Court of the United States is', 'long_answer': 'The Supreme Court of the United States is the highest federal court of the United States. Established pursuant to Article Three of the United States Constitution in 1789, it has ultimate ( and largely discretionary ) appellate jurisdiction over all federal courts and state court cases involving issues of federal law plus original jurisdiction over a small range of cases. In the legal system of the United States, the Supreme Court is generally the final interpreter of federal law including the United States Constitution, but it may act only within the context of a case, in which it has jurisdiction. The Court does not have power to decide political questions, and its enforcement arm is in the executive rather than judicial branch of government.'}",nq,cot
who appointed the current justices of the supreme court,"Based on the provided context, the current justices of the U.S. Supreme Court and their appointing presidents are:

**Appointed by Republican Presidents (5):**
1. **John Roberts** (Chief Justice) - appointed by **George W. Bush**
2. **Anthony Kennedy** - appointed by **Ronald Reagan**
3. **Clarence Thomas** - appointed by **George H.W. Bush**
4. **Samuel Alito** - appointed by **George W. Bush**
5. **Neil Gorsuch** - appointed by **Donald Trump**

**Appointed by Democratic Presidents (4):**
6. **Ruth Bader Ginsburg** - appointed by **Bill Clinton**
7. **Stephen Breyer** - appointed by **Bill Clinton**
8. **Sonia Sotomayor** - appointed by **Barack Obama**
9. **Elena K",Supreme Court of the United States,8790951508500658794,"{'short_answer': 'George W. Bush', 'long_answer': ""Name Birth Appointed by Senate confirmation vote Age at appointment Current age First day / Length of service Previous positions Succeeded John Roberts ( Chief Justice ) January 27, 1955 Buffalo, New York George W. Bush 78 -- 22 50 7004232250000000000 ♠ 63 September 29, 2005 12 years, 11 months Circuit Judge, Court of Appeals for the D.C. Circuit ( 2003 -- 2005 ); Principal Deputy Solicitor General ( 1989 -- 1993 ); Associate Counsel to the President ( 1982 -- 1986 ) William Rehnquist Clarence Thomas June 23, 1948 Pin Point, Georgia George H.W. Bush 52 -- 48 43 7004256340000000000 ♠ 70 October 23, 1991 26 years, 10 months Circuit Judge, Court of Appeals for the D.C. Circuit ( 1990 -- 1991 ); Chairman, Equal Employment Opportunity Commission ( 1982 -- 1990 ); Assistant Attorney General in Missouri under State Attorney General John Danforth ( 1974 -- 1977 ) Thurgood Marshall Ruth Bader Ginsburg March 15, 1933 Brooklyn, New York Bill Clinton 96 -- 3 60 7004312130000000000 ♠ 85 August 10, 1993 25 years Circuit Judge, Court of Appeals for the D.C. Circuit ( 1980 -- 1993 ); General Counsel, American Civil Liberties Union ( 1973 -- 1980 ) Byron White Stephen Breyer August 15, 1938 San Francisco, California Bill Clinton 87 -- 9 55 7004292340000000000 ♠ 80 August 3, 1994 24 years Chief Judge, Court of Appeals for the First Circuit ( 1990 -- 1994 ); Circuit Judge, Court of Appeals for the First Circuit ( 1980 -- 1990 ) Harry Blackmun Samuel Alito April 1, 1950 Trenton, New Jersey George W. Bush 58 -- 42 55 7004249870000000000 ♠ 68 January 31, 2006 12 years, 6 months Circuit Judge, Court of Appeals for the Third Circuit ( 1990 -- 2006 ); U.S. Attorney for the District of New Jersey ( 1987 -- 1990 ); Deputy Assistant Attorney General ( 1985 -- 1987 ); Assistant to the Solicitor General ( 1981 -- 1985 ) Sandra Day O'Connor Sonia Sotomayor June 25, 1954 The Bronx, New York Barack Obama 68 -- 31 55 7004234410000000000 ♠ 64 August 8, 2009 9 years Circuit Judge, Court of Appeals for the Second Circuit ( 1998 -- 2009 ); District Judge, District Court for the Southern District of New York ( 1992 -- 1998 ) David Souter Elena Kagan April 28, 1960 Manhattan, New York Barack Obama 63 -- 37 50 7004213070000000000 ♠ 58 August 7, 2010 8 years Solicitor General of the United States ( 2009 -- 2010 ); Dean of Harvard Law School ( 2003 -- 2009 ); Associate White House Counsel ( 1995 -- 1999 ); Deputy Director of the Domestic Policy Council ( 1995 -- 1999 ) John Paul Stevens Neil Gorsuch August 29, 1967 Denver, Colorado Donald Trump 54 -- 45 49 7004186280000000000 ♠ 51 April 10, 2017 1 year, 4 months Circuit Judge, Court of Appeals for the Tenth Circuit ( 2006 -- 2017 ); Principal Deputy Associate Attorney General and Acting Associate Attorney General ( 2005 -- 2006 ) Antonin Scalia Vacant Anthony Kennedy Vacancy""}",nq,cot
how many supreme court justices were there originally,"Based on the provided context, the original number of Supreme Court justices was **six**.

The Judiciary Act of 1789 called for the appointment of six ""judges,"" and the Court first convened on February 2, 1790, with six positions (though only five were initially filled).",Supreme Court of the United States,8207159288020095204,"{'short_answer': 'six initial', 'long_answer': ""The Court first convened on February 2, 1790, with six judges where only five of its six initial positions were filled. According to historian Fergus Bordewich, in its first session: `` ( T ) he Supreme Court convened for the first time at the Royal Exchange Building on Broad Street, a few steps from Federal Hall. Symbolically, the moment was pregnant with promise for the republic, this birth of a new national institution whose future power, admittedly, still existed only in the eyes and minds of just a few visionary Americans. Impressively bewigged and swathed in their robes of office, Chief Justice John Jay and three associate justices -- William Cushing of Massachusetts, James Wilson of Pennsylvania, and John Blair of Virginia -- sat augustly before a throng of spectators and waited for something to happen. Nothing did. They had no cases to consider. After a week of inactivity, they adjourned until September, and everyone went home. ''""}",nq,cot
where is the united states supreme court located,"The United States Supreme Court is located in Washington, D.C., United States, specifically in the Supreme Court Building. The coordinates are 38°53′26″N 77°00′16″W.",Supreme Court of the United States,-8476741213124230747,"{'short_answer': 'the Supreme Court Building in Washington, D.C.', 'long_answer': ""According to federal statute, the Court normally consists of the Chief Justice of the United States and eight associate justices who are nominated by the President and confirmed by the Senate. Once appointed, justices have lifetime tenure unless they resign, retire, or are removed after impeachment ( though no justice has ever been removed ). In modern discourse, the justices are often categorized as having conservative, moderate, or liberal philosophies of law and of judicial interpretation. Each justice has one vote, and it is worth noting while a far greater number of cases in recent history have been decided unanimously, decisions in cases of the highest profile have come down to just one single vote, thereby exposing the justices ' ideological beliefs that track with those philosophical or political categories. The Court meets in the Supreme Court Building in Washington, D.C.""}",nq,cot
the number of justices serving on the supreme court is determined by,"The number of justices serving on the Supreme Court is determined by **Congress through legislation**, not by the Constitution.

As stated in the text: ""Article III of the United States Constitution does not specify the number of justices."" The Judiciary Act of 1789 initially set the number at six, and Congress has changed the size multiple times since then (to seven in 1807, nine in 1837, ten in 1863, down to seven by attrition in 1866-1867, and back to nine",Supreme Court of the United States,-4733085843277341798,"{'short_answer': '', 'long_answer': ""Article III of the United States Constitution does not specify the number of justices. The Judiciary Act of 1789 called for the appointment of six `` judges ''. Although an 1801 act would have reduced the size of the court to five members upon its next vacancy, an 1802 act promptly negated the 1801 act, legally restoring the court 's size to six members before any such vacancy occurred. As the nation 's boundaries grew, Congress added justices to correspond with the growing number of judicial circuits: seven in 1807, nine in 1837, and ten in 1863.""}",nq,cot
when did the supreme court get nine justices,"Based on the provided context, the Supreme Court has had nine justices since **1869**, when the Circuit Judges Act returned the number to nine, where it has remained since.

The text states: ""In 1869, however, the Circuit Judges Act returned the number of justices to nine,[69] where it has since remained.""

Earlier in the timeline, the Court had nine justices briefly in 1837, but then increased to ten in 1863 before being reduced to seven by attrition (1866-1867), and then permanently set at nine in 1869.",Supreme Court of the United States,3789661245903804501,"{'short_answer': '1869,', 'long_answer': 'In 1866, at the behest of Chief Justice Chase, Congress passed an act providing that the next three justices to retire would not be replaced, which would thin the bench to seven justices by attrition. Consequently, one seat was removed in 1866 and a second in 1867. In 1869, however, the Circuit Judges Act returned the number of justices to nine, where it has since remained.'}",nq,cot
what is the term for supreme court judges,"Based on the provided context, Supreme Court justices have **life tenure** (lifetime appointment). 

The text states: ""Once appointed, justices have lifetime tenure unless they resign, retire, or are removed after impeachment (though no justice has ever been removed)."" This is also confirmed in the infobox which lists ""Judge term length: Life tenure.""",Supreme Court of the United States,-2333242006980505823,"{'short_answer': 'lifetime tenure unless', 'long_answer': ""According to federal statute, the Court normally consists of the Chief Justice of the United States and eight associate justices who are nominated by the President and confirmed by the Senate. Once appointed, justices have lifetime tenure unless they resign, retire, or are removed after impeachment ( though no justice has ever been removed ). In modern discourse, the justices are often categorized as having conservative, moderate, or liberal philosophies of law and of judicial interpretation. Each justice has one vote, and it is worth noting that while a far greater number of cases in recent history have been decided unanimously, decisions in cases of the highest profile have often come down to just one single vote, thereby exposing the justices ' ideological beliefs that track with those philosophical or political categories. The Court meets in the Supreme Court Building in Washington, D.C.""}",nq,cot
how many members does the us supreme court have,The US Supreme Court has **9 members** — one Chief Justice and eight Associate Justices. This number has been set by statute since 1869.,Supreme Court of the United States,609213267714876351,"{'short_answer': 'nine justices', 'long_answer': 'The court is currently filled with nine justices. The most recent justice to join to the court was Neil Gorsuch, who was nominated by President Donald Trump on January 31, 2017, and confirmed on April 7, 2017, by the Senate.'}",nq,cot
much of the authority of the us supreme court is based on its power to,"Based on the provided context, much of the authority of the US Supreme Court is based on its power to **declare laws unconstitutional** (exercise **judicial review**).

This power was firmly established in *Marbury v. Madison* (1803),",Supreme Court of the United States,-988869416948042968,"{'short_answer': 'ultimate ( and largely discretionary ) appellate jurisdiction over all federal courts and state court cases involving issues of federal law plus original jurisdiction over a small range of cases.', 'long_answer': 'The Supreme Court of the United States is the highest federal court of the United States. Established pursuant to Article Three of the United States Constitution in 1789, it has ultimate ( and largely discretionary ) appellate jurisdiction over all federal courts and state court cases involving issues of federal law plus original jurisdiction over a small range of cases. In the legal system of the United States, the Supreme Court is generally the final interpreter of federal law including the United States Constitution, but it may act only within the context of a case, in which it has jurisdiction. The Court does not have power to decide political questions, and its enforcement arm is in the executive rather than judicial branch of government.'}",nq,cot
what's the highest court in the us,The Supreme Court of the United States is the highest federal court in the United States.,Supreme Court of the United States,-3037250393512971235,"{'short_answer': 'The Supreme Court of the United States is', 'long_answer': 'The Supreme Court of the United States is the highest federal court of the United States. Established pursuant to Article Three of the United States Constitution in 1789, it has ultimate ( and largely discretionary ) appellate jurisdiction over all federal courts and state court cases involving issues of federal law plus original jurisdiction over a small range of cases. In the legal system of the United States, the Supreme Court is generally the final interpreter of federal law including the United States Constitution, but it may act only within the context of a case, in which it has jurisdiction. The Court does not have power to decide political questions, and its enforcement arm is in the executive rather than judicial branch of government.'}",nq,cot
how many members are there of the supreme court,"Based on the provided context, the Supreme Court currently has **nine members** (one Chief Justice and eight Associate Justices). This is confirmed by multiple references in the text:

- ""According to federal statute, the Court normally consists of the Chief Justice of the United States and eight associate justices""
- ""Number of positions: 9, by statute"" (in the infobox)
- ""The court is currently filled with nine justices""
- ""In 1869, however, the Circuit Judges Act returned the number of justices to nine, where it has since remained""
- The current justices table lists nine justices: Roberts, Kennedy, Thomas, Ginsburg, Breyer, Alito, Sotomayor, Kagan, and Gorsuch",Supreme Court of the United States,7514836964275799080,"{'short_answer': 'nine Justices', 'long_answer': 'The court is currently filled with nine Justices. The most recent justice to join to the court was Neil Gorsuch, who was nominated by President Donald Trump on January 31, 2017, and confirmed on April 7, 2017, by the U.S. Senate.'}",nq,cot
how old are the u.s. supreme court justices,"Based on the provided context (which appears to be from around April 2017), the current ages of the U.S. Supreme Court justices are:

**Current Justices (as of ~April 2017):**
- **John Roberts** (Chief Justice): 69 years old
- **Anthony Kennedy**:",Supreme Court of the United States,7781842997827267551,"{'short_answer': '', 'long_answer': ""Name Birth Appointed by Senate confirmation vote Age at appointment Current age First day / Length of service Previous positions Succeeded John Roberts ( Chief Justice ) January 27, 1955 Buffalo, New York George W. Bush 78 -- 22 50 7004232080000000000 ♠ 63 September 29, 2005 12 years, 10 months Circuit Judge, Court of Appeals for the D.C. Circuit ( 2003 -- 2005 ); Principal Deputy Solicitor General ( 1989 -- 1993 ); Associate Counsel to the President ( 1982 -- 1986 ) William Rehnquist Clarence Thomas June 23, 1948 Pin Point, Georgia George H.W. Bush 52 -- 48 43 7004256170000000000 ♠ 70 October 23, 1991 26 years, 9 months Circuit Judge, Court of Appeals for the D.C. Circuit ( 1990 -- 1991 ); Chairman, Equal Employment Opportunity Commission ( 1982 -- 1990 ); Assistant Attorney General in Missouri under State Attorney General John Danforth ( 1974 -- 1977 ) Thurgood Marshall Ruth Bader Ginsburg March 15, 1933 Brooklyn, New York Bill Clinton 96 -- 3 60 7004311960000000000 ♠ 85 August 10, 1993 25 years Circuit Judge, Court of Appeals for the D.C. Circuit ( 1980 -- 1993 ); General Counsel, American Civil Liberties Union ( 1973 -- 1980 ) Byron White Stephen Breyer August 15, 1938 San Francisco, California 87 -- 9 55 7004292170000000000 ♠ 79 August 3, 1994 24 years Chief Judge, Court of Appeals for the First Circuit ( 1990 -- 1994 ); Circuit Judge, Court of Appeals for the First Circuit ( 1980 -- 1990 ) Harry Blackmun Samuel Alito April 1, 1950 Trenton, New Jersey George W. Bush 58 -- 42 55 7004249700000000000 ♠ 68 January 31, 2006 12 years, 6 months Circuit Judge, Court of Appeals for the Third Circuit ( 1990 -- 2006 ); U.S. Attorney for the District of New Jersey ( 1987 -- 1990 ); Deputy Assistant Attorney General ( 1985 -- 1987 ); Assistant to the Solicitor General ( 1981 -- 1985 ) Sandra Day O'Connor Sonia Sotomayor June 25, 1954 The Bronx, New York Barack Obama 68 -- 31 55 7004234240000000000 ♠ 64 August 8, 2009 9 years Circuit Judge, Court of Appeals for the Second Circuit ( 1998 -- 2009 ); District Judge, District Court for the Southern District of New York ( 1992 -- 1998 ) David Souter Elena Kagan April 28, 1960 Manhattan, New York 63 -- 37 50 7004212900000000000 ♠ 58 August 7, 2010 8 years Solicitor General of the United States ( 2009 -- 2010 ); Dean of Harvard Law School ( 2003 -- 2009 ); Associate White House Counsel ( 1995 -- 1999 ); Deputy Director of the Domestic Policy Council ( 1995 -- 1999 ) John Paul Stevens Neil Gorsuch August 29, 1967 Denver, Colorado Donald Trump 54 -- 45 49 7004186110000000000 ♠ 50 April 10, 2017 1 year, 4 months Circuit Judge, Court of Appeals for the Tenth Circuit ( 2006 -- 2017 ); Principal Deputy Associate Attorney General and Acting Associate Attorney General ( 2005 -- 2006 ) Antonin Scalia Vacant Anthony Kennedy Vacancy""}",nq,cot
how many us supreme court justices are there,"Based on the provided context, there are **9 justices** on the U.S. Supreme Court (1 Chief Justice and 8 Associate Justices). This is confirmed by multiple statements in the text:

- ""According to federal statute, the Court normally consists of the Chief Justice of the United States and eight associate justices""
- ""Number of positions: 9, by statute"" (in the infobox)
- ""The court is currently filled with nine justices.""
- ""In 1869, however, the Circuit Judges Act returned the number of justices to nine, where it has since remained.""",Supreme Court of the United States,-4028808201354199914,"{'short_answer': '9,', 'long_answer': ""Supreme Court of the United States Established June 21, 1788; 229 years ago ( 1788 - 06 - 21 ) Country United States Location Washington, D.C., United States Coordinates 38 ° 53 ′ 26 '' N 77 ° 00 ′ 16 '' W \ufeff / \ufeff 38.89056 ° N 77.00444 ° W \ufeff / 38.89056; - 77.00444 Coordinates: 38 ° 53 ′ 26 '' N 77 ° 00 ′ 16 '' W \ufeff / \ufeff 38.89056 ° N 77.00444 ° W \ufeff / 38.89056; - 77.00444 Composition method Presidential nomination with Senate confirmation Authorized by United States Constitution Judge term length Life tenure No. of positions 9, by statute Website www.supremecourt.gov Chief Justice of the United States Currently John G. Roberts Since September 29, 2005""}",nq,cot
what is the length of term of office for a supreme court justice,"Based on the provided context, Supreme Court justices serve for **life tenure** (lifetime appointment).

The text states this clearly in multiple places:
- ""Once appointed, justices have **lifetime tenure** unless they resign, retire, or are removed after impeachment (though no justice has ever been removed).""
- ""The Constitution provides that justices 'shall hold their offices during good behavior' (unless appointed during a Senate recess).""
- In the infobox: ""Judge term length: Life tenure""

This means justices serve until they voluntarily resign or retire, pass away, or are removed through the impeachment process.",Supreme Court of the United States,-5069407596860940950,"{'short_answer': 'lifetime tenure unless', 'long_answer': ""According to federal statute, the Court normally consists of the Chief Justice of the United States and eight associate justices who are nominated by the President and confirmed by the Senate. Once appointed, justices have lifetime tenure unless they resign, retire, or are removed after impeachment ( though no justice has ever been removed ). In modern discourse, the justices are often categorized as having conservative, moderate, or liberal philosophies of law and of judicial interpretation. Each justice has one vote, and it is worth noting that while a far greater number of cases in recent history have been decided unanimously, decisions in cases of the highest profile have often come down to just one single vote, thereby exposing the justices ' ideological beliefs that track with those philosophical or political categories. The Court meets in the Supreme Court Building in Washington, D.C.""}",nq,cot
where do a majority of supreme court cases come from,"Based on the provided context, the vast majority of Supreme Court cases come to the Court **on appeal** (through its appellate jurisdiction). The text explicitly states:

> ""It considers cases based on its original jurisdiction very rarely; **almost all cases are brought to the Supreme Court on appeal.**""

These appeals come primarily from:
- **Federal courts of appeals** (via certiorari, certiorari before judgment, and certified questions)
- **State supreme courts** (via certiorari from ""final judgments or decrees rendered by the highest court of a State"")
- Other specialized courts (U.S. Court of Appeals for the Armed Forces, Supreme Courts of Puerto Rico and the Virgin Islands, D.C. Court of Appeals)

Original jurisdiction cases (where the Court acts as a trial court) are extremely rare and limited in practice to ""disputes between two or more states.""",Supreme Court of the United States,-8398551791510887037,"{'short_answer': 'by way of petitions for writs of certiorari,', 'long_answer': ""Nearly all cases come before the court by way of petitions for writs of certiorari, commonly referred to as `` cert ''. The Court may review any case in the federal courts of appeals `` by writ of certiorari granted upon the petition of any party to any civil or criminal case. '' Court may only review `` final judgments rendered by the highest court of a state in which a decision could be had '' if those judgments involve a question of federal statutory or constitutional law. The party that appealed to the Court is the petitioner and the non-mover is the respondent. All case names before the Court are styled petitioner v. respondent, regardless of which party initiated the lawsuit in the trial court. For example, criminal prosecutions are brought in the name of the state and against an individual, as in State of Arizona v. Ernesto Miranda. If the defendant is convicted, and his conviction then is affirmed on appeal in the state supreme court, when he petitions for cert the name of the case becomes Miranda v. Arizona.""}",nq,cot
what is the age of supreme court justices,"Based on the provided context, here are the ages of the current Supreme Court justices (as of the time this data was compiled):

## Current Justices' Ages

| Justice | Date of Birth | Age at Appointment | Current Age |
|---------|--------------|-------------------|-------------|
| **John Roberts** (Chief Justice) | January 27, 1955 | 50 | 69 |
| **Anthony Kennedy** |",Supreme Court of the United States,6861377689727785410,"{'short_answer': '62', 'long_answer': ""Name Date of birth Appointed by Senate confirmation vote Age at appointment Current age First day / Length of service Previous positions Succeeded Roberts, John John Roberts ( Chief Justice ) 000000001955 - 01 - 27 - 0000 January 27, 1955 Buffalo, New York Bush, George W. George W. Bush 78 -- 22 50 7001620000000000000 ♠ 62 000000002005 - 09 - 29 - 0000 September 29, 2005 12 years Circuit Judge, Court of Appeals for the D.C. Circuit ( 2003 -- 2005 ); Principal Deputy Solicitor General ( 1989 -- 1993 ); Associate Counsel to the President ( 1982 -- 1986 ) William Rehnquist Kennedy, Anthony Anthony Kennedy 000000001936 - 07 - 23 - 0000 July 23, 1936 Sacramento, California Reagan, Ronald Ronald Reagan 97 -- 0 51 7001810000000000000 ♠ 81 000000001988 - 02 - 18 - 0000 February 18, 1988 29 years, 8 months Circuit Judge, Court of Appeals for the Ninth Circuit ( 1975 -- 1988 ); Private practice ( 1963 -- 1975 ) Lewis Powell Thomas, Clarence Clarence Thomas 000000001948 - 06 - 23 - 0000 June 23, 1948 Pin Point, Georgia Bush, George H.W. George H.W. Bush 52 -- 48 43 7001690000000000000 ♠ 69 000000001991 - 10 - 23 - 0000 October 23, 1991 26 years Circuit Judge, Court of Appeals for the D.C. Circuit ( 1990 -- 1991 ); Chairman, Equal Employment Opportunity Commission ( 1982 -- 1990 ); Assistant Attorney General in Missouri under State Attorney General John Danforth ( 1974 -- 1977 ) Thurgood Marshall Ginsburg, Ruth Bader Ruth Bader Ginsburg 000000001933 - 03 - 15 - 0000 March 15, 1933 Brooklyn, New York Clinton, Bill Bill Clinton 96 -- 3 60 7001840000000000000 ♠ 84 000000001993 - 08 - 10 - 0000 August 10, 1993 24 years, 2 months Circuit Judge, Court of Appeals for the D.C. Circuit ( 1980 -- 1993 ); General Counsel, American Civil Liberties Union ( 1973 -- 1980 ) Byron White Breyer, Stephen Stephen Breyer 000000001938 - 08 - 15 - 0000 August 15, 1938 San Francisco, California 87 -- 9 55 7001790000000000000 ♠ 79 000000001994 - 08 - 03 - 0000 August 3, 1994 23 years, 2 months Chief Judge, Court of Appeals for the First Circuit ( 1990 -- 1994 ); Circuit Judge, Court of Appeals for the First Circuit ( 1980 -- 1990 ) Harry Blackmun Alito, Samuel Samuel Alito 000000001950 - 04 - 01 - 0000 April 1, 1950 Trenton, New Jersey George W. Bush 58 -- 42 55 7001670000000000000 ♠ 67 000000002006 - 01 - 31 - 0000 January 31, 2006 11 years, 8 months Circuit Judge, Court of Appeals for the Third Circuit ( 1990 -- 2006 ); U.S. Attorney for the District of New Jersey ( 1987 -- 1990 ); Deputy Assistant Attorney General ( 1985 -- 1987 ); Assistant to the Solicitor General ( 1981 -- 1985 ) Sandra Day O'Connor Sotomayor, Sonia Sonia Sotomayor 000000001954 - 06 - 25 - 0000 June 25, 1954 The Bronx, New York Obama, Barack Barack Obama 68 -- 31 55 7001630000000000000 ♠ 63 000000002009 - 08 - 08 - 0000 August 8, 2009 8 years, 2 months Circuit Judge, Court of Appeals for the Second Circuit ( 1998 -- 2009 ); District Judge, District Court for the Southern District of New York ( 1992 -- 1998 ) David Souter Kagan, Elena Elena Kagan 000000001960 - 04 - 28 - 0000 April 28, 1960 Manhattan, New York 63 -- 37 50 7001570000000000000 ♠ 57 000000002010 - 08 - 07 - 0000 August 7, 2010 7 years, 2 months Solicitor General of the United States ( 2009 -- 2010 ); Dean of Harvard Law School ( 2003 -- 2009 ); Associate White House Counsel ( 1995 -- 1999 ); Deputy Director of the Domestic Policy Council ( 1995 -- 1999 ); John Paul Stevens Gorsuch, Neil Neil Gorsuch 000000001967 - 08 - 29 - 0000 August 29, 1967 Denver, Colorado Trump, Donald Donald Trump 54 -- 45 49 7001500000000000000 ♠ 50 000000002017 - 04 - 10 - 0000 April 10, 2017 6 months and 15 days Circuit Judge, Court of Appeals for the Tenth Circuit ( 2006 -- 2017 ); Principal Deputy Associate Attorney General and Acting Associate Attorney General ( 2005 -- 2006 ); Antonin Scalia""}",nq,cot
there are currently how many sitting members on the us supreme court,"Based on the provided context, the U.S. Supreme Court currently has **nine** sitting members.

The text explicitly states: ""The court is currently filled with nine justices"" and ""Number of positions: 9, by statute."" It also lists all nine current justices by name (Roberts, Kennedy, Thomas, Ginsburg, Breyer, Alito, Sotomayor, Kagan, and Gorsuch) and notes that ""Following the confirmation of Neil Gorsuch in 2017, the Court consists of five justices appointed by Republican presidents and four appointed by Democratic presidents"" (5+4=9).",Supreme Court of the United States,-7706478460071646122,"{'short_answer': '9 by', 'long_answer': ""Supreme Court of the United States Established March 4, 1789; 229 years ago ( 1789 - 03 - 04 ) Country United States Location Washington, D.C., U.S. Coordinates 38 ° 53 ′ 26 '' N 77 ° 00 ′ 16 '' W \ufeff / \ufeff 38.89056 ° N 77.00444 ° W \ufeff / 38.89056; - 77.00444 Coordinates: 38 ° 53 ′ 26 '' N 77 ° 00 ′ 16 '' W \ufeff / \ufeff 38.89056 ° N 77.00444 ° W \ufeff / 38.89056; - 77.00444 Composition method Presidential nomination with Senate confirmation Authorized by United States Constitution Judge term length Life tenure No. of positions 9 by statute Website www.supremecourt.gov Chief Justice of the United States Currently John Roberts Since September 29, 2005; 12 years ago ( 2005 - 09 - 29 )""}",nq,cot
supreme court justice are appointed for a term of,"Based on the provided context, Supreme Court justices are appointed for **life tenure** (lifetime appointment).

The context states:
- ""Judge term length: Life tenure"" (in the infobox)
- ""Once appointed, justices have lifetime tenure unless they resign, retire, or are removed after impeachment (though no justice has ever been removed).""
- ""The Constitution provides that justices 'shall hold their offices during good behavior' (unless appointed during a Senate recess).""",Supreme Court of the United States,-326818077463658630,"{'short_answer': 'Life tenure', 'long_answer': ""Supreme Court of the United States Established March 4, 1789; 229 years ago ( 1789 - 03 - 04 ) Country United States Location Washington, D.C., U.S. Coordinates 38 ° 53 ′ 26 '' N 77 ° 00 ′ 16 '' W \ufeff / \ufeff 38.89056 ° N 77.00444 ° W \ufeff / 38.89056; - 77.00444 Coordinates: 38 ° 53 ′ 26 '' N 77 ° 00 ′ 16 '' W \ufeff / \ufeff 38.89056 ° N 77.00444 ° W \ufeff / 38.89056; - 77.00444 Composition method Presidential nomination with Senate confirmation Authorized by United States Constitution Judge term length Life tenure No. of positions 9 by statute Website www.supremecourt.gov Chief Justice of the United States Currently John Roberts Since September 29, 2005; 12 years ago ( 2005 - 09 - 29 )""}",nq,cot
who determines the number of justices on supreme court,"Based on the provided context, **Congress** determines the number of justices on the Supreme Court through legislation.

Key evidence from the text:
- ""Article III of the United States Constitution does not specify the number of justices.""
- ""The Judiciary Act of 1789 called for the appointment of six 'judges'.""
- Congress changed the size multiple times: to seven in 1807, nine in 1837, ten in 1863, then reduced it to seven by attrition in 1866-1867, and finally set it at nine in 1869 via the Circuit Judges Act, where it has remained since.
- President Franklin D. Roosevelt's 1937 ""court-packing plan"" to expand the Court to 15 justices ""failed in Congress,"" confirming congressional authority over the Court's size.",Supreme Court of the United States,-1814207563657500361,"{'short_answer': '', 'long_answer': ""Article III of the United States Constitution does not specify the number of justices. The Judiciary Act of 1789 called for the appointment of six `` judges ''. Although an 1801 act would have reduced the size of the court to five members upon its next vacancy, an 1802 act promptly negated the 1801 act, legally restoring the court 's size to six members before any such vacancy occurred. As the nation 's boundaries grew, Congress added justices to correspond with the growing number of judicial circuits: seven in 1807, nine in 1837, and ten in 1863.""}",nq,cot
who won the first stage of the 2018 tour de france,"Based on the provided context, **Fernando Gaviria** won the first stage of the 2018 Tour de France.

This is confirmed in the ""Classification leadership by stage"" table where Stage 1 shows the winner as ""Fernando Gaviria (COL)"", and in reference 38 which states ""Tour de France: Gaviria wins opener and takes first yellow jersey"".",2018 Tour de France,-8394929068646973254,"{'short_answer': 'Fernando Gaviria of Quick - Step Floors,', 'long_answer': ""The opening stage was won by Fernando Gaviria of Quick - Step Floors, who became the Tour 's first rider to wear the general classification leader 's yellow jersey. Peter Sagan ( Bora -- Hansgrohe ) then took the race lead the following stage. BMC Racing Team won stage three 's team time trial, putting their rider Greg Van Avermaet in yellow. He held the jersey for eight days until the second high mountain stage, where stage winner Thomas took the lead. He held it for the rest of the race to become the first Welshman to win the overall race. As a result, Team Sky -- and additionally British riders -- won six of the previous seven Tours dating back to 2012.""}",nq,cot
what is the grand prize for the tour de france,"Based on the provided context, the grand prize for the overall winner of the Tour de France (general classification) is **€500,000**.

The context states: ""The overall winner of the general classification received €500,000, with the second and third placed riders getting €200,000 and €100,000 respectively.""",2018 Tour de France,3140972739012711701,"{'short_answer': '€ 500,000,', 'long_answer': ""A total of € 2,287,750 was awarded in cash prizes in the race. The overall winner of the general classification received € 500,000, with the second and third placed riders getting € 200,000 and € 100,000 respectively. All finishers in the top 160 were awarded money. The holders of the classifications would benefit on each stage they led; the final winners of the points and mountains would be given € 25,000, while the best young rider and most combative rider would get € 20,000. The team classification winners was given € 50,000. € 11,000 was given to the winners of each stage of the race, with smaller amounts given to places 2 -- 20. There were also two special awards each with a prize of € 5000. The Souvenir Henri Desgrange, given to first rider to pass the summit of the highest climb in the Tour, the Col du Portet on stage seventeen, and the Souvenir Jacques Goddet, given to the first rider to pass Goddet 's memorial at the summit of the Col du Tourmalet in stage nineteen. Nairo Quintana won the Henri Desgrange and Julian Alaphilippe won the Jacques Goddet.""}",nq,cot
what are the dates for the tour de france 2018,"Based on the provided context, the 2018 Tour de France took place from **July 7 to July 29, 2018**.

This is evidenced by:
- Stage 1 occurring on **7 July** (Noirmoutier-en-l'Île to Fontenay-le-Comte)
- The final stage (Stage 21) results being reported on **29 July 2018** (BBC Sport article: ""Tour de France: Geraint Thomas wins as Chris Fro",2018 Tour de France,-713612749072568800,"{'short_answer': '7 -- 29 July', 'long_answer': ""2018 Tour de France 2018 UCI World Tour, race 25 of 37 Route of the 2018 Tour de France Race details Dates 7 -- 29 July Stages 21 Distance 3,351 km ( 2,082 mi ) Winning time 83h 17 ' 13 '' Results Winner Geraint Thomas ( GBR ) ( Team Sky ) Second Tom Dumoulin ( NED ) ( Team Sunweb ) Third Chris Froome ( GBR ) ( Team Sky ) Points Peter Sagan ( SVK ) ( Bora -- Hansgrohe ) Mountains Julian Alaphilippe ( FRA ) ( Quick - Step Floors ) Youth Pierre Latour ( FRA ) ( AG2R La Mondiale ) Combativity Dan Martin ( IRL ) ( UAE Team Emirates ) Team Movistar Team ← 2017 2019 →""}",nq,cot
where does the tour de france start 2018,"Based on the provided context, the 2018 Tour de France started in **Noirmoutier-en-l'Île** (on the **Passage du Gois**).

This is evidenced by:
- Reference 33: ""Tour de France 2018 to start on Passage du Gois"" from Cyclingnews.com (28 February 2017)
- The stage table showing Stage 1 on 7 July: ""Noirmoutier-en-l'Île to Fontenay-le-Comte"" (201 km, Flat stage)

The Passage du Gois is a tidal causeway connecting the island of Noirmoutier to mainland France, which served as the Grand Départ location for the 105th edition of the race.",2018 Tour de France,329176110017141587,"{'short_answer': 'Vendée department, in the region of Pays de la Loire.', 'long_answer': ""The 2018 Tour de France will be the 105th edition of the Tour de France, one of cycling 's three Grand Tours. The start of the 2018 Tour ( known as the Grand Départ ) will be in the Vendée department, in the region of Pays de la Loire. The departments in the Pays de la Loire region hosted the Tour de France 's cyclists on its very first edition back 1903. Since this time, the cities and towns of the Pays de la Loire region have welcomed the Grand Départ of the Tour de France nine times, five of which have set out from the Vendée.""}",nq,cot
where is the first stage of the tour de france,"Based on the provided context about the 2018 Tour de France, the first stage (Stage 1) took place on **7 July** and ran from **Noirmoutier-en-l'Île to Fontenay-le-Comte**, covering a distance of **201 km (125 mi)**. It was a flat stage won by **Fernando Gaviria (COL)**, who also became the first leader of the general classification (yellow jersey).",2018 Tour de France,-7126877452951153761,"{'short_answer': ""Noirmoutier - en - l'Île,"", 'long_answer': ""The 2018 Tour de France was the 105th edition of the Tour de France, one of cycling 's three Grand Tours. The 3,351 km ( 2,082 mi ) race started from Noirmoutier - en - l'Île, in the Vendée department, on 7 July and concluded with the Champs - Élysées stage in Paris, on 29 July. A total of 176 riders across 22 teams were participating in the 21 - stage race. The Tour was the shortest of the millennium and was the fifth time a tour had set out from Vendée. The race was won for the first time by Geraint Thomas of Team Sky. Tom Dumoulin ( Team Sunweb ) placed second, with Thomas ' teammate and four - time Tour champion Chris Froome coming third.""}",nq,cot
where did le tour de france start 2018,"Based on the provided context, the 2018 Tour de France had its **Grand Départ (official start)** on the",2018 Tour de France,6736627038987537998,"{'short_answer': ""Noirmoutier - en - l'Île,"", 'long_answer': ""The 2018 Tour de France was the 105th edition of the Tour de France, one of cycling 's three Grand Tours. The 3,351 km ( 2,082 mi ) race started from Noirmoutier - en - l'Île, in the Vendée department, on 7 July and concluded with the Champs - Élysées stage in Paris, on 29 July. A total of 176 riders across 22 teams were participating in the 21 - stage race. The Tour was the shortest of the millennium and was the fifth time a tour had set out from Vendée. The race was won for the first time by Geraint Thomas of Team Sky. Tom Dumoulin ( Team Sunweb ) placed second, with Thomas ' teammate and four - time Tour champion Chris Froome coming third.""}",nq,cot
where is the tour de france starting this year,"Based on the provided context (which covers the **2018 Tour de France**), the race started on **Passage du Gois**.

**Source from context:**
- Reference 33: *""Tour de France 2018 to start on Passage du Gois""* (Cyclingnews.com, 28 February 2017)
- Reference 32: *""Tour de France announces 2018 Grand Départ""* (VeloNews, 12 February 2017)

*Note: This information is specific to the 2018 edition. The starting location changes each year.*",2018 Tour de France,7061938366566979302,"{'short_answer': ""from Noirmoutier - en - l'Île, in the Vendée department,"", 'long_answer': ""The 2018 Tour de France was the 105th edition of the Tour de France, one of cycling 's three Grand Tours. The 3,351 km ( 2,082 mi ) race started from Noirmoutier - en - l'Île, in the Vendée department, on 7 July and concluded with the Champs - Élysées stage in Paris, on 29 July. A total of 176 riders across 22 teams were participating in the 21 - stage race. The Tour was the shortest of the millennium and was the fifth time a tour had set out from Vendée. The race was won for the first time by Geraint Thomas of Team Sky. Tom Dumoulin ( Team Sunweb ) placed second, with Thomas ' teammate and four - time Tour champion Chris Froome coming third.""}",nq,cot
when does the tour de france finish 2018,,2018 Tour de France,-8861936358522502442,"{'short_answer': 'on 29 July.', 'long_answer': ""The 2018 Tour de France was the 105th edition of the Tour de France, one of cycling 's three Grand Tours. The 3,351 km ( 2,082 mi ) race started from Noirmoutier - en - l'Île, in the Vendée department, on 7 July and concluded with the Champs - Élysées stage in Paris, on 29 July. A total of 176 riders across 22 teams were participating in the 21 - stage race. The Tour was the shortest of the millennium and was the fifth time a tour had set out from Vendée. The race was won for the first time by Geraint Thomas of Team Sky. Tom Dumoulin ( Team Sunweb ) placed second, with Thomas ' teammate and four - time Tour champion Chris Froome coming third.""}",nq,cot
how many riders per team in the tour de france 2018,"Based on the provided context, specifically reference 5 which states ""ur-teams-reduced-nine-eight-riders-2018-336785"" from Cycling Weekly (22 June 2017), the Tour de France 2018 had **8 riders per team",2018 Tour de France,7074262590789713570,"{'short_answer': '8,', 'long_answer': ""New rules by the cycling 's governing body, the Union Cycliste Internationale ( UCI ) reduced the number of riders per team for Grand Tours from 9 to 8, resulting in a start list total of 176, instead of the usual 198. Of these, 35 competed in their first Tour de France. The total number of riders that finished the race was 145. The riders came from 30 countries. Seven countries had more than 10 riders in the race: France ( 35 ), Belgium ( 19 ), the Netherlands ( 13 ), Italy ( 13 ), Australia ( 11 ), Germany ( 11 ) and Spain ( 11 ). The average age of riders in the race was 29.37 years, ranging from the 21 - year - old Egan Bernal ( Team Sky ) to the 40 - year - old Franco Pellizotti ( Bahrain -- Merida ). Groupama -- FDJ had the youngest average age while Bahrain -- Merida had the oldest.""}",nq,cot
when will tour de france teams be announced,,2018 Tour de France,-5514927031084251120,"{'short_answer': '6 January 2018,', 'long_answer': ""The 18 UCI WorldTeams were automatically invited to the race. On 6 January 2018, organisers of the Tour, the Amaury Sport Organisation ( ASO ), announced the four second - tier UCI Professional Continental teams that received a wildcard invitation to participate in the event. The four teams were Cofidis, Direct Énergie, Fortuneo -- Samsic, from France and Belgium 's Wanty -- Groupe Gobert, all of which have participated in the race before. This meant that new French team Vital Concept, with their team leader, sprinter Bryan Coquard, missed out on the race. Christian Prudhomme wished the team the best in their inaugural season. The presentation of the teams -- where the members of each team 's roster are introduced in front of the media and local dignitaries -- took place on Place Napoleon ( fr ) in the town of La Roche - sur - Yon on 5 July, two days before the opening stage.""}",nq,cot
who came second in tour de france 2018,,2018 Tour de France,4373755116203252946,"{'short_answer': 'Tom Dumoulin (', 'long_answer': ""2018 Tour de France 2018 UCI World Tour, race 25 of 37 Route of the 2018 Tour de France Race details Dates 7 -- 29 July Stages 21 Distance 3,351 km ( 2,082 mi ) Winning time 83h 17 ' 13 '' Results Winner Geraint Thomas ( GBR ) ( Team Sky ) Second Tom Dumoulin ( NED ) ( Team Sunweb ) Third Chris Froome ( GBR ) ( Team Sky ) Points Peter Sagan ( SVK ) ( Bora -- Hansgrohe ) Mountains Julian Alaphilippe ( FRA ) ( Quick - Step Floors ) Youth Pierre Latour ( FRA ) ( AG2R La Mondiale ) Combativity Dan Martin ( IRL ) ( UAE Team Emirates ) Team Movistar Team ← 2017 2019 →""}",nq,cot
where did le tour de france start this year,"The 2018 Tour de France started on **Noirmoutier-en-l'Île** (specifically on the **Passage du Gois** causeway), with Stage 1 running from Noirmoutier-en-l'Île to Fontenay-le-Comte on 7 July 2018.",2018 Tour de France,-7438581239387654701,"{'short_answer': ""Noirmoutier - en - l'Île, in the Vendée department,"", 'long_answer': ""The 2018 Tour de France was the 105th edition of the Tour de France, one of cycling 's three Grand Tours. The 3,351 km ( 2,082 mi ) race started from Noirmoutier - en - l'Île, in the Vendée department, on 7 July and concluded with the Champs - Élysées stage in Paris, on 29 July. A total of 176 riders across 22 teams were participating in the 21 - stage race. The Tour was the shortest of the millennium and was the fifth time a tour had set out from Vendée. The race was won for the first time by Geraint Thomas of Team Sky. Tom Dumoulin ( Team Sunweb ) placed second, with Thomas ' teammate and four - time Tour champion Chris Froome coming third.""}",nq,cot
when does the 2018 tour de france start,"The 2018 Tour de France started on **July 7, 2018**, with Stage 1 from Noirmoutier-en-l'Île to Fontenay-le-Comte (a 201 km flat stage won by Fernando Gaviria).",2018 Tour de France,708037729197446651,"{'short_answer': '7 July and', 'long_answer': ""The 2018 Tour de France was the 105th edition of the Tour de France, one of cycling 's three Grand Tours. The 3,351 km ( 2,082 mi ) race started from Noirmoutier - en - l'Île, in the Vendée department, on 7 July and concluded with the Champs - Élysées stage in Paris, on 29 July. A total of 176 riders across 22 teams were participating in the 21 - stage race. The Tour was the shortest of the millennium and was the fifth time a tour had set out from Vendée. The race was won for the first time by Geraint Thomas of Team Sky. Tom Dumoulin ( Team Sunweb ) placed second, with Thomas ' teammate and four - time Tour champion Chris Froome coming third.""}",nq,cot
what episode of black mirror was hannah john kamen in,"Based on the provided context, Hannah John-Kamen appeared in **two episodes** of *Black Mirror*:

1. **""Fifteen Million Merits""** (2011) - She played the role of **Selma**
2. **""Playtest""** (2016) - This was part of Season 3

The filmography table lists her 2011 appearance in ""Fifteen Million Merits,"" and the career summary text mentions her 2016 appearance in ""Playtest.""",Hannah John-Kamen,-6718102858366318183,"{'short_answer': ""Episode `` Fifteen Million Merits ''"", 'long_answer': ""Year Title Role Notes 2011 Misfits Carly Episode # 3.6 Black Mirror Selma Episode `` Fifteen Million Merits '' 2012 Whitechapel Roxy 2 episodes The Syndicate Young Shop Assistant Episode # 1.2 The Midnight Beast Pizza Girls Episode: `` Someone Called Sam '' The Hour Rosa Maria Ramírez 4 episodes 2014 Death in Paradise Yasmin Blake Series 3; Episode 6 Happy Valley Justine 2015 Cucumber Violet The Ark Nahlab Television film Banana Violet 2015 -- present Killjoys Dutch / Aneela Main role 2016 The Tunnel: Sabotage Rosa Persaud Game of Thrones Ornela Episodes: `` Oathbreaker '', `` Book of the Stranger '' Black Mirror Sonja Episode: `` Playtest ''""}",nq,cot
